ASIN / Brand,Input Field,Input Value,Type,Variation
B07R635LFP,brand_name,ferti-lome,variation,ferti-lome
https://www.amazon.com/dp/B07R635LFP,,,variation,fertilome
ferti-lome,,,variation,Ferti Lome
,,,variation,FertiLome
,,,variation,fertil-ome
,,,variation,fertilomee
,,,variation,ferti-lom
,,,variation,ferti-lom
,,,variation,ferti-lom
,,,variation,ferti-lomee
,,,variation,ferti-lom
,,,variation,ferti-lomee
,,,variation,ferti-lom
,,,variation,fertilomee
---,,,,
B00LZY30XY,brand_name,API,variation,API
https://www.amazon.com/dp/B00LZY30XY,,,variation,api
API,,,variation,Api
,,,variation,A.P.I.
,,,variation,A.P.I
,,,variation,APi
,,,variation,AP1
,,,variation,A-P-I
,,,variation,A P I
,,,variation,APi
,,,variation,A-P-I
,,,variation,AP1
,,,variation,A P I
---,,,,
B01C9WRGWQ,brand_name,Bonide,variation,Bonide
https://www.amazon.com/dp/B01C9WRGWQ,,,variation,bonide
Bonide,,,variation,Bonide-
,,,variation,Bonide 
,,,variation,Bonnide
,,,variation,Bonidee
,,,variation,Bonidee
,,,variation,Bonidee
,,,variation,Bonidee
,,,variation,Bonidee
---,,,,
B01JIRGRAM,brand_name,Espoma,variation,Espoma
https://www.amazon.com/dp/B01JIRGRAM,,,variation,espoma
Espoma,,,variation,Espo-ma
,,,variation,Espo ma
,,,variation,Espomae
,,,variation,Espomma
,,,variation,Espoma
,,,variation,Espomae
,,,variation,Espom
,,,variation,Espomae
,,,variation,Espomaa
---,,,,
B009HLVIY0,brand_name,Neptune's Harvest,variation,Neptune's Harvest
https://www.amazon.com/dp/B009HLVIY0,,,variation,neptune's harvest
Neptune's Harvest,,,variation,NeptunesHarvest
,,,variation,Neptunes-Harvest
,,,variation,Neptune
,,,variation,Neptunes Harvst
,,,variation,Neptunes Harvestt
,,,variation,Neptun's Harvest
,,,variation,Neptun's Harvst
,,,variation,Neptun Harvest
---,,,,
B0182U89FW,brand_name,Bonide,variation,Bonide
https://www.amazon.com/dp/B0182U89FW,,,variation,bonide
Bonide,,,variation,Bonide-
,,,variation,Bonide 
,,,variation,Bonnide
,,,variation,Bonidee
,,,variation,Bonidee
,,,variation,Bonidee
,,,variation,Bonidee
,,,variation,Bonidee
---,,,,
B009YNVGNE,brand_name,Bonide,variation,Bonide
https://www.amazon.com/dp/B009YNVGNE,,,variation,bonide
Bonide,,,variation,Bonide-
,,,variation,Bonide 
,,,variation,Bonnide
,,,variation,Bonidee
,,,variation,Bonidee
,,,variation,Boniide
,,,variation,Bonidee
,,,variation,Bonid
---,,,,
B072VTB8WK,brand_name,Neptune's Harvest,variation,Neptune's Harvest
https://www.amazon.com/dp/B072VTB8WK,,,variation,neptune's harvest
Neptune's Harvest,,,variation,NeptunesHarvest
,,,variation,Neptunes-Harvest
,,,variation,Neptune
,,,variation,Neptunes Harvst
,,,variation,Neptunes Harvest
,,,variation,Neptun's Harvest
,,,variation,Neptun's Harvast
,,,variation,Neptunes-Harvst
,,,variation,Neptun Harvest
,,,variation,Naptunes Harvest
,,,variation,Neptunes Harvst
---,,,,
B01N8R92O1,brand_name,Dr. Earth,variation,Dr. Earth
https://www.amazon.com/dp/B01N8R92O1,,,variation,dr. earth
Dr. Earth,,,variation,DrEarth
,,,variation,Dr-Earth
,,,variation,Dr Earth
,,,variation,D. Earth
,,,variation,Dr Erth
,,,variation,Dr. Erth
,,,variation,Dr. Eearth
,,,variation,Dr. Eart
,,,variation,Drr. Earth
,,,variation,Dr. Eartth
,,,variation,D. Erth
,,,variation,Dr Earthh
---,,,,
B01MRJIYVM,brand_name,Dr. Earth,variation,Dr. Earth
https://www.amazon.com/dp/B01MRJIYVM,,,variation,dr. earth
Dr. Earth,,,variation,DrEarth
,,,variation,Dr-Earth
,,,variation,Dr Earth
,,,variation,D. Earth
,,,variation,Dr Erth
,,,variation,Dr. Erth
,,,variation,Dr. Eearth
,,,variation,Drr. Earth
,,,variation,Dr. Eart
,,,variation,Dr. Eartth
,,,variation,Dr. Eart
---,,,,
B07ZZDQNPV,brand_name,Espoma,variation,Espoma
https://www.amazon.com/dp/B07ZZDQNPV,,,variation,espoma
Espoma,,,variation,Espomaa
,,,variation,Espoma-
,,,variation,Espom
,,,variation,Espomaa
,,,variation,Espomae
,,,variation,Espoma
,,,variation,Espomma
,,,variation,Espoma
,,,variation,Espomq
---,,,,
B0047BIVRM,brand_name,Dr. Earth,variation,Dr. Earth
https://www.amazon.com/dp/B0047BIVRM,,,variation,dr. earth
Dr. Earth,,,variation,DrEarth
,,,variation,Dr-Earth
,,,variation,Dr Earth
,,,variation,D. Earth
,,,variation,Dr Erth
,,,variation,Dr. Erth
,,,variation,Dr. Eearth
,,,variation,Dr. Eart
---,,,,
B000P9L74Y,brand_name,Jobe's Organics,variation,Jobe's Organics
https://www.amazon.com/dp/B000P9L74Y,,,variation,jobe's organics
Jobe's Organics,,,variation,JobesOrganics
,,,variation,Jobe-Organics
,,,variation,Jobe's
,,,variation,Jobes Orgnics
,,,variation,Jobe's Orgnics
,,,variation,Jobe's Organics
,,,variation,Jobe's Organnics
,,,variation,Jobe's Organicss
,,,variation,Jobe's Oganics
---,,,,
B0047CQ9YS,brand_name,Dr. Earth,variation,Dr. Earth
https://www.amazon.com/dp/B0047CQ9YS,,,variation,dr. earth
Dr. Earth,,,variation,DrEarth
,,,variation,Dr-Earth
,,,variation,Dr Earth
,,,variation,D. Earth
,,,variation,Dr Erth
,,,variation,Dr. Erth
,,,variation,Dr. Eearth
,,,variation,Drr. Earth
,,,variation,Dr. Eart
,,,variation,Dr. Eartth
,,,variation,Dr. Eart
---,,,,
B01N3NGFTT,brand_name,Dr. Earth,variation,Dr. Earth
https://www.amazon.com/dp/B01N3NGFTT,,,variation,dr. earth
Dr. Earth,,,variation,DrEarth
,,,variation,Dr-Earth
,,,variation,Dr Earth
,,,variation,D. Earth
,,,variation,Dr Erth
,,,variation,Dr. Erth
,,,variation,Dr. Eearth
,,,variation,Dr. Eart
,,,variation,Drr Earth
,,,variation,Dr. Eartth
,,,variation,Dr Erthh
,,,variation,D. Erth
---,,,,
B06XCHC1WB,brand_name,Jobes,variation,Jobes
https://www.amazon.com/dp/B06XCHC1WB,,,variation,jobes
Jobes,,,variation,Job
,,,variation,Jobe
,,,variation,Jobes
,,,variation,Jobe's
,,,variation,Jobes'
,,,variation,Jobez
,,,variation,Jobees
,,,variation,Jobees
,,,variation,Jobes
,,,variation,Jobe's
,,,variation,Jobee
,,,variation,Jobez
---,,,,
B01MTMKZXF,brand_name,Dr. Earth,variation,Dr. Earth
https://www.amazon.com/dp/B01MTMKZXF,,,variation,dr. earth
Dr. Earth,,,variation,DrEarth
,,,variation,Dr-Earth
,,,variation,Dr Earth
,,,variation,D. Earth
,,,variation,Dr Erth
,,,variation,Dr. Erth
,,,variation,Dr. Eearth
,,,variation,Dr. Eart
---,,,,
B01MTMKWLI,brand_name,Dr. Earth,variation,Dr. Earth
https://www.amazon.com/dp/B01MTMKWLI,,,variation,dr. earth
Dr. Earth,,,variation,DrEarth
,,,variation,Dr-Earth
,,,variation,Dr Earth
,,,variation,D. Earth
,,,variation,Dr Erth
,,,variation,Dr. Erth
,,,variation,Dr. Eearth
,,,variation,Dr. Eart
,,,variation,Drr. Earth
,,,variation,Dr. Eartth
,,,variation,D. Erth
,,,variation,Dr Earthh
---,,,,
B01MQI30LS,brand_name,Dr. Earth,variation,Dr. Earth
https://www.amazon.com/dp/B01MQI30LS,,,variation,dr. earth
Dr. Earth,,,variation,DrEarth
,,,variation,Dr-Earth
,,,variation,Dr Earth
,,,variation,D. Earth
,,,variation,Dr Erth
,,,variation,Dr. Erth
,,,variation,Dr. Eearth
,,,variation,Dr. Eart
,,,variation,Drr. Earth
,,,variation,Dr. Eartth
,,,variation,D. Erth
,,,variation,Dr Earthh
---,,,,
B00LEHQMEQ,brand_name,Easy Gardener,variation,Easy Gardener
https://www.amazon.com/dp/B00LEHQMEQ,,,variation,easy gardener
Easy Gardener,,,variation,EasyGardener
,,,variation,Easy-Gardener
,,,variation,Easy
,,,variation,Esy Gardener
,,,variation,Eazy Gardener
,,,variation,Eas Gardener
,,,variation,Easay Gardener
,,,variation,Easay Gardener
,,,variation,Eazy Gardner
,,,variation,Eas Gardener
,,,variation,Esy Gardener
---,,,,
B000P0RMX8,brand_name,Charlotte Pipe,variation,Charlotte Pipe
https://www.amazon.com/dp/B000P0RMX8,,,variation,charlotte pipe
Charlotte Pipe,,,variation,CharlottePipe
,,,variation,Charlotte-Pipe
,,,variation,Charlotte
,,,variation,Charloote Pipe
,,,variation,Charlotte Pype
,,,variation,Chalotte Pipe
,,,variation,Charrlotte Pipe
,,,variation,Charlotte Pipp
---,,,,
B00G9IFCY6,brand_name,Halex,variation,Halex
https://www.amazon.com/dp/B00G9IFCY6,,,variation,halex
Halex,,,variation,Hal-ex
,,,variation,Hale-x
,,,variation,Haleex
,,,variation,Haleqs
,,,variation,Halexx
,,,variation,Halexs
,,,variation,Halecks
,,,variation,Halecks
,,,variation,Haleqs
---,,,,
B000H5ZUOY,brand_name,Imperial,variation,Imperial
https://www.amazon.com/dp/B000H5ZUOY,,,variation,imperial
Imperial,,,variation,Imperial-
,,,variation,Imperial 
,,,variation,Impeiral
,,,variation,Imperail
,,,variation,Imperal
,,,variation,Imprial
,,,variation,Imperial1
,,,variation,Imperial_
---,,,,
B0DXKQH636,brand_name,GDDGHS,variation,GDDGHS
https://www.amazon.com/dp/B0DXKQH636,,,variation,gddghs
GDDGHS,,,variation,Gddghs
,,,variation,GDD-GHS
,,,variation,GDD GHS
,,,variation,GDDGHSs
,,,variation,GDDGH
,,,variation,GDDGHSY
,,,variation,GDDGHSX
,,,variation,GDDGHSZ
---,,,,
B000BQKA5S,brand_name,Fernco,variation,Fernco
https://www.amazon.com/dp/B000BQKA5S,,,variation,fernco
Fernco,,,variation,Fern-Co
,,,variation,Fern co
,,,variation,Frenco
,,,variation,Farnco
,,,variation,Frenkco
,,,variation,Fermco
,,,variation,Frenko
,,,variation,Fercno
---,,,,
B000KU8HVE,brand_name,Charlotte Pipe,variation,Charlotte Pipe
https://www.amazon.com/dp/B000KU8HVE,,,variation,charlotte pipe
Charlotte Pipe,,,variation,CharlottePipe
,,,variation,Charlotte-Pipe
,,,variation,Charlotte
,,,variation,Chalotte Pipe
,,,variation,Charloote Pipe
,,,variation,Charlotte Pype
,,,variation,Chalotte Pype
,,,variation,Charlette Pipe
,,,variation,Charloote Pype
---,,,,
B003N534X4,brand_name,Amerimax Home Products,variation,Amerimax Home Products
https://www.amazon.com/dp/B003N534X4,,,variation,amerimax home products
Amerimax Home Products,,,variation,AmerimaxHomeProducts
,,,variation,Amerimax-Home-Products
,,,variation,Amerimax
,,,variation,Amrimax Home Products
,,,variation,Amerimax Hme Products
,,,variation,Amerimx Home Products
,,,variation,Amerimax Home Prodcts
,,,variation,Amerimax Home Prducts
,,,variation,Amemimax Home Products
,,,variation,Amerimx Hme Prducts
,,,variation,Amerimax Home Produts
---,,,,
B000BQRFGK,brand_name,Fernco,variation,Fernco
https://www.amazon.com/dp/B000BQRFGK,,,variation,fernco
Fernco,,,variation,Fern-Co
,,,variation,Fern co
,,,variation,Frenco
,,,variation,Fermco
,,,variation,Frenkco
,,,variation,Frenko
,,,variation,Fermcoo
,,,variation,Frenk
---,,,,
B000LNQQTK,brand_name,Selkirk,variation,Selkirk
https://www.amazon.com/dp/B000LNQQTK,,,variation,selkirk
Selkirk,,,variation,Sel-kirk
,,,variation,Selkirk-
,,,variation,Selkirk 
,,,variation,Selkrik
,,,variation,Selkirkx
,,,variation,Seldirk
,,,variation,Selkirk
,,,variation,Selkirk
,,,variation,Selkirk
,,,variation,Selkirk
---,,,,
B000A26WZ0,brand_name,Raindrip,variation,Raindrip
https://www.amazon.com/dp/B000A26WZ0,,,variation,raindrip
Raindrip,,,variation,RainDrip
,,,variation,Rain-drip
,,,variation,Raindrip
,,,variation,Raindripz
,,,variation,Raindrip
,,,variation,Raindrip
,,,variation,Raindrip
,,,variation,Raindrip
---,,,,
B00004WKXP,brand_name,Thomas & Betts,variation,Thomas & Betts
https://www.amazon.com/dp/B00004WKXP,,,variation,thomas & betts
Thomas & Betts,,,variation,Thomas&Betts
,,,variation,Thomas-Betts
,,,variation,ThomasBetts
,,,variation,Thomas
,,,variation,Thomass & Betts
,,,variation,Thomaz & Betts
,,,variation,Thomad & Betts
,,,variation,Thomaz & Betts
,,,variation,Thomass & Betts
---,,,,
B000UK0YQK,brand_name,Nelson,variation,Nelson
https://www.amazon.com/dp/B000UK0YQK,,,variation,nelson
Nelson,,,variation,Nelso
,,,variation,Nelsn
,,,variation,Nelsom
,,,variation,Nelsonn
,,,variation,Nelsn
,,,variation,Nelsn
,,,variation,Nelsn
,,,variation,Nelsn
---,,,,
B000XR1YM8,brand_name,Charlotte Pipe,variation,Charlotte Pipe
https://www.amazon.com/dp/B000XR1YM8,,,variation,charlotte pipe
Charlotte Pipe,,,variation,CharlottePipe
,,,variation,Charlotte-Pipe
,,,variation,Charlotte
,,,variation,Chalotte Pipe
,,,variation,Charloote Pipe
,,,variation,Charlotte Pype
,,,variation,Chalotte Pype
,,,variation,Charlette Pipe
,,,variation,Charloote Pype
---,,,,
B00EVAYGVE,brand_name,JT Manufactoring,variation,JT Manufactoring
https://www.amazon.com/dp/B00EVAYGVE,,,variation,jt manufactoring
JT Manufactoring,,,variation,JTManufactoring
,,,variation,JT-Manufactoring
,,,variation,JT
,,,variation,JT Manufacuring
,,,variation,JT Manufcturing
,,,variation,JT Manufaturing
,,,variation,JT Manufacutring
,,,variation,JT Manufacuring
,,,variation,JT Manufcturng
---,,,,
B0015AUW2U,brand_name,Nelson,variation,Nelson
https://www.amazon.com/dp/B0015AUW2U,,,variation,nelson
Nelson,,,variation,Nelso
,,,variation,Nelsn
,,,variation,Nelsom
,,,variation,Nelsin
,,,variation,Nelsonn
,,,variation,Nelson-
,,,variation,Nelsn
,,,variation,Nelsn
,,,variation,Nelsn
---,,,,
B000BQSX5W,brand_name,Selkirk Sport,variation,Selkirk Sport
https://www.amazon.com/dp/B000BQSX5W,,,variation,selkirk sport
Selkirk Sport,,,variation,SelkirkSport
,,,variation,Selkirk-Sport
,,,variation,Selkirk
,,,variation,Selkirk Spprt
,,,variation,Selkirk Spprt
,,,variation,Selkirk Sprot
,,,variation,Selkrik Sport
,,,variation,Selkirk Spprt
,,,variation,Selkirk Sportt
---,,,,
B01HZWFWPS,brand_name,Charlotte Pipe,variation,Charlotte Pipe
https://www.amazon.com/dp/B01HZWFWPS,,,variation,charlotte pipe
Charlotte Pipe,,,variation,CharlottePipe
,,,variation,Charlotte-Pipe
,,,variation,Charlotte
,,,variation,Chalotte Pipe
,,,variation,Charloote Pipe
,,,variation,Charlotte Pype
,,,variation,Sharlotte Pipe
,,,variation,Charlote Pipe
---,,,,
B00077PW7M,brand_name,Fernco,variation,Fernco
https://www.amazon.com/dp/B00077PW7M,,,variation,fernco
Fernco,,,variation,Fern-Co
,,,variation,Frenco
,,,variation,Fermco
,,,variation,Frenkco
,,,variation,Ferno
,,,variation,Frenko
,,,variation,Fermco
,,,variation,Frenk
---,,,,
B0F7F5FB51,brand_name,YGHSZ,variation,YGHSZ
https://www.amazon.com/dp/B0F7F5FB51,,,variation,yghsz
YGHSZ,,,variation,YGH-SZ
,,,variation,YGH SZ
,,,variation,YGHZ
,,,variation,YGHSSZ
,,,variation,YGHZ
,,,variation,YGHsZ
,,,variation,YGHZz
,,,variation,YGHsZz
---,,,,
B000H5ROFM,brand_name,Charlotte Pipe,variation,Charlotte Pipe
https://www.amazon.com/dp/B000H5ROFM,,,variation,charlotte pipe
Charlotte Pipe,,,variation,CharlottePipe
,,,variation,Charlotte-Pipe
,,,variation,Charlotte
,,,variation,Charloote Pipe
,,,variation,Charlotte Pype
,,,variation,Chalotte Pipe
,,,variation,Charrlotte Pipe
,,,variation,Charlo Pipe
,,,variation,Chalotte Pype
,,,variation,Charlette Pipe
,,,variation,Charloote Pype
---,,,,
B0CV4SR64L,brand_name,Forcecar,variation,Forcecar
https://www.amazon.com/dp/B0CV4SR64L,,,variation,forcecar
Forcecar,,,variation,Force Car
,,,variation,force car
,,,variation,Forcar
,,,variation,Forsecar
,,,variation,Focecar
,,,variation,Forcecarr
,,,variation,Frocecar
,,,variation,Forcacar
---,,,,
B0CJY5NMCS,brand_name,biosp,variation,biosp
https://www.amazon.com/dp/B0CJY5NMCS,,,variation,biosP
biosp,,,variation,Biosp
,,,variation,biops
,,,variation,biopsi
,,,variation,biosp-
,,,variation,biops-
,,,variation,bips
,,,variation,biosp 
,,,variation,biopsq
,,,variation,biopsw
,,,variation,bioso
,,,variation,biopsd
---,,,,
B0CBRMC1RG,brand_name,Jenified,variation,Jenified
https://www.amazon.com/dp/B0CBRMC1RG,,,variation,jenified
Jenified,,,variation,JeniFied
,,,variation,Jeni-fied
,,,variation,Jeni fied
,,,variation,Jeni
,,,variation,Jenifed
,,,variation,Jenifiedd
,,,variation,Jenifid
,,,variation,Jeniifed
,,,variation,JeniFid
,,,variation,JeniFiedd
,,,variation,Jeni-fid
---,,,,
B0CH9T5K39,brand_name,DIYTUNINGS,variation,DIYTUNINGS
https://www.amazon.com/dp/B0CH9T5K39,,,variation,diytunings
DIYTUNINGS,,,variation,DIYTunings
,,,variation,DIY-TUNINGS
,,,variation,DIYTUNING
,,,variation,DIYTUNINGs
,,,variation,DIYTUNNGS
,,,variation,DIYTUNNINGS
,,,variation,DIYTUNNIGS
,,,variation,DIYTUNING
---,,,,
B0C9ZF8BZV,brand_name,Yeeoy,variation,Yeeoy
https://www.amazon.com/dp/B0C9ZF8BZV,,,variation,yeeoy
Yeeoy,,,variation,Yee-Oy
,,,variation,Yeeoyy
,,,variation,Yeeoy
,,,variation,Yeeoyy
,,,variation,Yeeoy
,,,variation,Yeeoy
,,,variation,Yeeoy
,,,variation,Yeeoy
---,,,,
B0CFXYMRNS,brand_name,DIYTUNINGS,variation,DIYTUNINGS
https://www.amazon.com/dp/B0CFXYMRNS,,,variation,diytunings
DIYTUNINGS,,,variation,DIYTunings
,,,variation,DIY-TUNINGS
,,,variation,DIYTUNING
,,,variation,DIYTUNINGs
,,,variation,DIYTUNNINGS
,,,variation,DIYTUNNIGS
,,,variation,DIYTUNNIG
,,,variation,DIYTUNNINg
,,,variation,DIYTUNNINGS
---,,,,
B002YONAFC,brand_name,Good Vibrations,variation,Good Vibrations
https://www.amazon.com/dp/B002YONAFC,,,variation,good vibrations
Good Vibrations,,,variation,GoodVibrations
,,,variation,Good-Vibrations
,,,variation,Good
,,,variation,Godd Vibrations
,,,variation,Good Vibratons
,,,variation,Goo Vibrations
,,,variation,Good Vabrations
,,,variation,Godd Vibraions
,,,variation,GooD Vibrations
,,,variation,GooD Vabrations
,,,variation,GooD Vibraions
---,,,,
B00AT9Y210,brand_name,Quali-Tech,variation,Quali-Tech
https://www.amazon.com/dp/B00AT9Y210,,,variation,quali-tech
Quali-Tech,,,variation,QualiTech
,,,variation,Quali Tech
,,,variation,QualiTech
,,,variation,QualiTch
,,,variation,Quali-Tec
,,,variation,Quali-Tek
,,,variation,Quali-Tech
,,,variation,Quali-Tec
,,,variation,QualiTch
,,,variation,Quli-Tech
,,,variation,Quali-Teck
,,,variation,Quali-Tec
---,,,,
B0DQ7Y225R,brand_name,Reykilor,variation,Reykilor
https://www.amazon.com/dp/B0DQ7Y225R,,,variation,reykilor
Reykilor,,,variation,Reykilorr
,,,variation,Rey-kilor
,,,variation,Rey Kilor
,,,variation,Reyki-lor
,,,variation,Reykilr
,,,variation,Reykiloe
,,,variation,Reykilorr
,,,variation,Reykiloor
---,,,,
B0001O0B6S,brand_name,Luster Leaf,variation,Luster Leaf
https://www.amazon.com/dp/B0001O0B6S,,,variation,luster leaf
Luster Leaf,,,variation,LusterLeaf
,,,variation,Luster-Leaf
,,,variation,Luster
,,,variation,Luster Leef
,,,variation,Luster Leef
,,,variation,Lustar Leaf
,,,variation,Luster Laef
,,,variation,Luster Leef
,,,variation,Luster Lafe
,,,variation,Luster Lfef
,,,variation,Luster Lf
---,,,,
B00D8N4DVI,brand_name,Plantation Prod.,variation,Plantation Prod
https://www.amazon.com/dp/B00D8N4DVI,,,variation,plantation prod
Plantation Prod.,,,variation,PlantationProd
,,,variation,Plantation-Prod
,,,variation,Plantation
,,,variation,Plantation Pro
,,,variation,Plantation Pord
,,,variation,Plantatoin Prod
,,,variation,Plantaion Prod
,,,variation,Plantaion Prod.
---,,,,
B01MEGANMY,brand_name,Mountain Valley Seed Company,variation,Mountain Valley Seed Company
https://www.amazon.com/dp/B01MEGANMY,,,variation,mountain valley seed company
Mountain Valley Seed Company,,,variation,MountainValleySeedCompany
,,,variation,Mountain-Valley-Seed-Company
,,,variation,Mountain
,,,variation,Moutain Valley Seed Company
,,,variation,Moutain Valley Seed Comapny
,,,variation,Moutain Vally Seed Company
,,,variation,Mounatin Valley Seed Company
,,,variation,Mountain Valley Seed Comapny
---,,,,
B000NCYTK2,brand_name,Dalen,variation,Dalen
https://www.amazon.com/dp/B000NCYTK2,,,variation,dalen
Dalen,,,variation,Dalen-
,,,variation,Dalen 
,,,variation,Dailen
,,,variation,Dalenq
,,,variation,Dalenm
,,,variation,Dalenx
,,,variation,Dalenr
,,,variation,Dalenw
---,,,,
B07PDVSL9N,brand_name,SUPERLELE,variation,SUPERLELE
https://www.amazon.com/dp/B07PDVSL9N,,,variation,superlele
SUPERLELE,,,variation,Superle-le
,,,variation,Super Lele
,,,variation,Suprlelle
,,,variation,SUPRLELE
,,,variation,SUPLELE
,,,variation,Superlle
,,,variation,Superllee
,,,variation,Superlelle
---,,,,
B00B061GNS,brand_name,Pyrex,variation,Pyrex
https://www.amazon.com/dp/B00B061GNS,,,variation,pyrex
Pyrex,,,variation,Py-rex
,,,variation,Pyr-ex
,,,variation,Pyrx
,,,variation,Pyrexz
,,,variation,Pyre
,,,variation,Pyrx
,,,variation,Pyrrex
,,,variation,Pyrxex
---,,,,
B0DVLWQ8J4,brand_name,United Scientific,variation,United Scientific
https://www.amazon.com/dp/B0DVLWQ8J4,,,variation,united scientific
United Scientific,,,variation,UnitedScientific
,,,variation,United-Scientific
,,,variation,United
,,,variation,Unied Scientific
,,,variation,Unite Scientific
,,,variation,Unite Scienfitic
,,,variation,Unied Scienfitic
,,,variation,Unite Scienctific
---,,,,
B0F88DQCQJ,brand_name,VCYJBPUV,variation,VCYJBPUV
https://www.amazon.com/dp/B0F88DQCQJ,,,variation,vcyjbpuv
VCYJBPUV,,,variation,VCY-JBPUV
,,,variation,V-CYJBPUV
,,,variation,VCYJBPU
,,,variation,VCYJBPV
,,,variation,VCYJBUV
,,,variation,VCYJBPUV
,,,variation,VCYJBP
,,,variation,VCYJBU
---,,,,
B0F9147SK2,brand_name,IBEAQCTCZ,variation,IBEAQCTCZ
https://www.amazon.com/dp/B0F9147SK2,,,variation,ibeaqctcz
IBEAQCTCZ,,,variation,Ibeaqctcz
,,,variation,IBEAQCTC
,,,variation,IBEAQCTCZ
,,,variation,IBEACQTZ
,,,variation,IBEACCTCZ
,,,variation,IBEQCTCZ
,,,variation,IBEAQCTCZZ
,,,variation,IBEACCTC
,,,variation,IBEAQCTCZZZ
,,,variation,IBEAQCTCZZZ
,,,variation,IBEAQCTCZZZ
---,,,,
B07JX9N3K4,brand_name,GSC International,variation,GSC International
https://www.amazon.com/dp/B07JX9N3K4,,,variation,gsc international
GSC International,,,variation,GSCInternational
,,,variation,GSC-International
,,,variation,GSC
,,,variation,GSC Internationl
,,,variation,GSC Interntional
,,,variation,GSC Intenational
,,,variation,GSC Inernational
,,,variation,GSC Internatinal
,,,variation,GSC Internatinal
---,,,,
B0F88B3J16,brand_name,PORRZAJD,variation,PORRZAJD
https://www.amazon.com/dp/B0F88B3J16,,,variation,porrzajd
PORRZAJD,,,variation,Porrzajd
,,,variation,Porr-Zajd
,,,variation,Porrzaj
,,,variation,Porrzajdd
,,,variation,PORRZAID
,,,variation,PORRZAD
,,,variation,PORRZJAD
,,,variation,Porrzajdd
---,,,,
B001CLQ2SK,brand_name,Fisher Scientific,variation,Fisher Scientific
https://www.amazon.com/dp/B001CLQ2SK,,,variation,fisher scientific
Fisher Scientific,,,variation,FisherScientific
,,,variation,Fisher-Scientific
,,,variation,Fisher
,,,variation,Fisher Scienfitic
,,,variation,Fisher Scienctific
,,,variation,Fisher Sciencific
,,,variation,Fisher Sciencetic
,,,variation,Fisher Scienfitc
,,,variation,Fisher Sciencifc
---,,,,
B0F916YTVV,brand_name,TJHDEPSDP,variation,TJHDEPSDP
https://www.amazon.com/dp/B0F916YTVV,,,variation,tjhdepsdp
TJHDEPSDP,,,variation,Tjhdepsdp
,,,variation,TJHDEPSDPs
,,,variation,TJHDEPSD
,,,variation,TJHDEPSDPD
,,,variation,TJDHEPSDP
,,,variation,TJHDEPSDPQ
,,,variation,T-J-H-D-E-P-S-D-P
,,,variation,TJDHEPSD
---,,,,
