ASIN / Brand,Input Field,Input Value,Type,Variation
B0BQPGJ9LQ,brand_name,JBL,variation,JBL
https://www.amazon.com/dp/B0BQPGJ9LQ,,,variation,jbl
JBL,,,variation,Jbl
,,,variation,JLB
,,,variation,JBK
,,,variation,JNL
,,,variation,J.B.L.
,,,variation,J B L
,,,variation,JBLl
,,,variation,JBLk
---,,,,
B0BZYCJK89,brand_name,Owala,variation,Owala
https://www.amazon.com/dp/B0BZYCJK89,,,variation,owala
Owala,,,variation,Owalla
,,,variation,Ohwala
,,,variation,Owalq
,,,variation,Owals
,,,variation,Owalaa
,,,variation,Owalao
,,,variation,O-wala
,,,variation,Owaala
---,,,,
B0CJ4WZXQF,brand_name,Cisily,variation,Cisily
https://www.amazon.com/dp/B0CJ4WZXQF,,,variation,cisily
Cisily,,,variation,Cisly
,,,variation,Cicily
,,,variation,Cisili
,,,variation,Cisoley
,,,variation,Cisilu
,,,variation,Cisali
,,,variation,Cisilyy
,,,variation,Cisilyi
---,,,,
B0D6YNWLTS,brand_name,Pioneer Camp,variation,Pioneer Camp
https://www.amazon.com/dp/B0D6YNWLTS,,,variation,pioneer camp
Pioneer Camp,,,variation,PioneerCamp
,,,variation,Pioneer-Camp
,,,variation,Pioneer
,,,variation,Pineer Camp
,,,variation,Pionner Camp
,,,variation,Pioneer Camo
,,,variation,Pioneer Kam
,,,variation,Pioner Camp
---,,,,
B0DSHWLXG6,brand_name,Jikasho,variation,Jikasho
https://www.amazon.com/dp/B0DSHWLXG6,,,variation,jikasho
Jikasho,,,variation,Jikasho
,,,variation,Jikasho
,,,variation,Jikasho
,,,variation,Jikasho
,,,variation,Jikasho
,,,variation,Jikasho
,,,variation,Jikasho
,,,variation,Jikasho
---,,,,
B0F42MT8JX,brand_name,Antarctic Star,variation,Antarctic Star
https://www.amazon.com/dp/B0F42MT8JX,,,variation,antarctic star
Antarctic Star,,,variation,AntarcticStar
,,,variation,Antarctic-Star
,,,variation,Antarctic
,,,variation,Antartic Star
,,,variation,Antarcic Star
,,,variation,Antarctik Star
,,,variation,Antrctic Star
,,,variation,Antarctic Starr
---,,,,
B000H3I2JG,brand_name,REVLON,variation,REVLON
https://www.amazon.com/dp/B000H3I2JG,,,variation,revlon
REVLON,,,variation,Revlon
,,,variation,Revlonn
,,,variation,Revlan
,,,variation,Revlonn
,,,variation,Devlon
,,,variation,Revkon
,,,variation,Reblon
,,,variation,Revlin
---,,,,
B08J8GZXKZ,brand_name,KitchenAid,variation,KitchenAid
https://www.amazon.com/dp/B08J8GZXKZ,,,variation,kitchenaid
KitchenAid,,,variation,Kitchen Aid
,,,variation,KitchanAid
,,,variation,KithenAid
,,,variation,Kitchen-Aid
,,,variation,KitchenAide
,,,variation,KichenAid
,,,variation,KitchinAid
,,,variation,Kitchen Ade
---,,,,
B09LCKZBTW,brand_name,WEBACOO,variation,WEBACOO
https://www.amazon.com/dp/B09LCKZBTW,,,variation,webacoo
WEBACOO,,,variation,Webacoo
,,,variation,WEBACO
,,,variation,WEBACOOO
,,,variation,WEBSCOO
,,,variation,WEBAQOO
,,,variation,WEBACOI
,,,variation,WEBACOO 
,,,variation,WEBACCO
---,,,,
B077YYP739,brand_name,Transformers,variation,Transformers
https://www.amazon.com/dp/B077YYP739,,,variation,transformers
Transformers,,,variation,Transformerz
,,,variation,Transfomers
,,,variation,Transforners
,,,variation,Transformrs
,,,variation,Transfomerz
,,,variation,Transformars
,,,variation,Transfomrers
,,,variation,Transfomerss
---,,,,
B0CVQJY9C6,brand_name,Rx Crush,variation,Rx Crush
https://www.amazon.com/dp/B0CVQJY9C6,,,variation,rx crush
Rx Crush,,,variation,RxCrush
,,,variation,Rx-Crush
,,,variation,Rx
,,,variation,Rx Crtush
,,,variation,Rx Croush
,,,variation,Rx Crish
,,,variation,Rx Cursh
,,,variation,Rw Crush
---,,,,
B0875RKTQF,brand_name,iOttie,variation,iOttie
https://www.amazon.com/dp/B0875RKTQF,,,variation,iottie
iOttie,,,variation,IOttie
,,,variation,iOttie 
,,,variation,oOttie
,,,variation,iOttiea
,,,variation,iOttieo
,,,variation,iOtie
,,,variation,iOttiee
,,,variation,iOttiey
---,,,,
B0D1XD1ZV3,brand_name,Apple,variation,Apple
https://www.amazon.com/dp/B0D1XD1ZV3,,,variation,apple
Apple,,,variation,Appple
,,,variation,Aple
,,,variation,Applee
,,,variation,Appel
,,,variation,Aqple
,,,variation,Appke
,,,variation,Appl
---,,,,
B07XYRS34W,brand_name,THERMOS,variation,THERMOS
https://www.amazon.com/dp/B07XYRS34W,,,variation,thermos
THERMOS,,,variation,Thermoss
,,,variation,Thermosz
,,,variation,Thermo
,,,variation,Thrmos
,,,variation,Thermus
,,,variation,Thermous
,,,variation,Thermosss
,,,variation,Therms
---,,,,
B01N06UEH4,brand_name,OXO,variation,OXO
https://www.amazon.com/dp/B01N06UEH4,,,variation,oxo
OXO,,,variation,OXXO
,,,variation,OX
,,,variation,OZ
,,,variation,OXl
,,,variation,OXO 
,,,variation,OX0
,,,variation,OXIO
---,,,,
B0DRDVV2GY,brand_name,The North Face,variation,The North Face
https://www.amazon.com/dp/B0DRDVV2GY,,,variation,the north face
The North Face,,,variation,TheNorthFace
,,,variation,The-North-Face
,,,variation,North Face
,,,variation,The Noth Face
,,,variation,The North Fave
,,,variation,The North Fase
,,,variation,The Nort Face
,,,variation,Teh North Face
---,,,,
B07JBJWP2W,brand_name,Frigidaire,variation,Frigidaire
https://www.amazon.com/dp/B07JBJWP2W,,,variation,frigidaire
Frigidaire,,,variation,Frigidair
,,,variation,Frigidare
,,,variation,Frigadaire
,,,variation,Frigidairre
,,,variation,Frigidair e
,,,variation,Frigidairre
---,,,,
B00021VQJG,brand_name,Clinique,variation,Clinique
https://www.amazon.com/dp/B00021VQJG,,,variation,clinique
Clinique,,,variation,Cliniqu
,,,variation,Cliniqe
,,,variation,Clinnique
,,,variation,Clinigue
,,,variation,Cliniq
,,,variation,Clinik
,,,variation,Clinnik
,,,variation,Clinniquee
---,,,,
B07C1JJQKH,brand_name,Big Red House,variation,Big Red House
https://www.amazon.com/dp/B07C1JJQKH,,,variation,big red house
Big Red House,,,variation,BigRedHouse
,,,variation,Big-Red-House
,,,variation,Big
,,,variation,Big Ged House
,,,variation,Big Ted House
,,,variation,Big Redd House
,,,variation,Big Red Gouse
,,,variation,Big Red Hosue
---,,,,
B0BLR15STT,brand_name,Lenox,variation,Lenox
https://www.amazon.com/dp/B0BLR15STT,,,variation,lenox
Lenox,,,variation,Lenok
,,,variation,Lenos
,,,variation,Lenoz
,,,variation,Kenox
,,,variation,Lenex
,,,variation,Lennox
,,,variation,Linox
,,,variation,Lenmox
---,,,,
B0D4XRVG7H,brand_name,McFarlane Toys,variation,McFarlane Toys
https://www.amazon.com/dp/B0D4XRVG7H,,,variation,mcfarlane toys
McFarlane Toys,,,variation,McFarlaneToys
,,,variation,Mcfarlane Toys
,,,variation,McFarlne Toys
,,,variation,McFarlane Tooys
,,,variation,McFarlane
,,,variation,McFarlaine Toys
,,,variation,McFarlane Toyz
,,,variation,McFarlane Tyoys
---,,,,
B0DMSW3V8B,brand_name,Vesco Medical,variation,Vesco Medical
https://www.amazon.com/dp/B0DMSW3V8B,,,variation,vesco medical
Vesco Medical,,,variation,VescoMedical
,,,variation,Vesco-Medical
,,,variation,Vesco
,,,variation,Besco Medical
,,,variation,Vesko Medical
,,,variation,Vesco Medial
,,,variation,Vesco Medicl
,,,variation,Vesco Medikal
---,,,,
B0DF891X52,brand_name,MYHELP,variation,MYHELP
https://www.amazon.com/dp/B0DF891X52,,,variation,myhelp
MYHELP,,,variation,Myhelp
,,,variation,MY HELPP
,,,variation,MYJELP
,,,variation,MY HEKP
,,,variation,MYHELF
,,,variation,MIHELP
,,,variation,MY HEL
,,,variation,MYHLP
---,,,,
B0D1BBXCST,brand_name,Binmotor,variation,Binmotor
https://www.amazon.com/dp/B0D1BBXCST,,,variation,binmotor
Binmotor,,,variation,Binmotr
,,,variation,Binmotar
,,,variation,Binmoter
,,,variation,Binmoter
,,,variation,Binmottor
,,,variation,Bimmotor
,,,variation,Bin Moter
,,,variation,Binmtr
---,,,,
B0FS1JP2WV,brand_name,VAHOIALD,variation,VAHOIALD
https://www.amazon.com/dp/B0FS1JP2WV,,,variation,vahoiald
VAHOIALD,,,variation,VAHOIAL
,,,variation,VAHOIQLD
,,,variation,VAHOISLD
,,,variation,VAHOIALD
,,,variation,VAHOILD
,,,variation,VAHOIAD
,,,variation,VAHOILD
,,,variation,VAHOI OLD
---,,,,
B0D83SD1ZP,brand_name,SnailBread,variation,SnailBread
https://www.amazon.com/dp/B0D83SD1ZP,,,variation,snailbread
SnailBread,,,variation,Snail Bread
,,,variation,SnaleBread
,,,variation,SnailBred
,,,variation,SnialBread
,,,variation,Snailbred
,,,variation,SnaillBread
,,,variation,Snale Bred
,,,variation,Snail Braed
---,,,,
B0BYNPFQQ9,brand_name,LCWRGS,variation,LCWRGS
https://www.amazon.com/dp/B0BYNPFQQ9,,,variation,lcwrgs
LCWRGS,,,variation,LCWRS
,,,variation,LCWGES
,,,variation,LCWRFS
,,,variation,LCERGS
,,,variation,LCW RGS
,,,variation,LKWRGS
,,,variation,LCWQGS
,,,variation,LCWGRS
---,,,,
B0F4XFLDBP,brand_name,MiiKARE,variation,MiiKARE
https://www.amazon.com/dp/B0F4XFLDBP,,,variation,miikare
MiiKARE,,,variation,Miikare
,,,variation,Miiare
,,,variation,Miiakre
,,,variation,MiiKaree
,,,variation,Mii Kare
,,,variation,Mikare
,,,variation,MiiKare-
---,,,,
B0D9R4GYTN,brand_name,Sony,variation,Sony
https://www.amazon.com/dp/B0D9R4GYTN,,,variation,sony
Sony,,,variation,Somy
,,,variation,Sonny
,,,variation,Soni
,,,variation,Siny
,,,variation,Soby
,,,variation,Sonie
,,,variation,Soony
,,,variation,Sonyy
---,,,,
B0C795M7ZN,brand_name,YETI,variation,YETI
https://www.amazon.com/dp/B0C795M7ZN,,,variation,yeti
YETI,,,variation,Ytei
,,,variation,Yeti
,,,variation,YEti
,,,variation,Yeti 
,,,variation,Yett
,,,variation,Yedi
,,,variation,YITE
---,,,,
B07XYN2GFR,brand_name,Amazon Basics,variation,Amazon Basics
https://www.amazon.com/dp/B07XYN2GFR,,,variation,amazon basics
Amazon Basics,,,variation,AmazonBasics
,,,variation,Amazon-Basics
,,,variation,Amazon
,,,variation,Aamazon Basics
,,,variation,Amazin Basics
,,,variation,Amazon Basixs
,,,variation,Amazom Basics
,,,variation,Amazon Baiscs
---,,,,
B0DWX9HVK5,brand_name,Columbia,variation,Columbia
https://www.amazon.com/dp/B0DWX9HVK5,,,variation,columbia
Columbia,,,variation,Colmbia
,,,variation,Colymbia
,,,variation,Kolumbia
,,,variation,Columbua
,,,variation,Columia
,,,variation,Columbiaa
,,,variation,Columbiq
,,,variation,Columbi
---,,,,
B0107O5QR0,brand_name,Scotsman,variation,Scotsman
https://www.amazon.com/dp/B0107O5QR0,,,variation,scotsman
Scotsman,,,variation,Scotsmen
,,,variation,Sotsman
,,,variation,Scotsamn
,,,variation,Scotsmanm
,,,variation,Scotsman 
,,,variation,Scotman
,,,variation,Scoatsman
,,,variation,Scotsman.
---,,,,
B004BD0YI0,brand_name,L'Oreal Paris,variation,L'Oreal Paris
https://www.amazon.com/dp/B004BD0YI0,,,variation,l'oreal paris
L'Oreal Paris,,,variation,LOreal Paris
,,,variation,LOrealParis
,,,variation,Loreal Paris
,,,variation,LOreal Parris
,,,variation,Loreal Pariss
,,,variation,Loreal Peris
,,,variation,Loreal
,,,variation,L'oreal Pqris
---,,,,
B08P5FWPXG,brand_name,Godinger,variation,Godinger
https://www.amazon.com/dp/B08P5FWPXG,,,variation,godinger
Godinger,,,variation,Godnger
,,,variation,Godinger Silver Art
,,,variation,Godigner
,,,variation,Godenger
,,,variation,Godinge
,,,variation,Godinger Silver
---,,,,
B00K5OLP1O,brand_name,NECA,variation,NECA
https://www.amazon.com/dp/B00K5OLP1O,,,variation,neca
NECA,,,variation,Neca
,,,variation,NECHA
,,,variation,NEVCA
,,,variation,N ECA
,,,variation,Neca
,,,variation,NEKA
,,,variation,NECAH
,,,variation,NECAA
---,,,,
B08H5P91VJ,brand_name,BH SUPPLIES,variation,BH SUPPLIES
https://www.amazon.com/dp/B08H5P91VJ,,,variation,bh supplies
BH SUPPLIES,,,variation,BH-SUPPLIES
,,,variation,BH
,,,variation,BG SUPPLIES
,,,variation,VH SUPPLIES
,,,variation,BH SUPLIES
,,,variation,BH SPPLIES
,,,variation,BH SUPPIES
,,,variation,BH SUPPLES
---,,,,
B0DK1D6VCP,brand_name,GINOWY,variation,GINOWY
https://www.amazon.com/dp/B0DK1D6VCP,,,variation,ginowy
GINOWY,,,variation,Ginowy
,,,variation,GNOWY
,,,variation,HINOWY
,,,variation,GINOWU
,,,variation,GINOWI
,,,variation,GINOW
,,,variation,GINOWEY
,,,variation,GINOWYI
---,,,,
B0FY37Z5L7,brand_name,Krlun,variation,Krlun
https://www.amazon.com/dp/B0FY37Z5L7,,,variation,krlun
Krlun,,,variation,Krlun
,,,variation,Krlun
,,,variation,Krlun
,,,variation,Krlun
,,,variation,Krlun
,,,variation,Krlun
,,,variation,Krlun
,,,variation,Krlun
---,,,,
B0DB74W8BN,brand_name,FYY,variation,FYY
https://www.amazon.com/dp/B0DB74W8BN,,,variation,fyy
FYY,,,variation,Fyy
,,,variation,Fgy
,,,variation,Fuu
,,,variation,Fyyy
,,,variation,F Y Y
,,,variation,F.Y.Y.
---,,,,
B0F37M8KN1,brand_name,OHIYO,variation,OHIYO
https://www.amazon.com/dp/B0F37M8KN1,,,variation,ohiyo
OHIYO,,,variation,Ohiyo
,,,variation,OHIYO 
,,,variation,OHIYO-
,,,variation,OHIYOO
,,,variation,OHIYOI
,,,variation,OHUYO
,,,variation,OHIYO0
,,,variation,OHIYO9
---,,,,
B0DWMLXBKS,brand_name,Marsflex,variation,Marsflex
https://www.amazon.com/dp/B0DWMLXBKS,,,variation,marsflex
Marsflex,,,variation,Marsfles
,,,variation,Marsflez
,,,variation,Narsflex
,,,variation,Marzflex
,,,variation,Marsflrx
,,,variation,Marsflew
,,,variation,Marsfex
,,,variation,Marsflek
---,,,,
B08B6B62QZ,brand_name,Miracase,variation,Miracase
https://www.amazon.com/dp/B08B6B62QZ,,,variation,miracase
Miracase,,,variation,Miracse
,,,variation,Miracasee
,,,variation,Miracasae
,,,variation,Miracasei
,,,variation,Miracasea
,,,variation,Miracaseo
,,,variation,Miracaseu
,,,variation,Miracasez
---,,,,
B09SQR5PJF,brand_name,Hydro Flask,variation,Hydro Flask
https://www.amazon.com/dp/B09SQR5PJF,,,variation,hydro flask
Hydro Flask,,,variation,HydroFlask
,,,variation,Hydro Flsk
,,,variation,Hydrp Flask
,,,variation,Hydro Flsak
,,,variation,Hudro Flask
,,,variation,Hydro Phlask
,,,variation,Hydro Flaskk
,,,variation,Hyrdro Flask
---,,,,
B07D5NCHHF,brand_name,Simple Houseware,variation,Simple Houseware
https://www.amazon.com/dp/B07D5NCHHF,,,variation,simple houseware
Simple Houseware,,,variation,SimpleHouseware
,,,variation,Simple-Houseware
,,,variation,Simple
,,,variation,Simpile Houseware
,,,variation,Simple Housewaee
,,,variation,Sinple Houseware
,,,variation,Simple House wear
,,,variation,Simple Housware
---,,,,
B0B7XV9QWD,brand_name,Patagonia,variation,Patagonia
https://www.amazon.com/dp/B0B7XV9QWD,,,variation,patagonia
Patagonia,,,variation,Patagunia
,,,variation,Patagoniq
,,,variation,Patagoniaa
,,,variation,Patagoonia
,,,variation,Patagania
,,,variation,Patagoniah
,,,variation,Patagoni
---,,,,
B077SGV77B,brand_name,NewAir,variation,NewAir
https://www.amazon.com/dp/B077SGV77B,,,variation,newair
NewAir,,,variation,New Air
,,,variation,New-Air
,,,variation,Newair
,,,variation,Newqir
,,,variation,Newzir
,,,variation,NevAir
,,,variation,New Aer
,,,variation,New Are
---,,,,
B07GX7TD34,brand_name,MAYBELLINE,variation,MAYBELLINE
https://www.amazon.com/dp/B07GX7TD34,,,variation,maybelline
MAYBELLINE,,,variation,Maybelline
,,,variation,Maybeline
,,,variation,Maybellin
,,,variation,Maybellinee
,,,variation,Maybelinne
,,,variation,Maybelline New York
,,,variation,MaybellineNY
,,,variation,Maybelline N Y
---,,,,
B0BM52HXV2,brand_name,Mikasa,variation,Mikasa
https://www.amazon.com/dp/B0BM52HXV2,,,variation,mikasa
Mikasa,,,variation,Mikasaa
,,,variation,Mikas
,,,variation,Mikasq
,,,variation,Mikasd
,,,variation,Miksa
,,,variation,Micasa
,,,variation,Mykasa
,,,variation,Mikasae
---,,,,
B0CPKXSL8R,brand_name,Mattel,variation,Mattel
https://www.amazon.com/dp/B0CPKXSL8R,,,variation,mattel
Mattel,,,variation,Mattl
,,,variation,Matel
,,,variation,Mattle
,,,variation,Matell
,,,variation,Nattel
,,,variation,Mattal
,,,variation,Matthel
,,,variation,Mattell
---,,,,
B07SKQ53HY,brand_name,BD,variation,BD
https://www.amazon.com/dp/B07SKQ53HY,,,variation,bd
BD,,,variation,B D
,,,variation,Bfd
,,,variation,VD
,,,variation,BF
,,,variation,Bd
---,,,,
B0DXFCJHQQ,brand_name,Antaly,variation,Antaly
https://www.amazon.com/dp/B0DXFCJHQQ,,,variation,antaly
Antaly,,,variation,Antalty
,,,variation,Antaley
,,,variation,Antally
,,,variation,Antalyy
,,,variation,Antali
,,,variation,Antal
,,,variation,Antallyy
,,,variation,Antalyi
---,,,,
B0FJ6TF24P,brand_name,RILLEC,variation,RILLEC
https://www.amazon.com/dp/B0FJ6TF24P,,,variation,rillec
RILLEC,,,variation,Rillec
,,,variation,Rilec
,,,variation,Rilleck
,,,variation,Rillrc
,,,variation,Rillic
,,,variation,Rillece
,,,variation,Rillecce
,,,variation,Rillec 
---,,,,
B0D9GSLZJJ,brand_name,Gtonster,variation,Gtonster
https://www.amazon.com/dp/B0D9GSLZJJ,,,variation,gtonster
Gtonster,,,variation,Gtonstor
,,,variation,Gtonser
,,,variation,Gtonstr
,,,variation,Gtonsterer
,,,variation,Ftonster
,,,variation,Gtonater
,,,variation,Gtonater
,,,variation,Gtonater
---,,,,
B0F3D5R2NS,brand_name,NANYI,variation,NANYI
https://www.amazon.com/dp/B0F3D5R2NS,,,variation,nanyi
NANYI,,,variation,Nany
,,,variation,Nanyie
,,,variation,Nanyia
,,,variation,Manyi
,,,variation,NanyiI
,,,variation,Nanyia
---,,,,
B0C6SLJVSG,brand_name,POHILA,variation,POHILA
https://www.amazon.com/dp/B0C6SLJVSG,,,variation,pohila
POHILA,,,variation,Pohila
,,,variation,POHILQ
,,,variation,POHILS
,,,variation,POHLLA
,,,variation,POHILA 
,,,variation,POHILAa
,,,variation,POHIL A
,,,variation,POHILA-
,,,variation,POHILA i
---,,,,
B07G61YN8K,brand_name,VANMASS,variation,VANMASS
https://www.amazon.com/dp/B07G61YN8K,,,variation,vanmass
VANMASS,,,variation,Vanmass
,,,variation,VANMAS
,,,variation,VAMASS
,,,variation,VANMASSS
,,,variation,VANNMASS
,,,variation,VNMASS
,,,variation,VANMASA
,,,variation,VAN MASS
---,,,,
B0D8BZDPXB,brand_name,Bose,variation,Bose
https://www.amazon.com/dp/B0D8BZDPXB,,,variation,bose
Bose,,,variation,Boze
,,,variation,Bosee
,,,variation,Bosey
,,,variation,Bosee
,,,variation,Bosee
,,,variation,Bosee
,,,variation,Bosee
,,,variation,Bosee
---,,,,
B0CHN5CVL6,brand_name,STANLEY,variation,STANLEY
https://www.amazon.com/dp/B0CHN5CVL6,,,variation,stanley
STANLEY,,,variation,Stanley
,,,variation,STNLEY
,,,variation,STANLY
,,,variation,STANELY
,,,variation,STANELEY
,,,variation,STANLEYY
,,,variation,STNALEY
,,,variation,STAMLEY
---,,,,
B0741XXT8W,brand_name,Mind Reader,variation,Mind Reader
https://www.amazon.com/dp/B0741XXT8W,,,variation,mind reader
Mind Reader,,,variation,MindReader
,,,variation,Mind Reeder
,,,variation,Mund Reader
,,,variation,Mind Reeder
,,,variation,Mind Redaer
,,,variation,Mond Reader
,,,variation,Mindr Reader
,,,variation,Mined Reader
---,,,,
B0F8W6V93G,brand_name,Arc'teryx,variation,Arc'teryx
https://www.amazon.com/dp/B0F8W6V93G,,,variation,arcteryx
Arc'teryx,,,variation,Arcteryx
,,,variation,Arc'terix
,,,variation,Arc'tery
,,,variation,Arc'terxy
,,,variation,Arc'tereks
,,,variation,Arc'teryx
,,,variation,Arcterycs
,,,variation,Arc terryx
---,,,,
B0BXXKFJK2,brand_name,Silonn,variation,Silonn
https://www.amazon.com/dp/B0BXXKFJK2,,,variation,silonn
Silonn,,,variation,Sillon
,,,variation,Siloon
,,,variation,Silon
,,,variation,Silonne
,,,variation,Silonn 
,,,variation,Silonna
,,,variation,Sikonn
,,,variation,Silonm
---,,,,
B01LPRX3X2,brand_name,Almay,variation,Almay
https://www.amazon.com/dp/B01LPRX3X2,,,variation,almay
Almay,,,variation,Almya
,,,variation,Alaky
,,,variation,Almzy
,,,variation,Almy
,,,variation,Allmay
,,,variation,Almai
,,,variation,Almayy
,,,variation,Alme
---,,,,
B0DSLS2LWW,brand_name,Le Creuset,variation,Le Creuset
https://www.amazon.com/dp/B0DSLS2LWW,,,variation,le creuset
Le Creuset,,,variation,LeCreuset
,,,variation,Le Crueset
,,,variation,Le Creusett
,,,variation,Le Cruset
,,,variation,Le Creusit
,,,variation,Le Creusette
,,,variation,Le Cruesett
,,,variation,Le Creusettt
---,,,,
B0FY3R81S9,brand_name,kate spade new york,variation,kate spade new york
https://www.amazon.com/dp/B0FY3R81S9,,,variation,kate spade new york
kate spade new york,,,variation,katespade new york
,,,variation,kate spade
,,,variation,kate spade new yrok
,,,variation,kate spade new ork
,,,variation,kate spade ne york
,,,variation,kate spade nwe york
,,,variation,kate spade new yark
,,,variation,kate spede new york
---,,,,
B09QFHSMTZ,brand_name,Funko,variation,Funko
https://www.amazon.com/dp/B09QFHSMTZ,,,variation,funko
Funko,,,variation,Fnko
,,,variation,Gunko
,,,variation,Fungo
,,,variation,Funk
,,,variation,Fanko
,,,variation,Funcko
,,,variation,Fynko
,,,variation,Founko
---,,,,
B01GOQSJ0G,brand_name,Monoject,variation,Monoject
https://www.amazon.com/dp/B01GOQSJ0G,,,variation,monoject
Monoject,,,variation,Monojet
,,,variation,Monojecr
,,,variation,Monojeft
,,,variation,Monojext
,,,variation,Monojuct
,,,variation,Monojekt
,,,variation,Monojuct
---,,,,
B09PNTXRJB,brand_name,MED PRIDE,variation,MED PRIDE
https://www.amazon.com/dp/B09PNTXRJB,,,variation,med pride
MED PRIDE,,,variation,MedPride
,,,variation,Med-Pride
,,,variation,MED
,,,variation,MEd PRIDE
,,,variation,MED PRID
,,,variation,MED PRIE
,,,variation,MED PRIEDE
,,,variation,MED PRIDEE
---,,,,
B07PMWMDXN,brand_name,SAN AUTO,variation,SAN AUTO
https://www.amazon.com/dp/B07PMWMDXN,,,variation,san auto
SAN AUTO,,,variation,SANAUTO
,,,variation,SAN-AUTO
,,,variation,SAN
,,,variation,SNA AUTO
,,,variation,SA AUTO
,,,variation,SAN ATUO
,,,variation,SAN AUTTO
,,,variation,SAN AOTO
---,,,,
B0BTCZ2RR9,brand_name,CAMKORY,variation,CAMKORY
https://www.amazon.com/dp/B0BTCZ2RR9,,,variation,camkory
CAMKORY,,,variation,Camkory
,,,variation,CAMKORI
,,,variation,CAN KORY
,,,variation,CAMKROY
,,,variation,CAMKORYY
,,,variation,CAMORRY
,,,variation,CAMKOR
---,,,,
B0CNQYPM4L,brand_name,itrusou,variation,itrusou
https://www.amazon.com/dp/B0CNQYPM4L,,,variation,Itrusou
itrusou,,,variation,itruso
,,,variation,itrusouu
,,,variation,itrusou 
,,,variation,itrusow
,,,variation,itrusoi
,,,variation,itrusoou
,,,variation,itrusu
---,,,,
B0F3HKCFZS,brand_name,Oerdoh,variation,Oerdoh
https://www.amazon.com/dp/B0F3HKCFZS,,,variation,oerdoh
Oerdoh,,,variation,Oerdohh
,,,variation,Oerdogh
,,,variation,Oerdoh 
,,,variation,Oerdohs
,,,variation,Oerdohq
,,,variation,Oerdohj
,,,variation,Oerdohg
,,,variation,Oerdohf
---,,,,
B081VB2BTR,brand_name,Aeagle,variation,Aeagle
https://www.amazon.com/dp/B081VB2BTR,,,variation,aeagle
Aeagle,,,variation,Aegle
,,,variation,Aegale
,,,variation,Aeagel
,,,variation,Qeagle
,,,variation,Seagle
,,,variation,Aegale
,,,variation,A-eagle
,,,variation,Aeagl
---,,,,
B0CRTYZG5C,brand_name,Soundcore,variation,Soundcore
https://www.amazon.com/dp/B0CRTYZG5C,,,variation,soundcore
Soundcore,,,variation,Sound Core
,,,variation,Soundcor
,,,variation,Soundecore
,,,variation,Sondcore
,,,variation,Soundocre
,,,variation,Souncore
,,,variation,Soundcoer
,,,variation,Soundcorps
---,,,,
B09RNBRTQ6,brand_name,Contigo,variation,Contigo
https://www.amazon.com/dp/B09RNBRTQ6,,,variation,contigo
Contigo,,,variation,Contago
,,,variation,Conttigo
,,,variation,Contiguo
,,,variation,Contigoo
,,,variation,Contygo
,,,variation,Contigoa
,,,variation,Contigo-
,,,variation,Contiga
---,,,,
B0BWHZJHPL,brand_name,EUHOMY,variation,EUHOMY
https://www.amazon.com/dp/B0BWHZJHPL,,,variation,euhomy
EUHOMY,,,variation,Euhomy
,,,variation,EUHOMI
,,,variation,EUHomy
,,,variation,EUHPMY
,,,variation,EUHONY
,,,variation,EUOMY
,,,variation,EUHomyy
,,,variation,EUHOMEY
---,,,,
B006Z79SBE,brand_name,URBAN DECAY,variation,URBAN DECAY
https://www.amazon.com/dp/B006Z79SBE,,,variation,urban decay
URBAN DECAY,,,variation,UrbanDecay
,,,variation,Urban-Decay
,,,variation,Urvan Decay
,,,variation,Urban Decqy
,,,variation,Urban Decau
,,,variation,Vrban Decay
,,,variation,Urban Decayy
,,,variation,Ueban Decay
---,,,,
B07V15FVX8,brand_name,All-Clad,variation,All-Clad
https://www.amazon.com/dp/B07V15FVX8,,,variation,all-clad
All-Clad,,,variation,AllClad
,,,variation,All Clad
,,,variation,All Cladd
,,,variation,All-Klad
,,,variation,All Clad
,,,variation,All Clad
,,,variation,All Clad
,,,variation,All Clad
,,,variation,Sll-Clad
,,,variation,All-Ckad
---,,,,
B08XWPZ6F8,brand_name,Bandai Namco,variation,Bandai Namco
https://www.amazon.com/dp/B08XWPZ6F8,,,variation,bandai namco
Bandai Namco,,,variation,BandaiNamco
,,,variation,Bandai-Namco
,,,variation,Bandai
,,,variation,Bamdai Namco
,,,variation,Bandai Namcoo
,,,variation,Bandai Nanmco
,,,variation,Bandai Nacmo
,,,variation,Bandai Namcoo
---,,,,
B00JEMGXC4,brand_name,McKesson,variation,McKesson
https://www.amazon.com/dp/B00JEMGXC4,,,variation,mckesson
McKesson,,,variation,Mckesson
,,,variation,Mc Kesson
,,,variation,McKessin
,,,variation,Mkesson
,,,variation,Mckessan
,,,variation,McKessen
,,,variation,Mckessonn
,,,variation,McKessan
---,,,,
B0DF4JRXH3,brand_name,SurviveX,variation,SurviveX
https://www.amazon.com/dp/B0DF4JRXH3,,,variation,survivex
SurviveX,,,variation,Survive X
,,,variation,Survivez
,,,variation,Survivec
,,,variation,Survivex
,,,variation,Survivex
,,,variation,Survivex
,,,variation,Survivex
,,,variation,Survivex
,,,variation,Survivex
,,,variation,Survivex
---,,,,
B08LV7V1TZ,brand_name,VIWIK,variation,VIWIK
https://www.amazon.com/dp/B08LV7V1TZ,,,variation,viwik
VIWIK,,,variation,Viwic
,,,variation,VIWIC
,,,variation,VIWIKK
,,,variation,VIWIQ
,,,variation,VIWOK
,,,variation,VIWIK 
,,,variation,VIVIK
,,,variation,VIWIKC
---,,,,
B0CSN9B2DF,brand_name,SMARTKLIK,variation,SMARTKLIK
https://www.amazon.com/dp/B0CSN9B2DF,,,variation,smartklik
SMARTKLIK,,,variation,Smartklik
,,,variation,SMART KLIk
,,,variation,SMARTKLIKK
,,,variation,SMARTCLIK
,,,variation,SMARKLIK
,,,variation,SMARTKLI
,,,variation,SMARTKLIJ
,,,variation,SMARTKLIk
---,,,,
B0FG258DCG,brand_name,Homelove,variation,Homelove
https://www.amazon.com/dp/B0FG258DCG,,,variation,homelove
Homelove,,,variation,Home Love
,,,variation,Homelov
,,,variation,Homelobe
,,,variation,Homelive
,,,variation,Honelove
,,,variation,Homelobe
,,,variation,Homelovee
,,,variation,Homelovw
---,,,,
B0CRQQ1FQ9,brand_name,Nectar & Nest,variation,Nectar & Nest
https://www.amazon.com/dp/B0CRQQ1FQ9,,,variation,nectar & nest
Nectar & Nest,,,variation,Nectar&Nest
,,,variation,Nectar-Nest
,,,variation,Nectar
,,,variation,Necter & Nest
,,,variation,Nectar & Nerst
,,,variation,Nectar & Nesz
,,,variation,Nectarr & Nest
,,,variation,Nectar and Nest
---,,,,
B0CDQ72BHL,brand_name,A-NAFTULY,variation,A-NAFTULY
https://www.amazon.com/dp/B0CDQ72BHL,,,variation,a-naftuly
A-NAFTULY,,,variation,ANaftuly
,,,variation,A NAFTULY
,,,variation,A-NAFTUKY
,,,variation,A-NAFTUL
,,,variation,A-NAFULY
,,,variation,A-MAFTULY
,,,variation,A-NAFTULI
,,,variation,A-NAFTULYE
---,,,,
B07Y53NHB7,brand_name,orealtrend,variation,orealtrend
https://www.amazon.com/dp/B07Y53NHB7,,,variation,OrealTrend
orealtrend,,,variation,orealt rend
,,,variation,orealtrends
,,,variation,orealtend
,,,variation,orealtrebd
,,,variation,orealtren
,,,variation,orealtrendd
,,,variation,orealtrendz
,,,variation,orealtrendx
---,,,,
B088FYX5R7,brand_name,microMend,variation,microMend
https://www.amazon.com/dp/B088FYX5R7,,,variation,micromend
microMend,,,variation,MicroMend
,,,variation,microMned
,,,variation,microMejd
,,,variation,microMennd
,,,variation,microMendd
,,,variation,microMend 
,,,variation,micorMend
,,,variation,microMendnd
---,,,,
B0DCVMP5NV,brand_name,PALATO,variation,PALATO
https://www.amazon.com/dp/B0DCVMP5NV,,,variation,palato
PALATO,,,variation,Palato
,,,variation,Palatoo
,,,variation,Palatoi
,,,variation,Palato P
,,,variation,Palato O
,,,variation,Palato0
,,,variation,Palato9
,,,variation,Palato-
,,,variation,Palato+
---,,,,
B0DJR5SWD7,brand_name,VYNCS,variation,VYNCS
https://www.amazon.com/dp/B0DJR5SWD7,,,variation,vyncs
VYNCS,,,variation,VYNC
,,,variation,VINCS
,,,variation,VYNKS
,,,variation,BYNCS
,,,variation,VYN S
,,,variation,Vincs
---,,,,
B0FGD6R7T2,brand_name,RoadNow,variation,RoadNow
https://www.amazon.com/dp/B0FGD6R7T2,,,variation,roadnow
RoadNow,,,variation,Road Now
,,,variation,Road-Now
,,,variation,Road
,,,variation,RpadNow
,,,variation,RoadNpw
,,,variation,Roadniw
,,,variation,Road Noe
,,,variation,Road Npw
---,,,,
B0FHH693Z4,brand_name,honiitaa,variation,honiitaa
https://www.amazon.com/dp/B0FHH693Z4,,,variation,Honiitaa
honiitaa,,,variation,honiita
,,,variation,honitta
,,,variation,honiitaq
,,,variation,honitaa
,,,variation,honita
,,,variation,honniitaa
,,,variation,honiitaaa
,,,variation,honiiitaa
---,,,,
