ASIN / Brand,Input Field,Input Value,Type,Variation
B000C00HXI,brand_name,Granite Gold,variation,Granite Gold
https://www.amazon.com/dp/B000C00HXI,,,variation,granite gold
Granite Gold,,,variation,GraniteGold
,,,variation,Granite-Gold
,,,variation,Granite
,,,variation,Granit Gold
,,,variation,Granite Gld
,,,variation,Granite Gol
,,,variation,Granite Goold
,,,variation,Granite Goldd
,,,variation,Granit Golds
,,,variation,GraniteGld
,,,variation,GraniteGoold
---,,,,
B003BVI5HA,brand_name,Bar Keepers Friend,variation,Bar Keepers Friend
https://www.amazon.com/dp/B003BVI5HA,,,variation,bar keepers friend
Bar Keepers Friend,,,variation,BarKeepersFriend
,,,variation,Bar-Keepers-Friend
,,,variation,BarKeepers Friend
,,,variation,Bar KeepersFriend
,,,variation,Barkeeper's Friend
,,,variation,Barkeeprs Friend
,,,variation,Bar Keepers Frend
,,,variation,Bar Keepers Frind
---,,,,
B07V5RKR2V,brand_name,Soft Scrub,variation,Soft Scrub
https://www.amazon.com/dp/B07V5RKR2V,,,variation,soft scrub
Soft Scrub,,,variation,SoftScrub
,,,variation,Soft-Scrub
,,,variation,Soft
,,,variation,Sof Scrub
,,,variation,Sof Scrub
,,,variation,SofScrub
,,,variation,Sof-Scrub
,,,variation,Sofr Scrub
,,,variation,SofrScrub
,,,variation,Sof Scrub
,,,variation,Soft Scub
,,,variation,Soft Scrubz
---,,,,
B00MFPZKQC,brand_name,Ecover,variation,Ecover
https://www.amazon.com/dp/B00MFPZKQC,,,variation,ecover
Ecover,,,variation,Ecovr
,,,variation,Ecovar
,,,variation,Ecovr
,,,variation,Ecoverr
,,,variation,Ecovr
,,,variation,Ecovor
,,,variation,Ecovar
,,,variation,Ecovr
,,,variation,Ecovar
,,,variation,Ecovr
,,,variation,Ecovr
,,,variation,Ecovar
---,,,,
B00T7PE5YQ,brand_name,Mrs. MEYER'S,variation,Mrs. MEYER'S
https://www.amazon.com/dp/B00T7PE5YQ,,,variation,mrs. meyer's
Mrs. MEYER'S,,,variation,MrsMeyers
,,,variation,Mrs-MEYER'S
,,,variation,Meyer
,,,variation,Meyers
,,,variation,Meyerss
,,,variation,Meyers'
,,,variation,Mry's MEYER'S
,,,variation,Mrs. MEYERS
,,,variation,Mry's Meyer
,,,variation,Mry's Meyers
,,,variation,Mry's MEYER'S
,,,variation,Mry's MEYER
---,,,,
B01DE2MFQW,brand_name,Safe T Air,variation,Safe T Air
https://www.amazon.com/dp/B01DE2MFQW,,,variation,safe t air
Safe T Air,,,variation,SafeTAir
,,,variation,Safe-T-Air
,,,variation,SafeT Air
,,,variation,Safe Tair
,,,variation,Sate T Air
,,,variation,Safe T Ait
,,,variation,Sfae T Air
,,,variation,Safe T Aier
,,,variation,Sate T Ait
,,,variation,Sate T Air
,,,variation,Sfae T Ait
---,,,,
B000E9Z49Y,brand_name,Mothers,variation,Mothers
https://www.amazon.com/dp/B000E9Z49Y,,,variation,mothers
Mothers,,,variation,Mother
,,,variation,mothrs
,,,variation,Mothrs
,,,variation,Motherss
,,,variation,Mothrers
,,,variation,Motherss
,,,variation,Mothers-
,,,variation,Mothers-
---,,,,
B0063K7202,brand_name,Twinkle,variation,Twinkle
https://www.amazon.com/dp/B0063K7202,,,variation,twinkle
Twinkle,,,variation,Twinkl
,,,variation,Twnkle
,,,variation,Twinkke
,,,variation,Twinkal
,,,variation,Tinkle
,,,variation,Twinkie
,,,variation,Twinkal
,,,variation,Twinkly
---,,,,
B0017KY9AO,brand_name,Krud Kutter,variation,Krud Kutter
https://www.amazon.com/dp/B0017KY9AO,,,variation,krud kutter
Krud Kutter,,,variation,KrudKutter
,,,variation,Krud-Kutter
,,,variation,Krud
,,,variation,Krud Kuttar
,,,variation,Krud Kutterr
,,,variation,Krud Kuttor
,,,variation,Krud Kuttar
,,,variation,Krud Kuttter
---,,,,
B00QMFHNPC,brand_name,Thompson's,variation,Thompson's
https://www.amazon.com/dp/B00QMFHNPC,,,variation,thompson's
Thompson's,,,variation,Thompson
,,,variation,thompson
,,,variation,Thompsons
,,,variation,Thompsn's
,,,variation,Thompsn
,,,variation,Thompsons
,,,variation,Thompsn'ss
,,,variation,Thompsons'
,,,variation,Thompson'ss
---,,,,
B002B75QOA,brand_name,Citra Solv,variation,Citra Solv
https://www.amazon.com/dp/B002B75QOA,,,variation,citra solv
Citra Solv,,,variation,CitraSolv
,,,variation,Citra-Solv
,,,variation,Citra
,,,variation,Citra Solf
,,,variation,Citra Solvve
,,,variation,Citra Solv
,,,variation,Citra Solv
,,,variation,Citra Solv
---,,,,
B00DQFOFJI,brand_name,Carbona,variation,Carbona
https://www.amazon.com/dp/B00DQFOFJI,,,variation,carbona
Carbona,,,variation,Carbona-
,,,variation,Carbona 
,,,variation,Carbonaa
,,,variation,Carbonae
,,,variation,Cqrbon
,,,variation,Carbona
,,,variation,Carbona
,,,variation,Carbona
,,,variation,Carbona
---,,,,
B000VDFJ9I,brand_name,CLIPPERCIDE,variation,CLIPPERCIDE
https://www.amazon.com/dp/B000VDFJ9I,,,variation,clippercide
CLIPPERCIDE,,,variation,ClipperCide
,,,variation,Clipper-Cide
,,,variation,Clippcide
,,,variation,Clipppercide
,,,variation,CLIPPERCIED
,,,variation,CLIPPERCEDE
,,,variation,CLIPPERCID
,,,variation,CLIPPERCI
---,,,,
B001OHV29G,brand_name,Veggie Wash,variation,Veggie Wash
https://www.amazon.com/dp/B001OHV29G,,,variation,veggie wash
Veggie Wash,,,variation,VeggieWash
,,,variation,Veggie-Wash
,,,variation,Veggie
,,,variation,Vege Wash
,,,variation,Veggi Wash
,,,variation,Veggie Wsh
,,,variation,Veggiewash
,,,variation,Vegi Wash
,,,variation,Veggiewas
,,,variation,VegiWsh
,,,variation,Vegi-Wash
,,,variation,Vegg Wash
---,,,,
B00EZL62HK,brand_name,Citrus Magic,variation,Citrus Magic
https://www.amazon.com/dp/B00EZL62HK,,,variation,citrus magic
Citrus Magic,,,variation,CitrusMagic
,,,variation,Citrus-Magic
,,,variation,Citrus
,,,variation,Citrus Magik
,,,variation,Citrus Majic
,,,variation,Citrus Magik
,,,variation,Citrus MAgic
,,,variation,Citrus Magc
---,,,,
B01L2ML2WO,brand_name,Carbona,variation,Carbona
https://www.amazon.com/dp/B01L2ML2WO,,,variation,carbona
Carbona,,,variation,Carbona-
,,,variation,Carbona 
,,,variation,Carbonaa
,,,variation,Carbonae
,,,variation,Cabrona
,,,variation,Carbonaq
,,,variation,Carbonaa
,,,variation,Carbonaa
---,,,,
B01N0RL15A,brand_name,Goo Gone,variation,Goo Gone
https://www.amazon.com/dp/B01N0RL15A,,,variation,goo gone
Goo Gone,,,variation,GooGone
,,,variation,Goo-Gone
,,,variation,Goo
,,,variation,Goo Gonee
,,,variation,Goo Gonne
,,,variation,Goo Gona
,,,variation,Goo Gane
,,,variation,Goo Goe
---,,,,
B00T7PDB3C,brand_name,Mrs. MEYER'S,variation,Mrs. MEYER'S
https://www.amazon.com/dp/B00T7PDB3C,,,variation,mrs. meyer's
Mrs. MEYER'S,,,variation,MrsMEYERS
,,,variation,Mrs-MEYER'S
,,,variation,Mrs Meyers
,,,variation,Meyer
,,,variation,Meyers
,,,variation,Meyerss
,,,variation,Mrs. MEYERSs
,,,variation,Mrs. MEYER
,,,variation,Mry's MEYER'S
,,,variation,Mry's MEYERS
,,,variation,Mry's Meyer
,,,variation,Meyers'
---,,,,
B07KRLWRJL,brand_name,The Gonzo,variation,The Gonzo
https://www.amazon.com/dp/B07KRLWRJL,,,variation,the gonzo
The Gonzo,,,variation,TheGonzo
,,,variation,The-Gonzo
,,,variation,Gonzo
,,,variation,Te Gonzo
,,,variation,The Gonso
,,,variation,The Gonzoe
,,,variation,Th Gonzo
,,,variation,The Gonzoa
---,,,,
B0040I7YH0,brand_name,Carbona,variation,Carbona
https://www.amazon.com/dp/B0040I7YH0,,,variation,carbona
Carbona,,,variation,Carbona-
,,,variation,Carbona 
,,,variation,Carbonaa
,,,variation,Carbonae
,,,variation,Carbonaq
,,,variation,Carbonao
,,,variation,Cabrona
,,,variation,Carbonaa
,,,variation,Carbonae
,,,variation,Cabrana
,,,variation,Carbonaa
,,,variation,Carbonae
---,,,,
B07769FVLD,brand_name,Ethique,variation,Ethique
https://www.amazon.com/dp/B07769FVLD,,,variation,ethique
Ethique,,,variation,Ethiqe
,,,variation,Ethique-
,,,variation,Ethiq
,,,variation,Ethiq
,,,variation,Ethiquee
,,,variation,Ethque
,,,variation,Ethiqueq
,,,variation,Ethiqeu
---,,,,
B007KGA9HG,brand_name,Seventh Generation,variation,Seventh Generation
https://www.amazon.com/dp/B007KGA9HG,,,variation,seventh generation
Seventh Generation,,,variation,SeventhGeneration
,,,variation,Seventh-Generation
,,,variation,Seventh
,,,variation,Seveth Generation
,,,variation,Seventh Generaton
,,,variation,Seveth Generaion
,,,variation,Seveth Genration
,,,variation,Seveth Generaion
,,,variation,Seveth Genaration
---,,,,
B07RJ7LH9F,brand_name,all,variation,all
https://www.amazon.com/dp/B07RJ7LH9F,,,variation,All
all,,,variation,aLL
,,,variation,al
,,,variation,alL
,,,variation,awl
,,,variation,alll
,,,variation,al1
,,,variation,a1l
,,,variation,a;l
---,,,,
B09FHCXG6G,brand_name,OxiClean,variation,OxiClean
https://www.amazon.com/dp/B09FHCXG6G,,,variation,oxiclean
OxiClean,,,variation,Oxi Clean
,,,variation,oxi clean
,,,variation,Oxi-Clean
,,,variation,Oxiclean
,,,variation,OxiCleen
,,,variation,OxiClen
,,,variation,OxiClea
,,,variation,OxiCleen
---,,,,
B004AHBJUE,brand_name,Carbona,variation,Carbona
https://www.amazon.com/dp/B004AHBJUE,,,variation,carbona
Carbona,,,variation,Carbona-
,,,variation,Carbona 
,,,variation,Carbonaa
,,,variation,Carbonae
,,,variation,Carbonaq
,,,variation,Carbonaa
,,,variation,Curbona
,,,variation,Carbonaa
,,,variation,Carbonae
,,,variation,Carbonaa
,,,variation,Carbonaq
---,,,,
B001VNV9KA,brand_name,Carbona,variation,Carbona
https://www.amazon.com/dp/B001VNV9KA,,,variation,carbona
Carbona,,,variation,Carbona-
,,,variation,Carbona 
,,,variation,Carbonaa
,,,variation,Carbonae
,,,variation,Cabrona
,,,variation,Carbonaq
,,,variation,Carbonaa
,,,variation,Carbonae
---,,,,
B006K3S5VW,brand_name,Carbona,variation,Carbona
https://www.amazon.com/dp/B006K3S5VW,,,variation,carbona
Carbona,,,variation,Carbona-
,,,variation,Carbona 
,,,variation,Carbonaa
,,,variation,Carbonae
,,,variation,Cabrona
,,,variation,Carbonaq
,,,variation,Carbonaa
,,,variation,Carbonaa
---,,,,
B006K3S756,brand_name,Carbona,variation,Carbona
https://www.amazon.com/dp/B006K3S756,,,variation,carbona
Carbona,,,variation,Carbona-
,,,variation,Carbona 
,,,variation,Carbonaa
,,,variation,Carbonae
,,,variation,Cqrbon
,,,variation,Carbona
,,,variation,Carbona
,,,variation,Carbona
,,,variation,Carbona
,,,variation,Carbona
,,,variation,Carbona
,,,variation,Carbona
---,,,,
B008Y3WS14,brand_name,GRANDMA'S PURE & NATURAL,variation,GRANDMA'S PURE & NATURAL
https://www.amazon.com/dp/B008Y3WS14,,,variation,grandma's pure & natural
GRANDMA'S PURE & NATURAL,,,variation,GrandmasPure&Natural
,,,variation,Grandmas-Pure-Natural
,,,variation,Grandma's
,,,variation,Grandmas Pure & Natural
,,,variation,Grndma's Pure & Natural
,,,variation,GRANDMAS PURE & NATURAL
,,,variation,Grandma's Pure Natural
,,,variation,Grandma Pure & Natural
---,,,,
B07RXM3S5M,brand_name,all,variation,all
https://www.amazon.com/dp/B07RXM3S5M,,,variation,All
all,,,variation,aLL
,,,variation,al
,,,variation,alL
,,,variation,awl
,,,variation,alll
,,,variation,al1
,,,variation,alll
,,,variation,al-ll
---,,,,
B0711QKVQ9,brand_name,Carbona,variation,Carbona
https://www.amazon.com/dp/B0711QKVQ9,,,variation,carbona
Carbona,,,variation,Carbona-
,,,variation,Carbona 
,,,variation,Carbonaa
,,,variation,Carbonae
,,,variation,Carbonaq
,,,variation,Carbonaa
,,,variation,Cabrona
,,,variation,Carbonaa
,,,variation,Carbonae
,,,variation,Carbona-
,,,variation,Carbonaa
,,,variation,Carbonaq
---,,,,
B07S3XX4FP,brand_name,all,variation,all
https://www.amazon.com/dp/B07S3XX4FP,,,variation,All
all,,,variation,aLL
,,,variation,al
,,,variation,alL
,,,variation,alll
,,,variation,alll
,,,variation,alll
,,,variation,alll
,,,variation,al1
---,,,,
B074NB6J6J,brand_name,OxiClean,variation,OxiClean
https://www.amazon.com/dp/B074NB6J6J,,,variation,oxiclean
OxiClean,,,variation,Oxi Clean
,,,variation,oxi clean
,,,variation,OxiCleen
,,,variation,OxiClen
,,,variation,OxiClea
,,,variation,OxiCleen
,,,variation,OxiCkan
,,,variation,OxiClea
---,,,,
B08TNV9ZB5,brand_name,Tide,variation,Tide
https://www.amazon.com/dp/B08TNV9ZB5,,,variation,tide
Tide,,,variation,Tidee
,,,variation,Tide-
,,,variation,Tidee
,,,variation,Tidee
,,,variation,Tide
,,,variation,Tide
,,,variation,Tide
,,,variation,Tide
---,,,,
B074VG9HB9,brand_name,Nellie's,variation,Nellie's
https://www.amazon.com/dp/B074VG9HB9,,,variation,nellie's
Nellie's,,,variation,Nellies
,,,variation,Nellie
,,,variation,Nellies's
,,,variation,Nellies
,,,variation,Nellies
,,,variation,Nellies
,,,variation,Nellies
,,,variation,Nellies
,,,variation,Nellies
---,,,,
B00HWJ1DTY,brand_name,Earth Friendly Products,variation,Earth Friendly Products
https://www.amazon.com/dp/B00HWJ1DTY,,,variation,earth friendly products
Earth Friendly Products,,,variation,EarthFriendlyProducts
,,,variation,Earth-Friendly-Products
,,,variation,Earth
,,,variation,Erath Friendly Products
,,,variation,Earth Frendly Products
,,,variation,Eart Friendly Products
,,,variation,Earth Friendly Prodcts
,,,variation,Eart Friendly Produts
,,,variation,Earth Frendly Produts
,,,variation,Eart Friendly Producs
,,,variation,Earth Freindly Products
---,,,,
B002YCA9EY,brand_name,Rit,variation,Rit
https://www.amazon.com/dp/B002YCA9EY,,,variation,rit
Rit,,,variation,RIT
,,,variation,Ritd
,,,variation,Ritf
,,,variation,Ritx
,,,variation,Rit
,,,variation,Rit
,,,variation,Rit
,,,variation,Rit
---,,,,
B0G318MG72,brand_name,Brother,variation,Brother
https://www.amazon.com/dp/B0G318MG72,,,variation,brother
Brother,,,variation,Brothr
,,,variation,Bother
,,,variation,Brothe
,,,variation,Brither
,,,variation,Brotheer
,,,variation,Brotherr
,,,variation,Brotter
,,,variation,Brothar
---,,,,
B0G6ZSGSBR,brand_name,Scopck,variation,Scopck
https://www.amazon.com/dp/B0G6ZSGSBR,,,variation,scopck
Scopck,,,variation,ScopCk
,,,variation,Scop-ck
,,,variation,Scopckk
,,,variation,Scopckc
,,,variation,Scopckx
,,,variation,Scopkc
,,,variation,Scopckq
,,,variation,Scopckz
,,,variation,Scopckc
,,,variation,Scopckk
,,,variation,Scopck
,,,variation,Scopck
---,,,,
B0FLK79TB9,brand_name,TANKITIAL,variation,TANKITIAL
https://www.amazon.com/dp/B0FLK79TB9,,,variation,tankitial
TANKITIAL,,,variation,Tankitail
,,,variation,Tank-I-Tial
,,,variation,TANK-ITIAL
,,,variation,TANKITIALS
,,,variation,TANKITIALl
,,,variation,TANKITIAL
,,,variation,TANKITIAL
,,,variation,TANKITIAL
---,,,,
B00OZWX100,brand_name,SINGER,variation,SINGER
https://www.amazon.com/dp/B00OZWX100,,,variation,singer
SINGER,,,variation,Singer
,,,variation,SINGEr
,,,variation,SINGR
,,,variation,SINGE
,,,variation,SINGEER
,,,variation,SINGEER
,,,variation,SINGEER
,,,variation,SINGEER
---,,,,
B0FPQ8D749,brand_name,Caydo,variation,Caydo
https://www.amazon.com/dp/B0FPQ8D749,,,variation,caydo
Caydo,,,variation,Caydoe
,,,variation,Caydo-
,,,variation,Caydo 
,,,variation,Caydo1
,,,variation,Caydoq
,,,variation,Caydoe
,,,variation,Caydoa
,,,variation,Caydoe
,,,variation,Caydoe
,,,variation,Caydoe
,,,variation,Caydoe
---,,,,
B0DDY91C4V,brand_name,SINGER,variation,SINGER
https://www.amazon.com/dp/B0DDY91C4V,,,variation,singer
SINGER,,,variation,Singer
,,,variation,SINGEr
,,,variation,SINGR
,,,variation,SINGE
,,,variation,SINGEER
,,,variation,SINGEER
,,,variation,SINGEER
,,,variation,SINGEER
---,,,,
B0F5YKHP7Z,brand_name,Brother,variation,Brother
https://www.amazon.com/dp/B0F5YKHP7Z,,,variation,brother
Brother,,,variation,Brothr
,,,variation,Brothe
,,,variation,Bother
,,,variation,Brither
,,,variation,Brotheer
,,,variation,Brotherr
,,,variation,Broth
,,,variation,Brotger
---,,,,
B0DKKLK5NL,brand_name,Brother,variation,Brother
https://www.amazon.com/dp/B0DKKLK5NL,,,variation,brother
Brother,,,variation,Brothr
,,,variation,Bother
,,,variation,Brothe
,,,variation,Brither
,,,variation,Brotheer
,,,variation,Brotherr
,,,variation,Broth
,,,variation,Brotter
,,,variation,Brothar
---,,,,
B0DKK2QWJB,brand_name,Brother,variation,Brother
https://www.amazon.com/dp/B0DKK2QWJB,,,variation,brother
Brother,,,variation,Bother
,,,variation,Brothr
,,,variation,Brothe
,,,variation,Brither
,,,variation,Brotheer
,,,variation,Brotherr
,,,variation,Brothar
,,,variation,Brothre
---,,,,
B0D6D7J9N3,brand_name,Brother,variation,Brother
https://www.amazon.com/dp/B0D6D7J9N3,,,variation,brother
Brother,,,variation,Brothr
,,,variation,Brothe
,,,variation,Bother
,,,variation,Brither
,,,variation,Brotheer
,,,variation,Brotherr
,,,variation,Broth
,,,variation,Brotger
---,,,,
B00JBKVN8S,brand_name,Brother,variation,Brother
https://www.amazon.com/dp/B00JBKVN8S,,,variation,brother
Brother,,,variation,Brothr
,,,variation,Brothe
,,,variation,Bother
,,,variation,Brither
,,,variation,Brotheer
,,,variation,Brotherr
,,,variation,Brotger
,,,variation,Brothar
---,,,,
B0G2ZXB6DK,brand_name,Brother,variation,Brother
https://www.amazon.com/dp/B0G2ZXB6DK,,,variation,brother
Brother,,,variation,Bother
,,,variation,Brothr
,,,variation,Brothe
,,,variation,Brither
,,,variation,Brotheer
,,,variation,Brotherr
,,,variation,Brothar
,,,variation,Brothre
---,,,,
B0D4XBPLRN,brand_name,Brother,variation,Brother
https://www.amazon.com/dp/B0D4XBPLRN,,,variation,brother
Brother,,,variation,Brothr
,,,variation,Brothe
,,,variation,Bother
,,,variation,Brither
,,,variation,Brotheer
,,,variation,Brotherr
,,,variation,Broth
,,,variation,Brotger
---,,,,
B0G2ZLMVJS,brand_name,Brother,variation,Brother
https://www.amazon.com/dp/B0G2ZLMVJS,,,variation,brother
Brother,,,variation,Brothr
,,,variation,Brothe
,,,variation,Bother
,,,variation,Brither
,,,variation,Brotheer
,,,variation,Brotherr
,,,variation,Broth
,,,variation,Brotger
---,,,,
B0D43TCPR8,brand_name,Brother,variation,Brother
https://www.amazon.com/dp/B0D43TCPR8,,,variation,brother
Brother,,,variation,Brothr
,,,variation,Brothe
,,,variation,Bother
,,,variation,Brither
,,,variation,Brotheer
,,,variation,Brotherr
,,,variation,Brothar
,,,variation,Brothre
---,,,,
B0B8DYP1RN,brand_name,Brother,variation,Brother
https://www.amazon.com/dp/B0B8DYP1RN,,,variation,brother
Brother,,,variation,Brothr
,,,variation,Bother
,,,variation,Brothe
,,,variation,Brither
,,,variation,Brotheer
,,,variation,Brotherr
,,,variation,Broth
,,,variation,Brotger
,,,variation,Brothar
,,,variation,Brothre
,,,variation,Brotherrr
---,,,,
B0DKK2FF3G,brand_name,Brother,variation,Brother
https://www.amazon.com/dp/B0DKK2FF3G,,,variation,brother
Brother,,,variation,Brothr
,,,variation,Brothe
,,,variation,Bother
,,,variation,Brither
,,,variation,Brotheer
,,,variation,Brotherr
,,,variation,Broth
,,,variation,Brotger
---,,,,
B0DKKY2ZL3,brand_name,Brother,variation,Brother
https://www.amazon.com/dp/B0DKKY2ZL3,,,variation,brother
Brother,,,variation,Brothr
,,,variation,Bother
,,,variation,Brothe
,,,variation,Brither
,,,variation,Brotheer
,,,variation,Brotherr
,,,variation,Brotter
,,,variation,Broth
---,,,,
B0DCSH6MG5,brand_name,Scopck,variation,Scopck
https://www.amazon.com/dp/B0DCSH6MG5,,,variation,scopck
Scopck,,,variation,ScopCk
,,,variation,Scop-ck
,,,variation,Scopckk
,,,variation,Scopckc
,,,variation,Scopckx
,,,variation,Scopkc
,,,variation,Scopckq
,,,variation,Scopckz
,,,variation,Scopckc
,,,variation,Scopckk
,,,variation,Scopck
,,,variation,Scopck
---,,,,
B0DM8L7ZH5,brand_name,Scopck,variation,Scopck
https://www.amazon.com/dp/B0DM8L7ZH5,,,variation,scopck
Scopck,,,variation,ScopCk
,,,variation,Scop-ck
,,,variation,Scopckk
,,,variation,Scopckc
,,,variation,Scopok
,,,variation,Scopckx
,,,variation,Scopkc
,,,variation,Scopckz
,,,variation,Scopc
---,,,,
B08LBYYG19,brand_name,Red Heart,variation,Red Heart
https://www.amazon.com/dp/B08LBYYG19,,,variation,red heart
Red Heart,,,variation,RedHeart
,,,variation,Red-Heart
,,,variation,RedHrt
,,,variation,Reed Heart
,,,variation,Red Hrt
,,,variation,ReedHrt
,,,variation,Redd Heart
,,,variation,Red Hear
---,,,,
B001GJDD62,brand_name,Coats & Clark,variation,Coats & Clark
https://www.amazon.com/dp/B001GJDD62,,,variation,coats & clark
Coats & Clark,,,variation,Coats&Clark
,,,variation,Coats-Clark
,,,variation,Coats Clark
,,,variation,Coats
,,,variation,Coats & Clak
,,,variation,Coats & Clarrk
,,,variation,Coats & Clak
,,,variation,Coats & Clarc
---,,,,
B0001DTL9C,brand_name,DMC,variation,DMC
https://www.amazon.com/dp/B0001DTL9C,,,variation,dmc
DMC,,,variation,Dmc
,,,variation,DMCs
,,,variation,DMC-
,,,variation,DMC-
,,,variation,DMC-
,,,variation,DMC-
,,,variation,DMC-
,,,variation,DMC-
---,,,,
B000QHF886,brand_name,Lily,variation,Lily
https://www.amazon.com/dp/B000QHF886,,,variation,lily
Lily,,,variation,Lily-
,,,variation,Lil
,,,variation,Lilyy
,,,variation,Lilyi
,,,variation,Lilyu
,,,variation,Lilyo
,,,variation,Lilya
,,,variation,Lilye
---,,,,
B003VWL5XK,brand_name,Patons,variation,Patons
https://www.amazon.com/dp/B003VWL5XK,,,variation,patons
Patons,,,variation,Paton
,,,variation,paton
,,,variation,Pations
,,,variation,Patonss
,,,variation,Pation
,,,variation,Patoons
,,,variation,Patoons
,,,variation,Paitons
,,,variation,Paitons
,,,variation,Patoons
,,,variation,Patons-
,,,variation,Patons-
---,,,,
B00B3HSREA,brand_name,DMC,variation,DMC
https://www.amazon.com/dp/B00B3HSREA,,,variation,dmc
DMC,,,variation,Dmc
,,,variation,D-M-C
,,,variation,DMCs
,,,variation,DMC
,,,variation,DMC-
,,,variation,DMC-
,,,variation,DMC-
,,,variation,DMC-
,,,variation,DMC-
---,,,,
B015HR8KVQ,brand_name,Lily,variation,Lily
https://www.amazon.com/dp/B015HR8KVQ,,,variation,lily
Lily,,,variation,Lily-
,,,variation,Lil
,,,variation,Lilyy
,,,variation,Lilyi
,,,variation,Lilyu
,,,variation,Lilyo
,,,variation,Lilya
,,,variation,Lilye
---,,,,
B072L2FK2Y,brand_name,Lily,variation,Lily
https://www.amazon.com/dp/B072L2FK2Y,,,variation,lily
Lily,,,variation,Lilyy
,,,variation,Lily-
,,,variation,Lil
,,,variation,Lilyy
,,,variation,Lilyi
,,,variation,Lilyu
,,,variation,Lilyo
,,,variation,Lilya
,,,variation,Lilyi
---,,,,
B001E5XUPM,brand_name,DMC,variation,DMC
https://www.amazon.com/dp/B001E5XUPM,,,variation,dmc
DMC,,,variation,Dmc
,,,variation,D-M-C
,,,variation,DMCs
,,,variation,DMC
,,,variation,DMC-
,,,variation,DMC-
,,,variation,DMC-
,,,variation,DMC-
,,,variation,DMC-
---,,,,
B08NS8HX25,brand_name,Bernat Yarn,variation,Bernat Yarn
https://www.amazon.com/dp/B08NS8HX25,,,variation,bernat yarn
Bernat Yarn,,,variation,BernatYarn
,,,variation,Bernat-Yarn
,,,variation,Bernat
,,,variation,Bernet Yarn
,,,variation,Bernat Yrn
,,,variation,Bernat Yarm
,,,variation,Bernat Yran
,,,variation,Bermat Yarn
,,,variation,Bernat Yarrn
,,,variation,Bernat Yrn
,,,variation,Bernat Yran
,,,variation,BernatYarnn
---,,,,
B00K13OHIC,brand_name,Bernat,variation,Bernat
https://www.amazon.com/dp/B00K13OHIC,,,variation,bernat
Bernat,,,variation,Bernat-
,,,variation,Bernat 
,,,variation,Brenat
,,,variation,Bernattt
,,,variation,Bernatd
,,,variation,Berrnat
,,,variation,Bernat 
,,,variation,Berrnat 
,,,variation,Bernatttt
---,,,,
B00K13ICD8,brand_name,Caron,variation,Caron
https://www.amazon.com/dp/B00K13ICD8,,,variation,caron
Caron,,,variation,Caron-
,,,variation,Caron 
,,,variation,Caronn
,,,variation,Caronn
,,,variation,Caronn
,,,variation,Caron
,,,variation,Caronn
,,,variation,Caronn
---,,,,
B001HVXGNO,brand_name,Coats Corrente,variation,Coats Corrente
https://www.amazon.com/dp/B001HVXGNO,,,variation,coats corrente
Coats Corrente,,,variation,CoatsCorrente
,,,variation,Coats-Corrente
,,,variation,Coats
,,,variation,Coats Corente
,,,variation,Coats Correntee
,,,variation,Coats Corent
,,,variation,Coats Corrent
,,,variation,Coats Correnet
,,,variation,Coats Correntee
,,,variation,Coats Corentte
---,,,,
B001E5ZVEU,brand_name,DMC,variation,DMC
https://www.amazon.com/dp/B001E5ZVEU,,,variation,dmc
DMC,,,variation,Dmc
,,,variation,D-M-C
,,,variation,DMCs
,,,variation,DMC
,,,variation,DMC-
,,,variation,DMC-
,,,variation,DMC-
,,,variation,DMC-
,,,variation,DMC-
---,,,,
B07C4HKZHW,brand_name,Lily,variation,Lily
https://www.amazon.com/dp/B07C4HKZHW,,,variation,lily
Lily,,,variation,Lilyy
,,,variation,Lily-
,,,variation,Lil
,,,variation,Lilyy
,,,variation,Lilyi
,,,variation,Lilyu
,,,variation,Lilyo
,,,variation,Lilya
---,,,,
B001GJHFHK,brand_name,Coats Corrente,variation,Coats Corrente
https://www.amazon.com/dp/B001GJHFHK,,,variation,coats corrente
Coats Corrente,,,variation,CoatsCorrente
,,,variation,Coats-Corrente
,,,variation,Coats
,,,variation,Coats Corente
,,,variation,Coats Correntee
,,,variation,Coats Corent
,,,variation,Coats Corrent
,,,variation,Coats Corren
---,,,,
B0033PEBGI,brand_name,DMC,variation,DMC
https://www.amazon.com/dp/B0033PEBGI,,,variation,dmc
DMC,,,variation,Dmc
,,,variation,D-M-C
,,,variation,DMCs
,,,variation,DMC
,,,variation,DMC-
,,,variation,DMC-
,,,variation,DMC-
,,,variation,DMC-
,,,variation,DMC-
---,,,,
B00WX34INM,brand_name,Red Heart,variation,Red Heart
https://www.amazon.com/dp/B00WX34INM,,,variation,red heart
Red Heart,,,variation,RedHeart
,,,variation,Red-Heart
,,,variation,RedHrt
,,,variation,Reed Heart
,,,variation,Red Hrt
,,,variation,ReedHrt
,,,variation,Redd Heart
,,,variation,Red Hear
---,,,,
B000I6FA8S,brand_name,Red Heart,variation,Red Heart
https://www.amazon.com/dp/B000I6FA8S,,,variation,red heart
Red Heart,,,variation,RedHeart
,,,variation,Red-Heart
,,,variation,RedHrt
,,,variation,Reed Heart
,,,variation,Red Hrt
,,,variation,Redd Heart
,,,variation,ReedHrt
,,,variation,RedHearts
---,,,,
B00BBRIFI0,brand_name,DMC,variation,DMC
https://www.amazon.com/dp/B00BBRIFI0,,,variation,dmc
DMC,,,variation,Dmc
,,,variation,DMCs
,,,variation,DMC-
,,,variation,DMC-1
,,,variation,DMC-2
,,,variation,DMC-3
,,,variation,DMC-4
,,,variation,DMC-5
,,,variation,DMC-6
,,,variation,DMC-7
,,,variation,DMC-8
,,,variation,DMC-9
---,,,,
B0C5MCCRCT,brand_name,SOEWIOU,variation,SOEWIOU
https://www.amazon.com/dp/B0C5MCCRCT,,,variation,soewiou
SOEWIOU,,,variation,Soewiou
,,,variation,Soe-Wiou
,,,variation,SoeWiou
,,,variation,SOEWIU
,,,variation,SOEWOIU
,,,variation,SOEWI0U
,,,variation,SOEWI0U
,,,variation,S0EWIOU
,,,variation,S0EWIU
,,,variation,S0EWOIU
,,,variation,SoeWIOU
---,,,,
B0CXXMFBF8,brand_name,ASDFGHT,variation,ASDFGHT
https://www.amazon.com/dp/B0CXXMFBF8,,,variation,asdfght
ASDFGHT,,,variation,ASDFGht
,,,variation,ASDF-GHT
,,,variation,ASDF GHT
,,,variation,ASDFGHTT
,,,variation,ASDFGHTY
,,,variation,ASDFGHTE
,,,variation,ASDFGHTD
,,,variation,ASDFGHTR
---,,,,
B0BZS138T7,brand_name,Holyfire,variation,Holyfire
https://www.amazon.com/dp/B0BZS138T7,,,variation,holyfire
Holyfire,,,variation,Holy Fire
,,,variation,Holy-fire
,,,variation,Holifire
,,,variation,Hollyfire
,,,variation,Hollyfier
,,,variation,Hollyfir
,,,variation,Holiifre
,,,variation,Hollyfie
---,,,,
B000HMA66Y,brand_name,Reefer-Galler,variation,Reefer-Galler
https://www.amazon.com/dp/B000HMA66Y,,,variation,reefer-galler
Reefer-Galler,,,variation,ReeferGaller
,,,variation,Reefer Galler
,,,variation,Reefer Galler
,,,variation,ReeferGaller
,,,variation,Reefer-Galr
,,,variation,Reefer-Galor
,,,variation,Reefer-Galel
,,,variation,Reefer-Gallerz
---,,,,
B0047GP328,brand_name,Merrick,variation,Merrick
https://www.amazon.com/dp/B0047GP328,,,variation,merrick
Merrick,,,variation,Merrik
,,,variation,Merick
,,,variation,Merrikc
,,,variation,Merrickk
,,,variation,Merrcik
,,,variation,Merrickc
,,,variation,Merrik
,,,variation,Merrikc
---,,,,
B0B3RF13WJ,brand_name,SOEWIOU,variation,SOEWIOU
https://www.amazon.com/dp/B0B3RF13WJ,,,variation,soewiou
SOEWIOU,,,variation,Soewiou
,,,variation,S0EWIOU
,,,variation,SOEWIUO
,,,variation,SOEWI0U
,,,variation,SEOWIOU
,,,variation,SOEWIU
,,,variation,SOEWIUO
,,,variation,SOEWIUO
---,,,,
B0BWYCH2FM,brand_name,SOEWIOU,variation,SOEWIOU
https://www.amazon.com/dp/B0BWYCH2FM,,,variation,soewiou
SOEWIOU,,,variation,Soewiou
,,,variation,S0EWIOU
,,,variation,SOEWI0U
,,,variation,SOEWIUO
,,,variation,SEOWIOU
,,,variation,SOEWIU
,,,variation,SOEWOIU
,,,variation,SOEWIUO
---,,,,
B0BWY7PCF6,brand_name,SOEWIOU,variation,SOEWIOU
https://www.amazon.com/dp/B0BWY7PCF6,,,variation,soewiou
SOEWIOU,,,variation,Soewiou
,,,variation,S0EWIOU
,,,variation,SOEWI0U
,,,variation,SOEWIUO
,,,variation,SEOWIOU
,,,variation,SOEWIU
,,,variation,SOEWOIU
,,,variation,SOEWIUO
---,,,,
B0BM8PXMBR,brand_name,SOEWIOU,variation,SOEWIOU
https://www.amazon.com/dp/B0BM8PXMBR,,,variation,soewiou
SOEWIOU,,,variation,Soewiou
,,,variation,S0EWIOU
,,,variation,SOEWI0U
,,,variation,SOEWIUO
,,,variation,SEOWIOU
,,,variation,SOEWIU
,,,variation,SOEWOIU
,,,variation,SOEWIUO
---,,,,
B0CKNX8TLF,brand_name,SOEWIOU,variation,SOEWIOU
https://www.amazon.com/dp/B0CKNX8TLF,,,variation,soewiou
SOEWIOU,,,variation,Soewiou
,,,variation,S0EWIOU
,,,variation,SOEWIUO
,,,variation,SOEWI0U
,,,variation,SEOWIOU
,,,variation,SOEWIU
,,,variation,SOEWIUO
,,,variation,SOEWIUO
---,,,,
B0C372TGST,brand_name,SOEWIOU,variation,SOEWIOU
https://www.amazon.com/dp/B0C372TGST,,,variation,soewiou
SOEWIOU,,,variation,Soewiou
,,,variation,Soe-Wiou
,,,variation,SoeWiou
,,,variation,SoeWio
,,,variation,SOEWIU
,,,variation,SOEWOIU
,,,variation,SOEWI0U
,,,variation,SOEWI0U
---,,,,
B0C1BJ7BNH,brand_name,SOEWIOU,variation,SOEWIOU
https://www.amazon.com/dp/B0C1BJ7BNH,,,variation,soewiou
SOEWIOU,,,variation,Soewiou
,,,variation,S0EW10U
,,,variation,SOEWI0U
,,,variation,SOEWIU
,,,variation,SEOWIOU
,,,variation,SOEWIUO
,,,variation,SOEWIU
,,,variation,SOEWIUO
---,,,,
