ASIN / Brand,Input Field,Input Value,Type,Variation
B00NQ2HREQ,brand_name,Alba Botanica,variation,Alba Botanica
https://www.amazon.com/dp/B00NQ2HREQ,,,variation,alba botanica
Alba Botanica,,,variation,AlbaBotanica
,,,variation,Alba-Botanica
,,,variation,Alba
,,,variation,Alba Botannica
,,,variation,Alba Botanicaa
,,,variation,Alba Botanicca
,,,variation,Alba Botanic
,,,variation,Alba Botanicah
---,,,,
B08D6ZK72M,brand_name,Ceramedx,variation,Ceramedx
https://www.amazon.com/dp/B08D6ZK72M,,,variation,ceramedx
Ceramedx,,,variation,Ceramed X
,,,variation,Ceram Edx
,,,variation,Ceramdx
,,,variation,Ceramedx
,,,variation,Ceramedx
,,,variation,Ceramedx
,,,variation,Ceramedx
,,,variation,Ceramedx
---,,,,
B09F1THVG5,brand_name,A'PIEU,variation,A'PIEU
https://www.amazon.com/dp/B09F1THVG5,,,variation,a'pieu
A'PIEU,,,variation,A-PIEU
,,,variation,A PIEU
,,,variation,APIEU
,,,variation,A'Pieu
,,,variation,A'Peeu
,,,variation,A'Pieu
,,,variation,A'PIE
,,,variation,A'Pieu
---,,,,
B00GMP22QM,brand_name,Vaseline,variation,Vaseline
https://www.amazon.com/dp/B00GMP22QM,,,variation,vaseline
Vaseline,,,variation,Vaselinee
,,,variation,Vaselin
,,,variation,Vaselinee
,,,variation,Vaseline
,,,variation,Vaselinee
,,,variation,Vaselin
,,,variation,Vaselinee
,,,variation,Vaselinee
---,,,,
B0018QJFP6,brand_name,CoverGirl,variation,CoverGirl
https://www.amazon.com/dp/B0018QJFP6,,,variation,covergirl
CoverGirl,,,variation,Cover Girl
,,,variation,cover girl
,,,variation,Cover-Girl
,,,variation,CovrGirl
,,,variation,CoveGirl
,,,variation,Covegril
,,,variation,Covegrl
,,,variation,CoveGurl
,,,variation,CoveGurl
,,,variation,CoveGril
,,,variation,CoveGIr
,,,variation,CoveGIr
---,,,,
B07DGK1BKH,brand_name,Johnson's Baby,variation,Johnson's Baby
https://www.amazon.com/dp/B07DGK1BKH,,,variation,johnson's baby
Johnson's Baby,,,variation,JohnsonsBaby
,,,variation,Johnsons-Baby
,,,variation,Johnson Baby
,,,variation,Johnsons
,,,variation,JohnsonsBby
,,,variation,Jhonson's Baby
,,,variation,Johnson's Babby
,,,variation,Jonson's Baby
,,,variation,Johnsons Bby
---,,,,
B0016AZC6K,brand_name,EO,variation,EO
https://www.amazon.com/dp/B0016AZC6K,,,variation,eo
EO,,,variation,Eo
,,,variation,E-O
,,,variation,E O
,,,variation,EOO
,,,variation,E0
,,,variation,E.O
,,,variation,E-OE
,,,variation,EoE
---,,,,
B082VM4SQ1,brand_name,SUNAROMA,variation,SUNAROMA
https://www.amazon.com/dp/B082VM4SQ1,,,variation,sunaroma
SUNAROMA,,,variation,SunaRoma
,,,variation,Suna-Roma
,,,variation,Sun Aroma
,,,variation,sun aroma
,,,variation,Sunaroma
,,,variation,Sunaromma
,,,variation,Sunaroma
,,,variation,Sunaroma
,,,variation,Sunaroma
,,,variation,Sunaroma
,,,variation,Sunaroma
---,,,,
B07ZPCDZ17,brand_name,Soothing Touch,variation,Soothing Touch
https://www.amazon.com/dp/B07ZPCDZ17,,,variation,soothing touch
Soothing Touch,,,variation,SoothingTouch
,,,variation,Soothing-Touch
,,,variation,Soothing
,,,variation,Sothing Touch
,,,variation,Soothng Touch
,,,variation,Soothing Tuch
,,,variation,Sothing Tuch
,,,variation,Sothing Tuchh
,,,variation,Sothing Tuch
,,,variation,Suthing Touch
,,,variation,Sothing Tuch
---,,,,
B00EQZDMBO,brand_name,Dermend,variation,Dermend
https://www.amazon.com/dp/B00EQZDMBO,,,variation,dermend
Dermend,,,variation,Derm-end
,,,variation,Der mend
,,,variation,Dremend
,,,variation,Dremnd
,,,variation,Dermendd
,,,variation,Dremend
,,,variation,Dermnd
,,,variation,Dremnd
,,,variation,Dremend
,,,variation,Derrmend
---,,,,
B00NFV4RSW,brand_name,Lottabody,variation,Lottabody
https://www.amazon.com/dp/B00NFV4RSW,,,variation,lottabody
Lottabody,,,variation,Lotta Body
,,,variation,lotta body
,,,variation,Lottabodi
,,,variation,Lottaboddy
,,,variation,Lottabod
,,,variation,Lottaboddy
,,,variation,Lottabodyy
,,,variation,Lottaboddy
,,,variation,Lottabodi
---,,,,
B0068SXPL4,brand_name,Skin Tight,variation,Skin Tight
https://www.amazon.com/dp/B0068SXPL4,,,variation,skin tight
Skin Tight,,,variation,SkinTight
,,,variation,Skin-Tight
,,,variation,Skin
,,,variation,Skn Tight
,,,variation,Skin Tite
,,,variation,Skn Tite
,,,variation,SknTight
,,,variation,Skn-Tight
,,,variation,Skn Tght
,,,variation,Skn Tigh
,,,variation,Skn Tighht
,,,variation,Skn Tigh
---,,,,
B07CH3RRNL,brand_name,Vaseline,variation,Vaseline
https://www.amazon.com/dp/B07CH3RRNL,,,variation,vaseline
Vaseline,,,variation,Vaselinee
,,,variation,Vaselin
,,,variation,Vaseline-
,,,variation,Vaselinee
,,,variation,Vaselinee
,,,variation,Vaselin
,,,variation,Vaselinee
,,,variation,Vaselinee
---,,,,
B00AO5JIFO,brand_name,Vaseline,variation,Vaseline
https://www.amazon.com/dp/B00AO5JIFO,,,variation,vaseline
Vaseline,,,variation,Vaselinee
,,,variation,Vaselin
,,,variation,Vaselinee
,,,variation,Vaselinee
,,,variation,Vaselinee
,,,variation,Vaselinee
,,,variation,Vaselinee
,,,variation,Vaselinee
---,,,,
B018J0PZCK,brand_name,Gold Bond,variation,Gold Bond
https://www.amazon.com/dp/B018J0PZCK,,,variation,gold bond
Gold Bond,,,variation,GoldBond
,,,variation,Gold-Bond
,,,variation,GoldBond
,,,variation,Gold Bnd
,,,variation,Gld Bond
,,,variation,Goldd Bond
,,,variation,Gold Bnd
,,,variation,Gld Bnd
---,,,,
B009GTFA42,brand_name,Blossom,variation,Blossom
https://www.amazon.com/dp/B009GTFA42,,,variation,blossom
Blossom,,,variation,Blosom
,,,variation,Blosom
,,,variation,Blosom
,,,variation,Blosom
,,,variation,Blosom
,,,variation,Blosom
,,,variation,Blosom
,,,variation,Blosom
,,,variation,Blosom
,,,variation,Blosom
,,,variation,Blosom
,,,variation,Blosom
---,,,,
B01N1EORFI,brand_name,Nature by Canus,variation,Nature by Canus
https://www.amazon.com/dp/B01N1EORFI,,,variation,nature by canus
Nature by Canus,,,variation,NaturebyCanus
,,,variation,Nature-By-Canus
,,,variation,Nature
,,,variation,Natre by Canus
,,,variation,Natre by Canus
,,,variation,Natre by Canus
,,,variation,Nate by Canus
,,,variation,Nate by Canus
,,,variation,Nate by Canus
,,,variation,Nate by Canus
,,,variation,Nate by Canus
---,,,,
B07N4BXQQK,brand_name,Soothing Touch,variation,Soothing Touch
https://www.amazon.com/dp/B07N4BXQQK,,,variation,soothing touch
Soothing Touch,,,variation,SoothingTouch
,,,variation,Soothing-Touch
,,,variation,Soothing
,,,variation,Sothing Touch
,,,variation,Soothng Touch
,,,variation,Soothing Tuch
,,,variation,Sothing Tuch
,,,variation,Sothing Tuchh
,,,variation,Sothing Tuch
,,,variation,Suthing Touch
,,,variation,Sothing Tuch
---,,,,
B07NF6424N,brand_name,ATTITUDE,variation,ATTITUDE
https://www.amazon.com/dp/B07NF6424N,,,variation,attitude
ATTITUDE,,,variation,Attitude
,,,variation,Atitude
,,,variation,ATTITUD
,,,variation,ATTITIDE
,,,variation,ATTTITUDE
,,,variation,ATTITUDD
,,,variation,AATTITUDE
,,,variation,A-T-T-I-T-U-D-E
---,,,,
B00E4MQKUY,brand_name,Banana Boat,variation,Banana Boat
https://www.amazon.com/dp/B00E4MQKUY,,,variation,banana boat
Banana Boat,,,variation,BananaBoat
,,,variation,Banana-Boat
,,,variation,Banana Boat
,,,variation,BananaBote
,,,variation,Banana Boatt
,,,variation,Banan Boat
,,,variation,Bananabote
,,,variation,Bananaboat
,,,variation,Banan Boat
---,,,,
B002VWK9FG,brand_name,Hawaiian Tropic,variation,Hawaiian Tropic
https://www.amazon.com/dp/B002VWK9FG,,,variation,hawaiian tropic
Hawaiian Tropic,,,variation,HawaiianTropic
,,,variation,Hawaiian-Tropic
,,,variation,Hawaiian
,,,variation,Hawain Tropic
,,,variation,Hawaiin Tropic
,,,variation,Hawaiian Tropik
,,,variation,Hawaiian Tropicq
,,,variation,Hawaiian Tropikc
,,,variation,Hawaiian Tropicx
,,,variation,Hawaiian Tropik
,,,variation,Hawaiian Tropc
---,,,,
B00166AW8M,brand_name,Blistex,variation,Blistex
https://www.amazon.com/dp/B00166AW8M,,,variation,blistex
Blistex,,,variation,Blistex
,,,variation,Bliste-x
,,,variation,Blis-Tex
,,,variation,Blistx
,,,variation,Blistec
,,,variation,Blistek
,,,variation,Blisteq
,,,variation,Blistex
---,,,,
B0B64JTT6X,brand_name,ROUND LAB,variation,ROUND LAB
https://www.amazon.com/dp/B0B64JTT6X,,,variation,round lab
ROUND LAB,,,variation,RoundLab
,,,variation,Round-Lab
,,,variation,RoundLab
,,,variation,Rond Lab
,,,variation,Roun Lab
,,,variation,ROUNDLAB
,,,variation,RUND LAB
,,,variation,RUNDLAB
,,,variation,ROND LAB
,,,variation,Rounld Lab
,,,variation,Roun Lab
,,,variation,Rounldab
---,,,,
B005IHTHUO,brand_name,Neutrogena,variation,Neutrogena
https://www.amazon.com/dp/B005IHTHUO,,,variation,neutrogena
Neutrogena,,,variation,Neutrogeena
,,,variation,Neutro-gena
,,,variation,Neutro gena
,,,variation,Neutrogna
,,,variation,Neutrogena
,,,variation,Neutrogenaa
,,,variation,Neutrogena
,,,variation,Neutrogna
,,,variation,Neutrogina
---,,,,
B000065V0C,brand_name,Alba Botanica,variation,Alba Botanica
https://www.amazon.com/dp/B000065V0C,,,variation,alba botanica
Alba Botanica,,,variation,AlbaBotanica
,,,variation,Alba-Botanica
,,,variation,Alba
,,,variation,Alba Botannica
,,,variation,Alba Botanicaa
,,,variation,Alba Botanicca
,,,variation,Alba Botanic
,,,variation,Alba Botanicah
---,,,,
B09W8Y8KFT,brand_name,ETUDE,variation,ETUDE
https://www.amazon.com/dp/B09W8Y8KFT,,,variation,etude
ETUDE,,,variation,Etude
,,,variation,E-T-U-D-E
,,,variation,Etu-de
,,,variation,Etu de
,,,variation,ETUDEE
,,,variation,ETUDEY
,,,variation,ETUDEW
,,,variation,ETUDEQ
---,,,,
B001IBOMMM,brand_name,Blistex,variation,Blistex
https://www.amazon.com/dp/B001IBOMMM,,,variation,blistex
Blistex,,,variation,Blistex
,,,variation,Blistx
,,,variation,Blistek
,,,variation,Blistec
,,,variation,Blistexx
,,,variation,Blistez
,,,variation,Blistex
,,,variation,Blistexx
,,,variation,Blisteq
,,,variation,Blistex-
,,,variation,Blistex-1
,,,variation,Blistex-2
---,,,,
B074JG627B,brand_name,Alba Botanica,variation,Alba Botanica
https://www.amazon.com/dp/B074JG627B,,,variation,alba botanica
Alba Botanica,,,variation,AlbaBotanica
,,,variation,Alba-Botanica
,,,variation,Alba
,,,variation,Alba Botannica
,,,variation,Alba Botanicaa
,,,variation,Alba Botanicca
,,,variation,Alba Botanic
,,,variation,Alba Botanicah
---,,,,
B0D1RK2GH9,brand_name,ShineMore,variation,ShineMore
https://www.amazon.com/dp/B0D1RK2GH9,,,variation,shinemore
ShineMore,,,variation,Shine More
,,,variation,Shine-More
,,,variation,Shinemore
,,,variation,ShinMore
,,,variation,ShinMoe
,,,variation,ShinMoree
,,,variation,ShineMoor
,,,variation,ShineMorr
,,,variation,Shinmore
,,,variation,Shinmorre
,,,variation,Shinmre
,,,variation,Shinm0re
---,,,,
B00QE2DAW8,brand_name,NIVEA,variation,NIVEA
https://www.amazon.com/dp/B00QE2DAW8,,,variation,nivea
NIVEA,,,variation,Nivea
,,,variation,NIVIA
,,,variation,NIVEA-
,,,variation,NIVEA 
,,,variation,NIVEA1
,,,variation,Nivea 
,,,variation,NiveaA
,,,variation,Niveea
,,,variation,Nivea
,,,variation,Nivea
,,,variation,Nivea
,,,variation,Nivea
---,,,,
B07S39GXV1,brand_name,ATTITUDE,variation,ATTITUDE
https://www.amazon.com/dp/B07S39GXV1,,,variation,attitude
ATTITUDE,,,variation,Attitude
,,,variation,ATTTUDE
,,,variation,ATTITUD
,,,variation,ATTITIDE
,,,variation,ATTTIDE
,,,variation,ATTITUDD
,,,variation,A-T-T-I-T-U-D-E
,,,variation,Attitide
---,,,,
B07YH19JQW,brand_name,Neutrogena,variation,Neutrogena
https://www.amazon.com/dp/B07YH19JQW,,,variation,neutrogena
Neutrogena,,,variation,Neutro-gena
,,,variation,Neutro gena
,,,variation,Neutro
,,,variation,Neutrogna
,,,variation,Neutrogena
,,,variation,Neutrogenaa
,,,variation,Neutrogena
,,,variation,Neutrogna
,,,variation,Neutrogena
---,,,,
B01KL1FWY6,brand_name,Alba Botanica,variation,Alba Botanica
https://www.amazon.com/dp/B01KL1FWY6,,,variation,alba botanica
Alba Botanica,,,variation,AlbaBotanica
,,,variation,Alba-Botanica
,,,variation,Alba
,,,variation,Alba Botannica
,,,variation,Alba Botanicaa
,,,variation,Alba Botanicca
,,,variation,Alba Botanic
,,,variation,Alba Botanicah
---,,,,
B00E5QM33C,brand_name,Banana Boat,variation,Banana Boat
https://www.amazon.com/dp/B00E5QM33C,,,variation,banana boat
Banana Boat,,,variation,BananaBoat
,,,variation,Banana-Boat
,,,variation,Banana
,,,variation,Banana Boatt
,,,variation,Banana Bboat
,,,variation,Banan Boat
,,,variation,Bananaboot
,,,variation,Banana Bote
,,,variation,Banana Boatt
,,,variation,Banan Boat
---,,,,
B078BF2BGP,brand_name,Coppertone,variation,Coppertone
https://www.amazon.com/dp/B078BF2BGP,,,variation,coppertone
Coppertone,,,variation,Copper tone
,,,variation,CopperTone
,,,variation,Coprertone
,,,variation,Coppetone
,,,variation,Coppetone
,,,variation,Coppetone
,,,variation,Coppetone
,,,variation,Coppetone
---,,,,
B000HHQB8G,brand_name,Healthy Haircare Product,variation,Healthy Haircare Product
https://www.amazon.com/dp/B000HHQB8G,,,variation,healthy haircare product
Healthy Haircare Product,,,variation,HealthyHaircareProduct
,,,variation,Healthy-Haircare-Product
,,,variation,Healthy Haircare
,,,variation,HealthyHaircare
,,,variation,Healhty Haircare Product
,,,variation,Healthy Haircare Prodct
,,,variation,Healty Haircare Product
,,,variation,Healthy Haircare Prduct
---,,,,
B079Y8JPJH,brand_name,Alba Botanica,variation,Alba Botanica
https://www.amazon.com/dp/B079Y8JPJH,,,variation,alba botanica
Alba Botanica,,,variation,AlbaBotanica
,,,variation,Alba-Botanica
,,,variation,Alba
,,,variation,Alba Botannica
,,,variation,Alba Botanicaa
,,,variation,Alba Botanicca
,,,variation,Alba Botanic
,,,variation,Alba Botanicah
---,,,,
B01IAFK038,brand_name,NIVEA MEN,variation,NIVEA MEN
https://www.amazon.com/dp/B01IAFK038,,,variation,nivea men
NIVEA MEN,,,variation,NIVEAMEN
,,,variation,NIVEA-MEN
,,,variation,NIVEA
,,,variation,Nivea Men
,,,variation,Nivea
,,,variation,NiveaM
,,,variation,Nivea-M
,,,variation,NIVEA-MENN
,,,variation,NIVEA MENN
,,,variation,NIVEA MENNN
,,,variation,NIVEA MENS
---,,,,
B0B8QBVNTB,brand_name,Curve,variation,Curve
https://www.amazon.com/dp/B0B8QBVNTB,,,variation,curve
Curve,,,variation,Curv
,,,variation,Cureve
,,,variation,Curvve
,,,variation,Cure
,,,variation,Cuv
,,,variation,Curv-
,,,variation,Curv e
,,,variation,Curev
,,,variation,Curvve
,,,variation,Curevve
---,,,,
B09L481HXK,brand_name,PuroSentido by: Scentrade,variation,PuroSentido
https://www.amazon.com/dp/B09L481HXK,,,variation,purosentido
PuroSentido by: Scentrade,,,variation,Puro Sentido
,,,variation,Puro-Sentido
,,,variation,PuroSentiido
,,,variation,PuroSentidoo
,,,variation,PuroSentidoo
,,,variation,PuroSentidoe
,,,variation,PuroSentindo
,,,variation,PuroSentidoo
,,,variation,PuroSentidoa
---,,,,
B01DV1XI30,brand_name,Pitbull,variation,Pitbull
https://www.amazon.com/dp/B01DV1XI30,,,variation,pitbull
Pitbull,,,variation,Pit Bull
,,,variation,Pitbulls
,,,variation,Pittbull
,,,variation,Pitbll
,,,variation,Pitbul
,,,variation,Pittbul
,,,variation,Pibull
,,,variation,Pitbll
---,,,,
9790778619,brand_name,Guy Laroche,variation,Guy Laroche
https://www.amazon.com/dp/9790778619,,,variation,guy laroche
Guy Laroche,,,variation,GuyLaroche
,,,variation,Guy-Laroche
,,,variation,Guy
,,,variation,Guy Laroach
,,,variation,Gai Laroche
,,,variation,Guy Laroce
,,,variation,Gyu Laroche
,,,variation,Guy Laroch
,,,variation,Guy Larohe
,,,variation,Guy Laroach
,,,variation,Guy Laroce
---,,,,
B0961FCQH9,brand_name,Noa Kirel,variation,Noa Kirel
https://www.amazon.com/dp/B0961FCQH9,,,variation,noa kirel
Noa Kirel,,,variation,NoaKirel
,,,variation,Noa-Kirel
,,,variation,Noa
,,,variation,Noa Kirell
,,,variation,Noa Kirel
,,,variation,Noa Kirel
,,,variation,Noa Kirel
,,,variation,Noa Kirel
---,,,,
9790792220,brand_name,Jennifer Lopez,variation,Jennifer Lopez
https://www.amazon.com/dp/9790792220,,,variation,jennifer lopez
Jennifer Lopez,,,variation,JenniferLopez
,,,variation,Jennifer-Lopez
,,,variation,Jennifer
,,,variation,Jennefer Lopez
,,,variation,Jennifer Loopez
,,,variation,Jeniffer Lopez
,,,variation,Jennefer Lopezz
,,,variation,Jeniifer Lopez
---,,,,
B000Y8UTAO,brand_name,Top Performance,variation,Top Performance
https://www.amazon.com/dp/B000Y8UTAO,,,variation,top performance
Top Performance,,,variation,TopPerformance
,,,variation,Top-Performance
,,,variation,Top
,,,variation,Tpo Performance
,,,variation,Top Perfromance
,,,variation,Top Performnce
,,,variation,T0p Performance
,,,variation,Top Performace
---,,,,
B01EZUGJKA,brand_name,Espree,variation,Espree
https://www.amazon.com/dp/B01EZUGJKA,,,variation,espree
Espree,,,variation,Espreee
,,,variation,Esprree
,,,variation,Espre
,,,variation,Espreee
,,,variation,Espree-
,,,variation,Espree 
,,,variation,Esprie
,,,variation,Esprreee
,,,variation,Espreey
---,,,,
B07QLFP3NK,brand_name,Jovan,variation,Jovan
https://www.amazon.com/dp/B07QLFP3NK,,,variation,jovan
Jovan,,,variation,Jovann
,,,variation,Jovon
,,,variation,Jovam
,,,variation,Jovab
,,,variation,Jovqn
,,,variation,Jovzn
,,,variation,Jovah
,,,variation,Jovannn
---,,,,
B0002JGHAG,brand_name,HERITAGE STORE,variation,HERITAGE STORE
https://www.amazon.com/dp/B0002JGHAG,,,variation,heritage store
HERITAGE STORE,,,variation,HeritageStore
,,,variation,Heritage-Store
,,,variation,Heritage Store
,,,variation,Heritge Store
,,,variation,Heritage Stoe
,,,variation,Heritage Storr
,,,variation,Heritage Stoe
,,,variation,Heritge Storr
,,,variation,Hritage Store
,,,variation,Heritge Store
,,,variation,Heritge Stoe
,,,variation,Heritage Storr
---,,,,
B000VOJHHW,brand_name,Cuba,variation,Cuba
https://www.amazon.com/dp/B000VOJHHW,,,variation,cuba
Cuba,,,variation,Cuba-
,,,variation,Cubba
,,,variation,Cubaa
,,,variation,Cuba 
,,,variation,Cybba
,,,variation,Cubaq
,,,variation,Cubae
,,,variation,Cuba!
---,,,,
B0039BOZ08,brand_name,Aura Cacia,variation,Aura Cacia
https://www.amazon.com/dp/B0039BOZ08,,,variation,aura cacia
Aura Cacia,,,variation,AuraCacia
,,,variation,Aura-Cacia
,,,variation,Aura
,,,variation,Aura Caciaa
,,,variation,Aura Cacia
,,,variation,AuraCaciaa
,,,variation,Aura Cacia
,,,variation,AuraCacia
,,,variation,Aura Cacia
,,,variation,Aura Cacia
,,,variation,Aura Cacia
,,,variation,Aura Cacia
---,,,,
B00FJ5NQY8,brand_name,PetAg,variation,PetAg
https://www.amazon.com/dp/B00FJ5NQY8,,,variation,petag
PetAg,,,variation,Pet Ag
,,,variation,pet Ag
,,,variation,PetaG
,,,variation,Peta
,,,variation,PeAg
,,,variation,PetA
,,,variation,Petg
,,,variation,PeTag
,,,variation,PetAgs
,,,variation,Petaag
,,,variation,PwtAg
---,,,,
B00BSL1Y3M,brand_name,PPP,variation,PPP
https://www.amazon.com/dp/B00BSL1Y3M,,,variation,ppp
PPP,,,variation,PpP
,,,variation,P-P-P
,,,variation,P P P
,,,variation,PpPp
,,,variation,PP
,,,variation,Pp
,,,variation,P-P
,,,variation,PpP-
,,,variation,P-P
,,,variation,PpP1
,,,variation,P-P-P1
---,,,,
B09TBM25XV,brand_name,Paris Hilton,variation,Paris Hilton
https://www.amazon.com/dp/B09TBM25XV,,,variation,paris hilton
Paris Hilton,,,variation,ParisHilton
,,,variation,Paris-Hilton
,,,variation,Paris
,,,variation,Parris Hilton
,,,variation,Paris HIlton
,,,variation,Paaris Hilton
,,,variation,Parys Hilton
,,,variation,Pariss Hilton
,,,variation,Pari Hilton
---,,,,
B000KHKG52,brand_name,Ecco Bella,variation,Ecco Bella
https://www.amazon.com/dp/B000KHKG52,,,variation,ecco bella
Ecco Bella,,,variation,EccoBella
,,,variation,Ecco-Bella
,,,variation,Ecco
,,,variation,Ecco Blla
,,,variation,Ecco Bel
,,,variation,Ecco Blla
,,,variation,Ecco Bela
,,,variation,EccoBela
,,,variation,EccoBelaa
,,,variation,EccoBela
,,,variation,Eccobella
,,,variation,Eccobela
---,,,,
B00BOJIA62,brand_name,VARON DANDY,variation,VARON DANDY
https://www.amazon.com/dp/B00BOJIA62,,,variation,varon dandy
VARON DANDY,,,variation,VaronDandy
,,,variation,Varon-Dandy
,,,variation,Varon
,,,variation,Varon Dandy
,,,variation,Varn Dandy
,,,variation,VARON DANDI
,,,variation,Varon Dandy
,,,variation,Varn Dandy
---,,,,
B00VTU7QY8,brand_name,COVERGIRL,variation,COVERGIRL
https://www.amazon.com/dp/B00VTU7QY8,,,variation,covergirl
COVERGIRL,,,variation,CoverGirl
,,,variation,COVER GIRL
,,,variation,COVER-GIRL
,,,variation,COVRGIRL
,,,variation,COVERGIRLZ
,,,variation,COVERGIRL1
,,,variation,COVRGRL
,,,variation,COVR GIRL
---,,,,
B071HF4D8T,brand_name,Neutrogena,variation,Neutrogena
https://www.amazon.com/dp/B071HF4D8T,,,variation,neutrogena
Neutrogena,,,variation,Neutro-gena
,,,variation,Neutro gena
,,,variation,Neutro
,,,variation,Neutrogna
,,,variation,Neutrogena
,,,variation,Neutrogenaa
,,,variation,Neutrogena
,,,variation,Neutrogna
,,,variation,Neutrogna
---,,,,
B01B27Y7JO,brand_name,REVLON,variation,REVLON
https://www.amazon.com/dp/B01B27Y7JO,,,variation,revlon
REVLON,,,variation,Revlon
,,,variation,Rev-lon
,,,variation,Rev Lon
,,,variation,Revlonn
,,,variation,Revlon
,,,variation,Revlon
,,,variation,Revlonm
,,,variation,Revlonx
,,,variation,Revlonl
,,,variation,Revlonr
,,,variation,Revlonw
,,,variation,Revlonq
---,,,,
B08MWD3K8L,brand_name,Almay,variation,Almay
https://www.amazon.com/dp/B08MWD3K8L,,,variation,almay
Almay,,,variation,Almae
,,,variation,Almayy
,,,variation,Almayw
,,,variation,Almayy
,,,variation,Almay
,,,variation,Almaye
,,,variation,Almays
,,,variation,Almau
---,,,,
B0126RXSM6,brand_name,MAYBELLINE,variation,MAYBELLINE
https://www.amazon.com/dp/B0126RXSM6,,,variation,maybelline
MAYBELLINE,,,variation,Maybelline
,,,variation,May-Belline
,,,variation,MAY-BELLINE
,,,variation,MAYBELIN
,,,variation,MAYBELINEE
,,,variation,MAYBELINEE
,,,variation,Mabeline
,,,variation,Maybeline
,,,variation,Maybellin
---,,,,
B00CXK2DW8,brand_name,Almay,variation,Almay
https://www.amazon.com/dp/B00CXK2DW8,,,variation,almay
Almay,,,variation,Almae
,,,variation,Almayy
,,,variation,Almayw
,,,variation,Almya
,,,variation,Almays
,,,variation,Almau
,,,variation,Almyae
,,,variation,Almayy
---,,,,
B00MFXUS2U,brand_name,COVERGIRL,variation,COVERGIRL
https://www.amazon.com/dp/B00MFXUS2U,,,variation,covergirl
COVERGIRL,,,variation,Covergirl
,,,variation,COVER GIRL
,,,variation,COVER-GIRL
,,,variation,COVRGIRL
,,,variation,COVERGIRLZ
,,,variation,COVRGRL
,,,variation,COVERGIRL1
,,,variation,COVRGRIL
---,,,,
B072JHNDNY,brand_name,Almay,variation,Almay
https://www.amazon.com/dp/B072JHNDNY,,,variation,almay
Almay,,,variation,Almae
,,,variation,Almayy
,,,variation,Almayw
,,,variation,Almya
,,,variation,Almays
,,,variation,Almau
,,,variation,Almyae
,,,variation,Almayy
---,,,,
B07RH4NYZ6,brand_name,L.A. Girl,variation,L.A. Girl
https://www.amazon.com/dp/B07RH4NYZ6,,,variation,l.a. girl
L.A. Girl,,,variation,LAGirl
,,,variation,L-A-Girl
,,,variation,L A Girl
,,,variation,LAGirl
,,,variation,LA Girl
,,,variation,L.A.Girl
,,,variation,L.A Girl
,,,variation,L.A. gir
,,,variation,L.A. Gurl
,,,variation,L.A. Gri
,,,variation,L.A. Giel
---,,,,
B01IAFIMF6,brand_name,L'Oreal Paris,variation,L'Oreal Paris
https://www.amazon.com/dp/B01IAFIMF6,,,variation,l'oreal paris
L'Oreal Paris,,,variation,L'OrealParis
,,,variation,L'Oreal-Paris
,,,variation,Loreal Paris
,,,variation,Lorel Paris
,,,variation,L'Oreal Pairs
,,,variation,L'Oreal Pariss
,,,variation,L'Oreal Parris
,,,variation,L'Oreal Pary
,,,variation,L'Oreal Paryis
,,,variation,L'Oreal Paryss
,,,variation,L'Oreal Paryis
,,,variation,L'Oreal Paryis
---,,,,
B07W8X5QFH,brand_name,Bourjois,variation,Bourjois
https://www.amazon.com/dp/B07W8X5QFH,,,variation,bourjois
Bourjois,,,variation,Bourjois
,,,variation,Bourjois-
,,,variation,Bourjoi
,,,variation,Bourjois
,,,variation,Bourjous
,,,variation,Bourjois
,,,variation,Bourjois
,,,variation,Bourjoi
---,,,,
B071214142,brand_name,Almay,variation,Almay
https://www.amazon.com/dp/B071214142,,,variation,almay
Almay,,,variation,Almae
,,,variation,Almayy
,,,variation,Almayw
,,,variation,Almya
,,,variation,Almays
,,,variation,Almau
,,,variation,Almyae
,,,variation,Almayy
---,,,,
B000052ZBH,brand_name,Almay,variation,Almay
https://www.amazon.com/dp/B000052ZBH,,,variation,almay
Almay,,,variation,Almae
,,,variation,Almayy
,,,variation,Almayw
,,,variation,Almya
,,,variation,Almays
,,,variation,Almau
,,,variation,Almyae
,,,variation,Almayy
---,,,,
B09SM9XT26,brand_name,KISS,variation,KISS
https://www.amazon.com/dp/B09SM9XT26,,,variation,kiss
KISS,,,variation,Kis
,,,variation,KISSs
,,,variation,KIS
,,,variation,KISS-
,,,variation,KISS 
,,,variation,KISSs
,,,variation,KISs
,,,variation,KISSs
,,,variation,KISS-
,,,variation,KIS-
,,,variation,KISs
,,,variation,KISS-
---,,,,
B0011DHGAC,brand_name,Preserve,variation,Preserve
https://www.amazon.com/dp/B0011DHGAC,,,variation,preserve
Preserve,,,variation,PreserVe
,,,variation,Preser-v
,,,variation,Preserv
,,,variation,Preservee
,,,variation,Preservee
,,,variation,Preservee
,,,variation,Preeerve
,,,variation,Presrve
,,,variation,Preservee
---,,,,
B0FM75VD96,brand_name,SZSDHDZ,variation,SZSDHDZ
https://www.amazon.com/dp/B0FM75VD96,,,variation,szsdhdz
SZSDHDZ,,,variation,SZS-DHDZ
,,,variation,SZS DHDZ
,,,variation,SZSdhdz
,,,variation,SZSDHD
,,,variation,SZSDH
,,,variation,SZSDH-DZ
,,,variation,SZS-DH
,,,variation,SZS-DHZ
---,,,,
B07YP5KJ3B,brand_name,Oral-B,variation,Oral-B
https://www.amazon.com/dp/B07YP5KJ3B,,,variation,oral-b
Oral-B,,,variation,OralB
,,,variation,Oral B
,,,variation,OralB
,,,variation,OralB-
,,,variation,OralB-
,,,variation,OralB 
,,,variation,OralB1
,,,variation,Oral-BB
,,,variation,Oral-B1
,,,variation,OralB-1
,,,variation,OralB-2
,,,variation,OralB-3
---,,,,
B01IAE31F8,brand_name,Tom's of Maine,variation,Tom's of Maine
https://www.amazon.com/dp/B01IAE31F8,,,variation,tom's of maine
Tom's of Maine,,,variation,Toms of Maine
,,,variation,Toms-of-Maine
,,,variation,TomsofMaine
,,,variation,Tom'sofMaine
,,,variation,Toms ofMaine
,,,variation,Toms of Maine
,,,variation,Toms of Main
,,,variation,Toms of Main
,,,variation,Toms of Mains
,,,variation,Toms of Mena
,,,variation,Toms of Miane
,,,variation,Toms of Miane
---,,,,
B01LHRCBQA,brand_name,Woobamboo,variation,Woobamboo
https://www.amazon.com/dp/B01LHRCBQA,,,variation,woobamboo
Woobamboo,,,variation,Woobamboo
,,,variation,Woo-bamboo
,,,variation,Wobamboo
,,,variation,Woobambou
,,,variation,Woobamoo
,,,variation,Woobamb
,,,variation,Woobammbu
,,,variation,Woobambouu
,,,variation,Wobamb
,,,variation,Woobam
---,,,,
B0062N7FHK,brand_name,Oral-B,variation,Oral-B
https://www.amazon.com/dp/B0062N7FHK,,,variation,oral-b
Oral-B,,,variation,OralB
,,,variation,Oral B
,,,variation,OralB
,,,variation,OralB-
,,,variation,OralB-
,,,variation,Oral-B-
,,,variation,OralB1
,,,variation,Oral-B1
,,,variation,OralB-1
,,,variation,OralB1-
,,,variation,OralB1-
---,,,,
B07MP4SVQK,brand_name,Oral-B,variation,Oral-B
https://www.amazon.com/dp/B07MP4SVQK,,,variation,oral-b
Oral-B,,,variation,OralB
,,,variation,Oral B
,,,variation,OralB
,,,variation,OralB-
,,,variation,OralB-
,,,variation,Oral-B-
,,,variation,OralB1
,,,variation,Oral-B1
,,,variation,OralB-1
,,,variation,OralB1-
,,,variation,OralB1-
---,,,,
B001V9X3YO,brand_name,SUNSTAR BUTLER ***,variation,SUNSTAR BUTLER
https://www.amazon.com/dp/B001V9X3YO,,,variation,sunstar butler
SUNSTAR BUTLER ***,,,variation,SunstarButler
,,,variation,Sunstar-Butler
,,,variation,Sunstar Butler
,,,variation,Sunstar Butlr
,,,variation,Sunstarr Butler
,,,variation,SUNSTAR BUTLAR
,,,variation,Sunstarr Butlr
,,,variation,Sunstarr Buter
,,,variation,Sunstarr Butl
,,,variation,Sunstarr Buttle
,,,variation,Sunstarr Bttler
---,,,,
B00MGRJBIW,brand_name,Tom's of Maine,variation,Tom's of Maine
https://www.amazon.com/dp/B00MGRJBIW,,,variation,tom's of maine
Tom's of Maine,,,variation,Toms of Maine
,,,variation,Toms-of-Maine
,,,variation,TomsofMaine
,,,variation,Tom'sofMaine
,,,variation,Toms ofMaine
,,,variation,Toms ofMaine
,,,variation,Toms of maine
,,,variation,Toms of maine
,,,variation,Toms of Main
---,,,,
B000P9IEN6,brand_name,TEK,variation,TEK
https://www.amazon.com/dp/B000P9IEN6,,,variation,tek
TEK,,,variation,Tek
,,,variation,TEK-
,,,variation,TEK 
,,,variation,TEKQ
,,,variation,TEKX
,,,variation,TEKZ
,,,variation,TEK1
,,,variation,TEK2
,,,variation,TKE
,,,variation,TEK-1
,,,variation,TEK-2
---,,,,
B07XF8MNXD,brand_name,Oral-B,variation,Oral-B
https://www.amazon.com/dp/B07XF8MNXD,,,variation,oral-b
Oral-B,,,variation,OralB
,,,variation,Oral B
,,,variation,OralB
,,,variation,Oral-B-
,,,variation,OralB-
,,,variation,OralB1
,,,variation,Oral-B1
,,,variation,OralB-1
,,,variation,OralB_
,,,variation,OralB_1
,,,variation,OralB-1
,,,variation,OralB1-
---,,,,
B0BX6MB3LC,brand_name,Oral-B,variation,Oral-B
https://www.amazon.com/dp/B0BX6MB3LC,,,variation,oral-b
Oral-B,,,variation,OralB
,,,variation,Oral B
,,,variation,OralB
,,,variation,OralB-
,,,variation,OralB-1
,,,variation,Oral-B1
,,,variation,Oral-B2
,,,variation,OralB-2
,,,variation,OralB-3
,,,variation,OralB-4
,,,variation,OralB-5
,,,variation,OralB-6
---,,,,
B00NLBCYVS,brand_name,Tom's of Maine,variation,Tom's of Maine
https://www.amazon.com/dp/B00NLBCYVS,,,variation,tom's of maine
Tom's of Maine,,,variation,Toms of Maine
,,,variation,Toms-of-Maine
,,,variation,Tom'sofMaine
,,,variation,TomsofMaine
,,,variation,Toms ofMaine
,,,variation,Toms of Maine
,,,variation,Toms of Maine
,,,variation,Toms of Main
,,,variation,Toms of Mane
,,,variation,Toms of Miane
,,,variation,Toms of Mne
,,,variation,Toms of Maim
---,,,,
B00B7UZEO4,brand_name,Preserve,variation,Preserve
https://www.amazon.com/dp/B00B7UZEO4,,,variation,preserve
Preserve,,,variation,Preserve-
,,,variation,Preserv
,,,variation,Preser
,,,variation,Prserve
,,,variation,Preservee
,,,variation,Preservee
,,,variation,Preservee
,,,variation,Preservee
---,,,,
B00NRABSCO,brand_name,Tom's of Maine,variation,Tom's of Maine
https://www.amazon.com/dp/B00NRABSCO,,,variation,tom's of maine
Tom's of Maine,,,variation,Toms of Maine
,,,variation,Toms-of-Maine
,,,variation,TomsofMaine
,,,variation,Tom'sofMaine
,,,variation,Toms ofMaine
,,,variation,Toms of Maine
,,,variation,Toms of Main
,,,variation,Toms of Main
,,,variation,Toms of Mains
,,,variation,Toms of Mena
,,,variation,Toms of Miane
,,,variation,Toms of Miane
---,,,,
B07V7YGK69,brand_name,Oral-B,variation,Oral-B
https://www.amazon.com/dp/B07V7YGK69,,,variation,oral-b
Oral-B,,,variation,OralB
,,,variation,Oral B
,,,variation,OralB
,,,variation,OralB-
,,,variation,OralB-
,,,variation,OralB 
,,,variation,OralB1
,,,variation,Oral-BB
,,,variation,Oral-B1
,,,variation,OralB-1
,,,variation,OralB-2
,,,variation,OralB-3
---,,,,
B0DXLB65GG,brand_name,SZSDHDZ,variation,SZSDHDZ
https://www.amazon.com/dp/B0DXLB65GG,,,variation,szsdhdz
SZSDHDZ,,,variation,SZS-DHDZ
,,,variation,SZS DHDZ
,,,variation,SZSdhdz
,,,variation,SZSDHD
,,,variation,SZSDH
,,,variation,SZSDH-DZ
,,,variation,SZS-DH
,,,variation,SZS D-HDZ
---,,,,
B07J9W7TP7,brand_name,Spinbrush,variation,Spinbrush
https://www.amazon.com/dp/B07J9W7TP7,,,variation,spinbrush
Spinbrush,,,variation,Spin Brush
,,,variation,spin brush
,,,variation,Spnbrsh
,,,variation,Spnbrush
,,,variation,Soinbrush
,,,variation,Spinbrus
,,,variation,Spinbrash
,,,variation,Spinbrushe
---,,,,
B07FXGD9C7,brand_name,hello,variation,hello
https://www.amazon.com/dp/B07FXGD9C7,,,variation,HELLO
hello,,,variation,Hello
,,,variation,h3llo
,,,variation,hallo
,,,variation,helo
,,,variation,helllo
,,,variation,hell0
,,,variation,he1lo
,,,variation,hlllo
---,,,,
