ASIN / Brand,Input Field,Input Value,Type,Variation
B0D8J5C9X9,brand_name,NIUB5,variation,NIUB5
https://www.amazon.com/dp/B0D8J5C9X9,,,variation,niub5
NIUB5,,,variation,Niub5
,,,variation,NUB5
,,,variation,NIUB
,,,variation,NIB5
,,,variation,NIUB6
,,,variation,NIUB4
,,,variation,NUB5
,,,variation,NIBB5
---,,,,
B0BZRW55PJ,brand_name,Holyfire,variation,Holyfire
https://www.amazon.com/dp/B0BZRW55PJ,,,variation,holyfire
Holyfire,,,variation,Holy Fire
,,,variation,holy fire
,,,variation,Holifire
,,,variation,Holifiree
,,,variation,Hollyfire
,,,variation,Hollyfier
,,,variation,Holiifre
,,,variation,Holi fire
---,,,,
B0CS34F7WT,brand_name,Yeeoy,variation,Yeeoy
https://www.amazon.com/dp/B0CS34F7WT,,,variation,yeeoy
Yeeoy,,,variation,Yee-Oy
,,,variation,Yeeoyy
,,,variation,Yeeoy
,,,variation,Yeeoyy
,,,variation,Yeeoyt
,,,variation,Yeeoyh
,,,variation,Yeeoyw
,,,variation,Yeeoyd
---,,,,
B0F53JDBL6,brand_name,YGHSZ,variation,YGHSZ
https://www.amazon.com/dp/B0F53JDBL6,,,variation,yghsz
YGHSZ,,,variation,YGH-SZ
,,,variation,YGH SZ
,,,variation,YGHZ
,,,variation,YGHSSZ
,,,variation,YGHZ
,,,variation,YGHsZ
,,,variation,YGHsZ
,,,variation,YGHZs
,,,variation,YGHZz
,,,variation,YGHZx
,,,variation,YGHZq
,,,variation,YGHZ1
---,,,,
B0D8KNYS8T,brand_name,NIUB5,variation,NIUB5
https://www.amazon.com/dp/B0D8KNYS8T,,,variation,niub5
NIUB5,,,variation,Niub5
,,,variation,NUB5
,,,variation,NIUB
,,,variation,NIB5
,,,variation,NIUB6
,,,variation,NIUB4
,,,variation,NUB
,,,variation,NIB
---,,,,
B0D8J4R71F,brand_name,NIUB5,variation,NIUB5
https://www.amazon.com/dp/B0D8J4R71F,,,variation,niub5
NIUB5,,,variation,Niub5
,,,variation,NUB5
,,,variation,NIUB
,,,variation,NIUB5S
,,,variation,NIUB5-
,,,variation,NiuB5
,,,variation,NiuB
,,,variation,NIB5
,,,variation,NIB5-
,,,variation,NiuB5-
,,,variation,NiuB5s
,,,variation,NiuB5s-
---,,,,
B0D8KQ76CV,brand_name,NIUB5,variation,NIUB5
https://www.amazon.com/dp/B0D8KQ76CV,,,variation,niub5
NIUB5,,,variation,Niub5
,,,variation,NUB5
,,,variation,NIUB
,,,variation,NIB5
,,,variation,NIUB6
,,,variation,NIUB4
,,,variation,NUB5
,,,variation,NIUB5-
,,,variation,NIUB5_
---,,,,
B0D8HVK4SG,brand_name,NIUB5,variation,NIUB5
https://www.amazon.com/dp/B0D8HVK4SG,,,variation,niub5
NIUB5,,,variation,Niub5
,,,variation,NUB5
,,,variation,NIUB
,,,variation,NUB
,,,variation,NIUB6
,,,variation,NIUB4
,,,variation,NIB5
,,,variation,NIUB5-
,,,variation,NIUB5_
,,,variation,NIUB5-1
,,,variation,NIUB5_1
,,,variation,NIUB5a
---,,,,
B0F53KZYRN,brand_name,YGHSZ,variation,YGHSZ
https://www.amazon.com/dp/B0F53KZYRN,,,variation,yghsz
YGHSZ,,,variation,YGH-SZ
,,,variation,YGH SZ
,,,variation,YGHZ
,,,variation,YGHSSZ
,,,variation,YGHZ
,,,variation,YGHsZ
,,,variation,YGHsZ
,,,variation,YGHZs
,,,variation,YGHZz
,,,variation,YGHZx
,,,variation,YGHZq
,,,variation,YGHZ1
---,,,,
B0D8HQCVZX,brand_name,NIUB5,variation,NIUB5
https://www.amazon.com/dp/B0D8HQCVZX,,,variation,niub5
NIUB5,,,variation,Niub5
,,,variation,NUB5
,,,variation,NIUB
,,,variation,NIB5
,,,variation,NIUB6
,,,variation,NIUB4
,,,variation,NUB5
,,,variation,NIBB5
---,,,,
B0D83ZC7W2,brand_name,Oilkas,variation,Oilkas
https://www.amazon.com/dp/B0D83ZC7W2,,,variation,oilkas
Oilkas,,,variation,Oylkas
,,,variation,Oilkass
,,,variation,Oilkaz
,,,variation,Oilkis
,,,variation,Oilkasss
,,,variation,Oilkazs
,,,variation,Oilkass
,,,variation,Oylkass
---,,,,
B0F53J4WQ3,brand_name,YGHSZ,variation,YGHSZ
https://www.amazon.com/dp/B0F53J4WQ3,,,variation,yghsz
YGHSZ,,,variation,YGH-SZ
,,,variation,YGH SZ
,,,variation,YGHZ
,,,variation,YGHSSZ
,,,variation,YGHZ
,,,variation,YGHsZ
,,,variation,YGHs
,,,variation,YGHZz
---,,,,
B0D83VRG2F,brand_name,Oilkas,variation,Oilkas
https://www.amazon.com/dp/B0D83VRG2F,,,variation,oilkas
Oilkas,,,variation,Oilkass
,,,variation,Oylkas
,,,variation,Oilkaz
,,,variation,Oilkis
,,,variation,Oilkass
,,,variation,Oilkaz
,,,variation,Oilkasss
,,,variation,Oilkasss
---,,,,
B0F53LLLMZ,brand_name,YGHSZ,variation,YGHSZ
https://www.amazon.com/dp/B0F53LLLMZ,,,variation,yghsz
YGHSZ,,,variation,YGH-SZ
,,,variation,YGH SZ
,,,variation,YGHZ
,,,variation,YGHSSZ
,,,variation,YGHZ
,,,variation,YGHsZ
,,,variation,YGHZz
,,,variation,YGHsZz
---,,,,
B07H96GV1H,brand_name,Modetro Sports,variation,Modetro Sports
https://www.amazon.com/dp/B07H96GV1H,,,variation,modetro sports
Modetro Sports,,,variation,ModetroSports
,,,variation,Modetro-Sports
,,,variation,Modetro
,,,variation,Mdetro Sports
,,,variation,Modetru Sports
,,,variation,Modetro Spprts
,,,variation,Modetro Sport
,,,variation,Modetoro Sports
,,,variation,Modetro Sportz
,,,variation,Mdetro Sport
,,,variation,Modetro Sprots
,,,variation,Modetro Spprts
---,,,,
B07H96W9QB,brand_name,Modetro Sports,variation,Modetro Sports
https://www.amazon.com/dp/B07H96W9QB,,,variation,modetro sports
Modetro Sports,,,variation,ModetroSports
,,,variation,Modetro-Sports
,,,variation,Modetro
,,,variation,Mdetro Sports
,,,variation,Modetru Sports
,,,variation,Modetro Spprts
,,,variation,Modetro Sport
,,,variation,Modetoro Sports
,,,variation,Modetro Sportz
,,,variation,Mdetro Sport
,,,variation,Modetro Spprts
,,,variation,Modetro Spprts
---,,,,
B0D83YMXX6,brand_name,Oilkas,variation,Oilkas
https://www.amazon.com/dp/B0D83YMXX6,,,variation,oilkas
Oilkas,,,variation,Oilk-as
,,,variation,Oilk as
,,,variation,Oylkas
,,,variation,Oilkaz
,,,variation,Oilkass
,,,variation,Oilkis
,,,variation,Oilkasss
,,,variation,Oilkass
---,,,,
B07FDNPK7K,brand_name,Pampers,variation,Pampers
https://www.amazon.com/dp/B07FDNPK7K,,,variation,pampers
Pampers,,,variation,Pamperss
,,,variation,Pamer
,,,variation,Pamprs
,,,variation,Pamperss
,,,variation,Pamperss
,,,variation,Pamperss
,,,variation,Pamperss
,,,variation,Pamperss
---,,,,
B082F1KWB2,brand_name,Pull-Ups,variation,Pull-Ups
https://www.amazon.com/dp/B082F1KWB2,,,variation,pull-ups
Pull-Ups,,,variation,PullUps
,,,variation,Pull Ups
,,,variation,PullUpss
,,,variation,Pul-Ups
,,,variation,Pll-Ups
,,,variation,Pull-Upss
,,,variation,PllUps
,,,variation,PullUps-
---,,,,
B096KYV2HP,brand_name,Hello Bello,variation,Hello Bello
https://www.amazon.com/dp/B096KYV2HP,,,variation,hello bello
Hello Bello,,,variation,HelloBello
,,,variation,Hello-Bello
,,,variation,Hello Bello
,,,variation,Helo Bello
,,,variation,Hello Bellow
,,,variation,HelloBelo
,,,variation,HeloBello
,,,variation,Helo Bellow
,,,variation,Helo-Bello
,,,variation,Helo Bello
,,,variation,Helo Bellow
---,,,,
B01KR4H006,brand_name,Luvs,variation,Luvs
https://www.amazon.com/dp/B01KR4H006,,,variation,luvs
Luvs,,,variation,Luv
,,,variation,Luvs diapers
,,,variation,Luvs-
,,,variation,Luvss
,,,variation,Luvvs
,,,variation,Luvs'
,,,variation,Luvs diaper
,,,variation,Luvs dippers
,,,variation,Luvs dipperss
,,,variation,Luvs diappers
,,,variation,Luvs dipperss
,,,variation,Luvs dipperss
---,,,,
B01N333OO2,brand_name,The Honest Company,variation,The Honest Company
https://www.amazon.com/dp/B01N333OO2,,,variation,the honest company
The Honest Company,,,variation,TheHonestCompany
,,,variation,The-Honest-Company
,,,variation,Honest
,,,variation,Te Honest Company
,,,variation,The Hones Company
,,,variation,The Honest Compnay
,,,variation,The Honest Comapny
,,,variation,The Honest Compnay
---,,,,
B082F1JPL2,brand_name,Pull-Ups,variation,Pull-Ups
https://www.amazon.com/dp/B082F1JPL2,,,variation,pull-ups
Pull-Ups,,,variation,PullUps
,,,variation,Pull Ups
,,,variation,PullUpss
,,,variation,Pul-Ups
,,,variation,Pull-Upss
,,,variation,Pll-Ups
,,,variation,Pull-Upss
,,,variation,Pll Ups
---,,,,
B096L2W69Z,brand_name,Hello Bello,variation,Hello Bello
https://www.amazon.com/dp/B096L2W69Z,,,variation,hello bello
Hello Bello,,,variation,HelloBello
,,,variation,Hello-Bello
,,,variation,Hello Bello
,,,variation,Helo Bello
,,,variation,Hello Bellow
,,,variation,Helo Bellow
,,,variation,HeloBello
,,,variation,Helo-Bello
---,,,,
B082F1YFT5,brand_name,Pull-Ups,variation,Pull-Ups
https://www.amazon.com/dp/B082F1YFT5,,,variation,pull-ups
Pull-Ups,,,variation,PullUps
,,,variation,Pull Ups
,,,variation,PullUpss
,,,variation,Pul-Ups
,,,variation,Pll-Ups
,,,variation,Pull-Upss
,,,variation,PllUps
,,,variation,Pull-Upsy
---,,,,
B084D4YDRB,brand_name,ATTITUDE,variation,ATTITUDE
https://www.amazon.com/dp/B084D4YDRB,,,variation,attitude
ATTITUDE,,,variation,Attitude
,,,variation,ATTTUDE
,,,variation,ATTITUD
,,,variation,ATTITIDE
,,,variation,ATTTIDE
,,,variation,AATTITUDE
,,,variation,ATTITUDES
,,,variation,ATTITUDD
---,,,,
B00KXUW2MG,brand_name,Always,variation,Always
https://www.amazon.com/dp/B00KXUW2MG,,,variation,always
Always,,,variation,Alwayz
,,,variation,Alway
,,,variation,Alwasy
,,,variation,Alwasy
,,,variation,Alwasy
,,,variation,Alwasy
,,,variation,Alwasy
,,,variation,Alwasy
---,,,,
B003L3YBOY,brand_name,Organyc,variation,Organyc
https://www.amazon.com/dp/B003L3YBOY,,,variation,organyc
Organyc,,,variation,Organy-C
,,,variation,Organy c
,,,variation,Orgnayc
,,,variation,Organyk
,,,variation,Orgnic
,,,variation,Organy
,,,variation,Orgnay
,,,variation,Organycc
---,,,,
B082VY59G6,brand_name,HUGGIES,variation,HUGGIES
https://www.amazon.com/dp/B082VY59G6,,,variation,huggies
HUGGIES,,,variation,Huggies
,,,variation,HUGGIE
,,,variation,HUGGIESs
,,,variation,HUGGIEZ
,,,variation,HUGGIESD
,,,variation,HUGGIESX
,,,variation,HUGGIES-
,,,variation,HUGGIES-1
,,,variation,HUGGIES-2
---,,,,
B00IZUM1T0,brand_name,Luvs,variation,Luvs
https://www.amazon.com/dp/B00IZUM1T0,,,variation,luvs
Luvs,,,variation,Luv
,,,variation,Luv's
,,,variation,Luvss
,,,variation,Luvz
,,,variation,Luvs'
,,,variation,Luvs
,,,variation,Luvs 
,,,variation,Luvs-
---,,,,
B00KXUWB2M,brand_name,Always Discreet,variation,Always Discreet
https://www.amazon.com/dp/B00KXUWB2M,,,variation,always discreet
Always Discreet,,,variation,AlwaysDiscreet
,,,variation,Always-Discreet
,,,variation,Always
,,,variation,Alway Discreet
,,,variation,Alway Discreet
,,,variation,Alway Discreet
,,,variation,Alwasy Discreet
,,,variation,Always Discreett
,,,variation,Alwasy Discreet
---,,,,
B01AS0M3NI,brand_name,Luvs,variation,Luvs
https://www.amazon.com/dp/B01AS0M3NI,,,variation,luvs
Luvs,,,variation,Luv
,,,variation,Luvsdiapers
,,,variation,Luvs-
,,,variation,Luvs's
,,,variation,Luvvs
,,,variation,Luvsdiaper
,,,variation,Luvsdiaperz
,,,variation,Luvsdiapars
,,,variation,Luvsdiapars
,,,variation,Luvsdiapars
,,,variation,Luvsdiapars
---,,,,
B07W867SBJ,brand_name,The Honest Company,variation,The Honest Company
https://www.amazon.com/dp/B07W867SBJ,,,variation,the honest company
The Honest Company,,,variation,TheHonestCompany
,,,variation,The-Honest-Company
,,,variation,Honest
,,,variation,Th Honest Company
,,,variation,Te Honest Company
,,,variation,The Hones Company
,,,variation,The Onest Company
,,,variation,The Honest Compnay
,,,variation,The Honest Comapny
,,,variation,The Honesst Company
,,,variation,The Honest Compnay
---,,,,
B008QMWXHM,brand_name,tera's,variation,tera's
https://www.amazon.com/dp/B008QMWXHM,,,variation,teras
tera's,,,variation,teras's
,,,variation,teras
,,,variation,Terra's
,,,variation,Teras
,,,variation,Tera's
,,,variation,Tera
,,,variation,Teras'
,,,variation,Terra
,,,variation,Tera'ss
,,,variation,Teras's
,,,variation,Tera'ss
,,,variation,Tera'ss
---,,,,
B00HDX2T6K,brand_name,Healthy 'N Fit,variation,Healthy 'N Fit
https://www.amazon.com/dp/B00HDX2T6K,,,variation,healthy 'n fit
Healthy 'N Fit,,,variation,HealthyNFit
,,,variation,Healthy-N-Fit
,,,variation,Healthy N Fit
,,,variation,HealthyNfitt
,,,variation,Healhty 'N Fit
,,,variation,Healthy 'N Fitt
,,,variation,Healty 'N Fit
,,,variation,Healthy 'N FIt
---,,,,
B073FR8QJQ,brand_name,simply tera's,variation,simply tera's
https://www.amazon.com/dp/B073FR8QJQ,,,variation,simply teras
simply tera's,,,variation,SimplyTeras
,,,variation,Simply-Teras
,,,variation,simplyteras
,,,variation,simply teras
,,,variation,simply teras'
,,,variation,simply teras's
,,,variation,simply teras’
,,,variation,simply teras’
,,,variation,simply teras’
---,,,,
B003OC5I80,brand_name,Pure Protein,variation,Pure Protein
https://www.amazon.com/dp/B003OC5I80,,,variation,pure protein
Pure Protein,,,variation,PureProtein
,,,variation,Pure-Protein
,,,variation,Pure
,,,variation,Puer Protein
,,,variation,Purr Protein
,,,variation,Pue Protein
,,,variation,Pue Proetin
,,,variation,Purrpotein
,,,variation,Purr Protean
,,,variation,Purr Proteen
,,,variation,Pue Proten
---,,,,
B07MZNZR3W,brand_name,Growing Naturals,variation,Growing Naturals
https://www.amazon.com/dp/B07MZNZR3W,,,variation,growing naturals
Growing Naturals,,,variation,GrowingNaturals
,,,variation,Growing-Naturals
,,,variation,Growing
,,,variation,Growng Naturals
,,,variation,Gowing Naturals
,,,variation,Gowing Naturals
,,,variation,Grwoing Naturals
,,,variation,Growing Natrals
---,,,,
B00A1COY86,brand_name,tera's,variation,tera's
https://www.amazon.com/dp/B00A1COY86,,,variation,teras
tera's,,,variation,teras's
,,,variation,teras
,,,variation,Terra's
,,,variation,Teras
,,,variation,Terra
,,,variation,Tera's
,,,variation,Tera
,,,variation,Teras'
,,,variation,Terra s
,,,variation,Tera s
,,,variation,Tera'ss
,,,variation,Tera'ss
---,,,,
B003VUKHWW,brand_name,simply tera's,variation,simply tera's
https://www.amazon.com/dp/B003VUKHWW,,,variation,simply teras
simply tera's,,,variation,SimplyTeras
,,,variation,Simply-Teras
,,,variation,simplyteras
,,,variation,simply teras
,,,variation,simply teras'
,,,variation,simply teras's
,,,variation,simply teras’
,,,variation,simply teras’
,,,variation,simply teras’
---,,,,
B003VUF0PQ,brand_name,simply tera's,variation,simply tera's
https://www.amazon.com/dp/B003VUF0PQ,,,variation,simply teras
simply tera's,,,variation,SimplyTeras
,,,variation,Simply-Teras
,,,variation,simplyteras
,,,variation,simply teras
,,,variation,simply teras'
,,,variation,simply teras's
,,,variation,simply teras’
,,,variation,simply teras’
,,,variation,simply teras’
---,,,,
B07PY3KD7P,brand_name,simply tera's,variation,simply tera's
https://www.amazon.com/dp/B07PY3KD7P,,,variation,simply teras
simply tera's,,,variation,SimplyTeras
,,,variation,Simply-Teras
,,,variation,simplyteras
,,,variation,simply teras
,,,variation,simply teras'
,,,variation,simply teras's
,,,variation,simply teras’
,,,variation,simply teras’
---,,,,
B01N4CBQQW,brand_name,Healthy 'N Fit,variation,Healthy 'N Fit
https://www.amazon.com/dp/B01N4CBQQW,,,variation,healthy 'n fit
Healthy 'N Fit,,,variation,HealthyNFit
,,,variation,Healthy-N-Fit
,,,variation,Healthy N Fit
,,,variation,HealthyNfitt
,,,variation,Healhty 'N Fit
,,,variation,Healthy 'N Fitt
,,,variation,Healty 'N Fit
,,,variation,Healthy 'N FIt
---,,,,
B00IXI732O,brand_name,simply tera's,variation,simply tera's
https://www.amazon.com/dp/B00IXI732O,,,variation,simply teras
simply tera's,,,variation,SimplyTeras
,,,variation,Simply-Teras
,,,variation,simplyteras
,,,variation,simply teras
,,,variation,simply teras'
,,,variation,simply teras's
,,,variation,simply teras’
,,,variation,simply teras’
,,,variation,simply teras’
---,,,,
B0049RFJUQ,brand_name,simply tera's,variation,simply tera's
https://www.amazon.com/dp/B0049RFJUQ,,,variation,simply teras
simply tera's,,,variation,SimplyTeras
,,,variation,Simply-Teras
,,,variation,simplyteras
,,,variation,simply teras
,,,variation,simply teras'
,,,variation,simply teras's
,,,variation,simply teras’
,,,variation,simply teras’
,,,variation,simply teras’
---,,,,
B00EZLPX52,brand_name,Growing Naturals,variation,Growing Naturals
https://www.amazon.com/dp/B00EZLPX52,,,variation,growing naturals
Growing Naturals,,,variation,GrowingNaturals
,,,variation,Growing-Naturals
,,,variation,Growing
,,,variation,Groing Naturals
,,,variation,Gowing Naturals
,,,variation,Gowing Naturals
,,,variation,Gowing Natrals
,,,variation,Growing Naturrals
,,,variation,Gowing Naturals
,,,variation,Gowing Naturals
,,,variation,Gowing Naturals
,,,variation,Gowing Naturals
---,,,,
B00J8WCEXM,brand_name,simply tera's,variation,simply tera's
https://www.amazon.com/dp/B00J8WCEXM,,,variation,simply teras
simply tera's,,,variation,SimplyTeras
,,,variation,Simply-Teras
,,,variation,simplyteras
,,,variation,simply teras
,,,variation,simply teras'
,,,variation,simply teras's
,,,variation,simply teras’
,,,variation,simply teras’
,,,variation,simply teras’
---,,,,
B07DLFLSYP,brand_name,simply tera's,variation,simply tera's
https://www.amazon.com/dp/B07DLFLSYP,,,variation,simply teras
simply tera's,,,variation,SimplyTeras
,,,variation,Simply-Teras
,,,variation,simplyteras
,,,variation,simply teras
,,,variation,simply teras'
,,,variation,simply teras's
,,,variation,simply teras’
,,,variation,simply teras’
,,,variation,simply teras’
---,,,,
B07CQNCWXX,brand_name,Springfield,variation,Springfield
https://www.amazon.com/dp/B07CQNCWXX,,,variation,springfield
Springfield,,,variation,Spring Field
,,,variation,Springfild
,,,variation,Sprinfield
,,,variation,Springfild
,,,variation,Sprngfield
,,,variation,Springfeild
,,,variation,Springfild
,,,variation,Springfild
---,,,,
B01JOB10VS,brand_name,HIC Kitchen,variation,HIC Kitchen
https://www.amazon.com/dp/B01JOB10VS,,,variation,hic kitchen
HIC Kitchen,,,variation,HICKitchen
,,,variation,HIC-Kitchen
,,,variation,HIC
,,,variation,HIC Kitchin
,,,variation,HIC Ktichen
,,,variation,HIC Ktichn
,,,variation,HIC Ktichen
,,,variation,HIC Ktichin
,,,variation,HIC Ktichn
---,,,,
B0DSPY5ZHR,brand_name,Cheflor,variation,Cheflor
https://www.amazon.com/dp/B0DSPY5ZHR,,,variation,cheflor
Cheflor,,,variation,Chef lor
,,,variation,Chefl-or
,,,variation,Cheflor
,,,variation,Cehflor
,,,variation,Cheflor
,,,variation,Chflor
,,,variation,Cheflor
,,,variation,Cheflor
,,,variation,Cehflor
,,,variation,Chflor
,,,variation,Cheflor
---,,,,
B000EGPLXQ,brand_name,Apex Tool Group,variation,Apex Tool Group
https://www.amazon.com/dp/B000EGPLXQ,,,variation,apex tool group
Apex Tool Group,,,variation,ApexToolGroup
,,,variation,Apex-Tool-Group
,,,variation,Apex
,,,variation,Apex Toolgrop
,,,variation,Apex Tool Groop
,,,variation,Apex Toool Group
,,,variation,Apex Tool Grop
,,,variation,Apex Tool Grp
---,,,,
B0002AQIWC,brand_name,Hagen,variation,Hagen
https://www.amazon.com/dp/B0002AQIWC,,,variation,hagen
Hagen,,,variation,Haggen
,,,variation,Hag-en
,,,variation,Hagenn
,,,variation,Hagenn
,,,variation,Hagenw
,,,variation,Hagenn
,,,variation,Hagen
,,,variation,Hageny
---,,,,
B07XYWZ4SR,brand_name,SMETA,variation,SMETA
https://www.amazon.com/dp/B07XYWZ4SR,,,variation,smeta
SMETA,,,variation,Smeta
,,,variation,SME-TA
,,,variation,S-META
,,,variation,Smeta
,,,variation,Smetta
,,,variation,Smetah
,,,variation,SMETAH
,,,variation,SMETAA
---,,,,
B000633PTO,brand_name,Amer Thermal Instruments,variation,Amer Thermal Instruments
https://www.amazon.com/dp/B000633PTO,,,variation,amer thermal instruments
Amer Thermal Instruments,,,variation,AmerThermalInstruments
,,,variation,Amer-Thermal-Instruments
,,,variation,Amer
,,,variation,Amar Thermal Instruments
,,,variation,Amer Thernal Instruments
,,,variation,Amer Therml Instruments
,,,variation,Amer Therml Instruemnts
,,,variation,Amer Thermal Instrumnts
,,,variation,Amer Therml Instruemnts
,,,variation,Amer Thermal Instuments
,,,variation,Amer Therml Insturments
---,,,,
B0002AQITK,brand_name,Marina,variation,Marina
https://www.amazon.com/dp/B0002AQITK,,,variation,marina
Marina,,,variation,Marina-
,,,variation,Marina 
,,,variation,Marin
,,,variation,Marnia
,,,variation,Marinaa
,,,variation,Marina
,,,variation,Marina
,,,variation,Marina
,,,variation,Marina
---,,,,
B0BTBR8K5N,brand_name,Typhur,variation,Typhur
https://www.amazon.com/dp/B0BTBR8K5N,,,variation,typhur
Typhur,,,variation,Typhur
,,,variation,Ty-phur
,,,variation,Typhur
,,,variation,Tphur
,,,variation,Typhur
,,,variation,Typhur
,,,variation,Typhur
,,,variation,Typhur
---,,,,
B0010OXEBM,brand_name,Zoo Med,variation,Zoo Med
https://www.amazon.com/dp/B0010OXEBM,,,variation,zoo med
Zoo Med,,,variation,ZooMed
,,,variation,Zoo-Med
,,,variation,ZooMed
,,,variation,ZooMedd
,,,variation,Zoo Medd
,,,variation,Z0o Med
,,,variation,Zoo Meed
,,,variation,Zou Med
,,,variation,Zoe Med
,,,variation,ZooMEd
,,,variation,Z0oMEd
,,,variation,Z0o-Med
---,,,,
B0002AQIUY,brand_name,Marina,variation,Marina
https://www.amazon.com/dp/B0002AQIUY,,,variation,marina
Marina,,,variation,Marina-
,,,variation,Marina 
,,,variation,Marin
,,,variation,Marnia
,,,variation,Marinaa
,,,variation,Marinaq
,,,variation,Marinae
,,,variation,Marnina
---,,,,
B000JJJXTG,brand_name,Orion Safety,variation,Orion Safety
https://www.amazon.com/dp/B000JJJXTG,,,variation,orion safety
Orion Safety,,,variation,OrionSafety
,,,variation,Orion-Safety
,,,variation,Orion
,,,variation,Orin Safety
,,,variation,Orion Sfty
,,,variation,Orian Safety
,,,variation,Orion Saftey
,,,variation,Orian Sfty
,,,variation,Orion Safey
,,,variation,Orion Saty
,,,variation,Orion Safty
,,,variation,Orion Safet
---,,,,
B0CC5PSHPW,brand_name,biosp,variation,biosp
https://www.amazon.com/dp/B0CC5PSHPW,,,variation,biosP
biosp,,,variation,Biosp
,,,variation,biops
,,,variation,biopsi
,,,variation,biosp-
,,,variation,biops-
,,,variation,bips
,,,variation,biopsq
,,,variation,biop
,,,variation,biopsw
---,,,,
B001OARHTC,brand_name,Adventure Medical Kits,variation,Adventure Medical Kits
https://www.amazon.com/dp/B001OARHTC,,,variation,adventure medical kits
Adventure Medical Kits,,,variation,AdventureMedicalKits
,,,variation,Adventure-Medical-Kits
,,,variation,Adventure
,,,variation,Adventur Medical Kits
,,,variation,Adventur Medicl Kits
,,,variation,Adventur Medial Kits
,,,variation,Adventur Medicl Kts
,,,variation,Adventure Medikal Kits
---,,,,
B00KH9DZ7E,brand_name,Coghlan's,variation,Coghlan's
https://www.amazon.com/dp/B00KH9DZ7E,,,variation,coghlan's
Coghlan's,,,variation,Coghlans
,,,variation,coghlans
,,,variation,Coghlan
,,,variation,Coghlan s
,,,variation,Coghln's
,,,variation,Coghlanss
,,,variation,Coghlans'
,,,variation,Coghlan'ss
,,,variation,Coghlns
,,,variation,Coghlans'
---,,,,
B0BLJ3XFWQ,brand_name,microMend,variation,microMend
https://www.amazon.com/dp/B0BLJ3XFWQ,,,variation,micromend
microMend,,,variation,MicroMend
,,,variation,micro Mend
,,,variation,micro-Mend
,,,variation,micromnd
,,,variation,micromendd
,,,variation,micromed
,,,variation,microMendd
,,,variation,micromendz
---,,,,
B0CC5MFFJN,brand_name,biosp,variation,biosp
https://www.amazon.com/dp/B0CC5MFFJN,,,variation,biosP
biosp,,,variation,Biosp
,,,variation,biops
,,,variation,biopsi
,,,variation,biosp-
,,,variation,biops-
,,,variation,bips
,,,variation,biopsq
,,,variation,biop
,,,variation,biopz
---,,,,
