ASIN / Brand,Input Field,Input Value,Type,Variation
B0CPLFTPCV,brand_name,Brother,variation,Brother
https://www.amazon.com/dp/B0CPLFTPCV,,,variation,brother
Brother,,,variation,Brothr
,,,variation,Bother
,,,variation,Brothe
,,,variation,Brither
,,,variation,Brotheer
,,,variation,Brotherr
,,,variation,Brotger
,,,variation,Brothar
,,,variation,Brothre
---,,,,
B08HVMF9QL,brand_name,Phomemo,variation,Phomemo
https://www.amazon.com/dp/B08HVMF9QL,,,variation,phomemo
Phomemo,,,variation,Phomemmo
,,,variation,Phomeemo
,,,variation,Phomemo
,,,variation,Phomemo
,,,variation,Phomemo
,,,variation,Phomemo
,,,variation,Phomemo
,,,variation,Phomemo
---,,,,
B0945ZRQV2,brand_name,KODAK,variation,KODAK
https://www.amazon.com/dp/B0945ZRQV2,,,variation,kodak
KODAK,,,variation,Kodak
,,,variation,KODAKS
,,,variation,KODK
,,,variation,KODKAK
,,,variation,KODAKK
,,,variation,KODAK-
,,,variation,KODAK 
,,,variation,KODAKA
---,,,,
B096N8CNBZ,brand_name,Epson,variation,Epson
https://www.amazon.com/dp/B096N8CNBZ,,,variation,epson
Epson,,,variation,Epsn
,,,variation,Epzon
,,,variation,Epsom
,,,variation,Epsn
,,,variation,Epsom
,,,variation,Epsn
,,,variation,Epsn
,,,variation,Epsn
---,,,,
B09XHYNHB2,brand_name,Liene,variation,Liene
https://www.amazon.com/dp/B09XHYNHB2,,,variation,liene
Liene,,,variation,Liene-
,,,variation,Liene 
,,,variation,Leine
,,,variation,Lienee
,,,variation,Lienea
,,,variation,Lieneq
,,,variation,Lieneo
,,,variation,Lienei
---,,,,
B0FMRXF1DK,brand_name,Brother,variation,Brother
https://www.amazon.com/dp/B0FMRXF1DK,,,variation,brother
Brother,,,variation,Brothr
,,,variation,Brothe
,,,variation,Bother
,,,variation,Brither
,,,variation,Brotheer
,,,variation,Brotherr
,,,variation,Brothar
,,,variation,Brothre
---,,,,
B0FMRZB959,brand_name,Brother,variation,Brother
https://www.amazon.com/dp/B0FMRZB959,,,variation,brother
Brother,,,variation,Brothr
,,,variation,Bother
,,,variation,Brothe
,,,variation,Brither
,,,variation,Brotheer
,,,variation,Brotherr
,,,variation,Brotger
,,,variation,Brothar
,,,variation,Brothre
---,,,,
B0FMS1BT43,brand_name,Brother,variation,Brother
https://www.amazon.com/dp/B0FMS1BT43,,,variation,brother
Brother,,,variation,Brothr
,,,variation,Brothe
,,,variation,Bother
,,,variation,Brither
,,,variation,Brotheer
,,,variation,Brotherr
,,,variation,Broth
,,,variation,Brotger
---,,,,
B09Y8Y925N,brand_name,Phomemo,variation,Phomemo
https://www.amazon.com/dp/B09Y8Y925N,,,variation,phomemo
Phomemo,,,variation,Phomemmo
,,,variation,Phom-emmo
,,,variation,Phomeemo
,,,variation,Phomemoa
,,,variation,Phomemo
,,,variation,Phomemo
,,,variation,Phomemo
,,,variation,Phomemo
---,,,,
B0DP5PZQRV,brand_name,KODAK,variation,KODAK
https://www.amazon.com/dp/B0DP5PZQRV,,,variation,kodak
KODAK,,,variation,Kodak
,,,variation,KODAKS
,,,variation,KODK
,,,variation,KODAC
,,,variation,KODKAK
,,,variation,KODAK-
,,,variation,KODAK 
,,,variation,KODAKK
---,,,,
B0DPJDBB6B,brand_name,KODAK,variation,KODAK
https://www.amazon.com/dp/B0DPJDBB6B,,,variation,kodak
KODAK,,,variation,Kodak
,,,variation,KODAKS
,,,variation,KODK
,,,variation,KODKAK
,,,variation,KODAKK
,,,variation,KODAK-
,,,variation,KODAK 
,,,variation,KODAKA
,,,variation,KODAKD
,,,variation,KODAKS 
,,,variation,KODKAKS
---,,,,
B0DPJD6SXS,brand_name,KODAK,variation,KODAK
https://www.amazon.com/dp/B0DPJD6SXS,,,variation,kodak
KODAK,,,variation,Kodak
,,,variation,KODAKS
,,,variation,KODK
,,,variation,KODAKK
,,,variation,KODAK-
,,,variation,KODKAK
,,,variation,KODAK-
,,,variation,KODAKS
,,,variation,KODAKS
,,,variation,KODKAK
,,,variation,KODK
---,,,,
B08CYSS969,brand_name,KODAK,variation,KODAK
https://www.amazon.com/dp/B08CYSS969,,,variation,kodak
KODAK,,,variation,Kodak
,,,variation,KODAKS
,,,variation,KODK
,,,variation,KODKAK
,,,variation,KODAKK
,,,variation,KODAK-
,,,variation,KODAK 
,,,variation,KODAK.
---,,,,
B0CTY8YTCZ,brand_name,Nelko,variation,Nelko
https://www.amazon.com/dp/B0CTY8YTCZ,,,variation,nelko
Nelko,,,variation,Nel-Ko
,,,variation,Nelko-
,,,variation,Nelkko
,,,variation,Nellko
,,,variation,Nelk
,,,variation,Nelk0
,,,variation,Neklo
,,,variation,Nelkp
---,,,,
B0DJV4N98X,brand_name,KODAK,variation,KODAK
https://www.amazon.com/dp/B0DJV4N98X,,,variation,kodak
KODAK,,,variation,Kodak
,,,variation,KODAKS
,,,variation,KODK
,,,variation,KODAC
,,,variation,KODKAK
,,,variation,KODAK-
,,,variation,KODAK 
,,,variation,KODAKK
---,,,,
B08DXHFKB1,brand_name,Phomemo,variation,Phomemo
https://www.amazon.com/dp/B08DXHFKB1,,,variation,phomemo
Phomemo,,,variation,Phomemmo
,,,variation,Phomeemo
,,,variation,Phomemo
,,,variation,Phomemo
,,,variation,Phomemo
,,,variation,Phomemo
,,,variation,Phomemo
,,,variation,Phomemo
---,,,,
B0DPJF1DRP,brand_name,KODAK,variation,KODAK
https://www.amazon.com/dp/B0DPJF1DRP,,,variation,kodak
KODAK,,,variation,Kodak
,,,variation,KODAKS
,,,variation,KODK
,,,variation,KODAKK
,,,variation,KODAK-
,,,variation,KODKAK
,,,variation,KODAK-
,,,variation,KODAKS
,,,variation,KODAKS
,,,variation,KODKAK
,,,variation,KODK
---,,,,
B0945PM993,brand_name,KODAK,variation,KODAK
https://www.amazon.com/dp/B0945PM993,,,variation,kodak
KODAK,,,variation,Kodak
,,,variation,KODAKS
,,,variation,KODK
,,,variation,KODAKK
,,,variation,KODAK-
,,,variation,KODKAK
,,,variation,KODAK-
,,,variation,KODAKS
,,,variation,KODAKS
,,,variation,KODKAK
,,,variation,KODK
---,,,,
B0CHJQRRVX,brand_name,Nelko,variation,Nelko
https://www.amazon.com/dp/B0CHJQRRVX,,,variation,nelko
Nelko,,,variation,Nel-Ko
,,,variation,Nelk0
,,,variation,Nellko
,,,variation,Nelk
,,,variation,Neklo
,,,variation,Nelkoe
,,,variation,Nelkow
,,,variation,Nelkp
---,,,,
B08YFJR71D,brand_name,KODAK,variation,KODAK
https://www.amazon.com/dp/B08YFJR71D,,,variation,kodak
KODAK,,,variation,Kodak
,,,variation,KODAKS
,,,variation,KODK
,,,variation,KODAC
,,,variation,KODKAK
,,,variation,KODAK-
,,,variation,KODAK 
,,,variation,KODAKK
---,,,,
B00A8IKK90,brand_name,Oxford,variation,Oxford
https://www.amazon.com/dp/B00A8IKK90,,,variation,oxford
Oxford,,,variation,Oxford-
,,,variation,Oxfod
,,,variation,Oxfird
,,,variation,Oxfod
,,,variation,Oxfor
,,,variation,Oxfrod
,,,variation,Oxofrd
,,,variation,Oxofrd
,,,variation,Oxfodr
---,,,,
B06XXXNBWC,brand_name,Oak-Pine,variation,Oak-Pine
https://www.amazon.com/dp/B06XXXNBWC,,,variation,oak-pine
Oak-Pine,,,variation,OakPine
,,,variation,Oak Pine
,,,variation,oakpine
,,,variation,OAk-Pine
,,,variation,OAkPine
,,,variation,OaK-Pine
,,,variation,OaK Pine
,,,variation,OaKpine
,,,variation,Ok-Pine
,,,variation,OkPine
,,,variation,OaK-Pin
,,,variation,OaK-PinE
---,,,,
B0DXZYJMQS,brand_name,Uquelic,variation,Uquelic
https://www.amazon.com/dp/B0DXZYJMQS,,,variation,uquelic
Uquelic,,,variation,Uqelic
,,,variation,Uqellic
,,,variation,Uqelc
,,,variation,Uqellic
,,,variation,Uqelc
,,,variation,Uqelc
,,,variation,Uqelc
,,,variation,Uqelc
---,,,,
B00006ICBV,brand_name,Pendaflex,variation,Pendaflex
https://www.amazon.com/dp/B00006ICBV,,,variation,pendaflex
Pendaflex,,,variation,PendaFlex
,,,variation,Penda-flex
,,,variation,Penda flex
,,,variation,Pendaflix
,,,variation,Pendaflax
,,,variation,Pendaflks
,,,variation,Pendaeflex
,,,variation,Pendaflexx
---,,,,
148385230X,brand_name,Carson Dellosa Education,variation,Carson Dellosa Education
https://www.amazon.com/dp/148385230X,,,variation,carson dellosa education
Carson Dellosa Education,,,variation,CarsonDellosaEducation
,,,variation,Carson-Dellosa-Education
,,,variation,Carson
,,,variation,Carson Dellosa Educaton
,,,variation,Carson Dellosa Edcation
,,,variation,Cason Dellosa Education
,,,variation,Carson Dellosa Educatoin
,,,variation,Caron Dellosa Education
,,,variation,Carson Dellosa Educatoin
,,,variation,Carson Dllosa Education
,,,variation,Carson Dellosa Edcucation
,,,variation,Carson Dllosa Educaton
---,,,,
B09YCPXCYX,brand_name,Uquelic,variation,Uquelic
https://www.amazon.com/dp/B09YCPXCYX,,,variation,uquelic
Uquelic,,,variation,Uqelic
,,,variation,Uqellic
,,,variation,Uqelc
,,,variation,Uqellic
,,,variation,Uqelc
,,,variation,Uqelc
,,,variation,Uqellic
,,,variation,Uqellic
---,,,,
B09YLTT87R,brand_name,Uquelic,variation,Uquelic
https://www.amazon.com/dp/B09YLTT87R,,,variation,uquelic
Uquelic,,,variation,Uqelic
,,,variation,Uqellic
,,,variation,Uqelc
,,,variation,Uqellic
,,,variation,Uqelc
,,,variation,Uqelick
,,,variation,Uqelic
,,,variation,Uqellic
,,,variation,Uqelc
---,,,,
B09MN45LMM,brand_name,Oak-Pine,variation,Oak-Pine
https://www.amazon.com/dp/B09MN45LMM,,,variation,oak-pine
Oak-Pine,,,variation,OakPine
,,,variation,Oak Pine
,,,variation,oakpine
,,,variation,OAk-Pine
,,,variation,OAkPine
,,,variation,OaK-Pine
,,,variation,OaK Pine
,,,variation,OaKpine
,,,variation,Ok-Pine
,,,variation,OkPine
,,,variation,OaK-Pin
,,,variation,OaK-PinE
---,,,,
B0FBRG1SNL,brand_name,Uquelic,variation,Uquelic
https://www.amazon.com/dp/B0FBRG1SNL,,,variation,uquelic
Uquelic,,,variation,Uqelic
,,,variation,U-quelic
,,,variation,Uqellic
,,,variation,Uqelic
,,,variation,Uqelc
,,,variation,Uqellic
,,,variation,Uqelc
,,,variation,Uqelc
---,,,,
B07TVG8ZCD,brand_name,Uquelic,variation,Uquelic
https://www.amazon.com/dp/B07TVG8ZCD,,,variation,uquelic
Uquelic,,,variation,Uqelic
,,,variation,Uqellic
,,,variation,Uqelc
,,,variation,Uqellic
,,,variation,Uqelc
,,,variation,Uqelick
,,,variation,Uqelic
,,,variation,Uqellic
,,,variation,Uqelc
---,,,,
B07F69B95D,brand_name,Uquelic,variation,Uquelic
https://www.amazon.com/dp/B07F69B95D,,,variation,uquelic
Uquelic,,,variation,Uqelic
,,,variation,Uqellic
,,,variation,Uqelc
,,,variation,Uqellic
,,,variation,Uqelick
,,,variation,Uqelc
,,,variation,Uqelc
,,,variation,Uqelc
---,,,,
B001E65TUA,brand_name,Pendaflex,variation,Pendaflex
https://www.amazon.com/dp/B001E65TUA,,,variation,pendaflex
Pendaflex,,,variation,PendaFlex
,,,variation,Penda-flex
,,,variation,Penda Flex
,,,variation,Pendaflix
,,,variation,Pendaflax
,,,variation,Pendaflks
,,,variation,Pendaeflex
,,,variation,Pendaeflix
---,,,,
B0D7M3RJC7,brand_name,Uquelic,variation,Uquelic
https://www.amazon.com/dp/B0D7M3RJC7,,,variation,uquelic
Uquelic,,,variation,Uqelic
,,,variation,U-quelic
,,,variation,Uqellic
,,,variation,Uqelic
,,,variation,Uqelc
,,,variation,Uqellic
,,,variation,Uqelc
,,,variation,Uqellic
---,,,,
B08CGPBX4P,brand_name,Actume,variation,Actume
https://www.amazon.com/dp/B08CGPBX4P,,,variation,actume
Actume,,,variation,Actum
,,,variation,Actueme
,,,variation,Acctume
,,,variation,Actumee
,,,variation,Actume
,,,variation,Axtume
,,,variation,Actume
,,,variation,Actum
,,,variation,Actume
,,,variation,Actum
,,,variation,Actume
,,,variation,Actume
---,,,,
B0F8NF6GKT,brand_name,Uquelic,variation,Uquelic
https://www.amazon.com/dp/B0F8NF6GKT,,,variation,uquelic
Uquelic,,,variation,Uqelic
,,,variation,U-quelic
,,,variation,Uqellic
,,,variation,Uqelic
,,,variation,Uqelc
,,,variation,Uqellic
,,,variation,Uqelc
,,,variation,Uqelc
---,,,,
B09W5LFLTM,brand_name,Uquelic,variation,Uquelic
https://www.amazon.com/dp/B09W5LFLTM,,,variation,uquelic
Uquelic,,,variation,Uqelic
,,,variation,Uqellic
,,,variation,Uqelic
,,,variation,Uqelc
,,,variation,Uqelc
,,,variation,Uqellic
,,,variation,Uqelick
,,,variation,Uqelcik
,,,variation,Uqellic
---,,,,
B0BKFNCMRP,brand_name,Uquelic,variation,Uquelic
https://www.amazon.com/dp/B0BKFNCMRP,,,variation,uquelic
Uquelic,,,variation,Uqelic
,,,variation,U-quelic
,,,variation,Uqellic
,,,variation,Uqelic
,,,variation,Uqelc
,,,variation,Uqellic
,,,variation,Uqelc
,,,variation,Uqelc
---,,,,
B086JLF4QQ,brand_name,Uquelic,variation,Uquelic
https://www.amazon.com/dp/B086JLF4QQ,,,variation,uquelic
Uquelic,,,variation,Uqelic
,,,variation,Uqellic
,,,variation,Uqelc
,,,variation,Uqellic
,,,variation,Uqelc
,,,variation,Uqelick
,,,variation,Uqelic
,,,variation,Uqellic
,,,variation,Uqelc
---,,,,
B0FNMBMKML,brand_name,Uquelic,variation,Uquelic
https://www.amazon.com/dp/B0FNMBMKML,,,variation,uquelic
Uquelic,,,variation,Uque lic
,,,variation,Uque-lic
,,,variation,Uqelic
,,,variation,Uqelic
,,,variation,Uqellic
,,,variation,Uqelc
,,,variation,Uqelc
,,,variation,Uqelc
---,,,,
B07PJ4NJHF,brand_name,PILOT,variation,PILOT
https://www.amazon.com/dp/B07PJ4NJHF,,,variation,pilot
PILOT,,,variation,Pilot
,,,variation,PILOT-
,,,variation,PILOT 
,,,variation,PILOT1
,,,variation,PILOT2
,,,variation,PILOT3
,,,variation,PILOT4
,,,variation,PILOT5
,,,variation,PILOT6
,,,variation,PILOT7
,,,variation,PILOT8
,,,variation,PILOT9
---,,,,
B00DDWELNY,brand_name,Pentel,variation,Pentel
https://www.amazon.com/dp/B00DDWELNY,,,variation,pentel
Pentel,,,variation,Pental
,,,variation,PenTel
,,,variation,Pente
,,,variation,Pnetel
,,,variation,Pentelz
,,,variation,Pentel
,,,variation,Pnetal
,,,variation,Pentel
,,,variation,Pental
,,,variation,Penteel
,,,variation,Pntel
,,,variation,Pentel
---,,,,
B0093OI2CM,brand_name,Ticonderoga,variation,Ticonderoga
https://www.amazon.com/dp/B0093OI2CM,,,variation,ticonderoga
Ticonderoga,,,variation,Ticonderg
,,,variation,Ticonderoga-
,,,variation,Ticonderoga 
,,,variation,Ticondaroga
,,,variation,Ticonderogaa
,,,variation,Ticondergo
,,,variation,Ticonderog
,,,variation,Ticonderogaa
---,,,,
B07RH8Z5HK,brand_name,Pelikan,variation,Pelikan
https://www.amazon.com/dp/B07RH8Z5HK,,,variation,pelikan
Pelikan,,,variation,Pelikan-
,,,variation,Pelikan 
,,,variation,Pelikan-
,,,variation,Pelikaan
,,,variation,Pelikn
,,,variation,Pelikn
,,,variation,Pelikn
,,,variation,Pelikn
---,,,,
B00006IF8U,brand_name,BIC,variation,BIC
https://www.amazon.com/dp/B00006IF8U,,,variation,bic
BIC,,,variation,Bic
,,,variation,BICk
,,,variation,BICc
,,,variation,BICs
,,,variation,BIC-
,,,variation,BIC-pen
,,,variation,BIC-
,,,variation,BICp
,,,variation,BICQ
,,,variation,BICD
,,,variation,BIC-1
,,,variation,BIC-2
---,,,,
B004E2IIT0,brand_name,PILOT,variation,PILOT
https://www.amazon.com/dp/B004E2IIT0,,,variation,pilot
PILOT,,,variation,Pilot
,,,variation,PILOT-
,,,variation,PILOT 
,,,variation,PILOT1
,,,variation,PILOT2
,,,variation,PILOT3
,,,variation,PILOT4
,,,variation,PILOT5
,,,variation,PILOT6
,,,variation,PILOT7
,,,variation,PILOT8
,,,variation,PILOT9
---,,,,
B01B1W1CUM,brand_name,Pentel,variation,Pentel
https://www.amazon.com/dp/B01B1W1CUM,,,variation,pentel
Pentel,,,variation,Pental
,,,variation,PenTel
,,,variation,Pente
,,,variation,Pnetel
,,,variation,Pentelz
,,,variation,Pentel
,,,variation,Pnetal
,,,variation,Pentel
,,,variation,Pental
,,,variation,Pentel
,,,variation,Penteel
---,,,,
B09JMBBK8P,brand_name,PILOT,variation,PILOT
https://www.amazon.com/dp/B09JMBBK8P,,,variation,pilot
PILOT,,,variation,Pilot
,,,variation,PILOT-
,,,variation,PILOT 
,,,variation,PILOT1
,,,variation,PILOT2
,,,variation,PILOT3
,,,variation,PILOT4
,,,variation,PILOT5
,,,variation,PILOT6
,,,variation,PILOT7
,,,variation,PILOT8
,,,variation,PILOT9
---,,,,
B00FACLJBM,brand_name,PILOT,variation,PILOT
https://www.amazon.com/dp/B00FACLJBM,,,variation,pilot
PILOT,,,variation,Pilot
,,,variation,PILOT-
,,,variation,PILOT 
,,,variation,PILOT1
,,,variation,PILOT2
,,,variation,PILOT3
,,,variation,PILOT4
,,,variation,PILOT5
,,,variation,PILOT6
,,,variation,PILOT7
,,,variation,PILOT8
,,,variation,PILOT9
---,,,,
B01IQ7NPDC,brand_name,PILOT,variation,PILOT
https://www.amazon.com/dp/B01IQ7NPDC,,,variation,pilot
PILOT,,,variation,Pilot
,,,variation,PILOT-
,,,variation,PILOT 
,,,variation,PILOT1
,,,variation,PILOT2
,,,variation,PILOT3
,,,variation,PILOT4
,,,variation,PILOT5
,,,variation,PILOT6
,,,variation,PILOT7
,,,variation,PILOT8
,,,variation,PILOT9
---,,,,
B00PV0V4AO,brand_name,BIC,variation,BIC
https://www.amazon.com/dp/B00PV0V4AO,,,variation,bic
BIC,,,variation,Bic
,,,variation,BICs
,,,variation,BICk
,,,variation,BICQ
,,,variation,BIC-
,,,variation,BIC-pen
,,,variation,BICc
,,,variation,BICc-pen
---,,,,
B0095251US,brand_name,Prismacolor,variation,Prismacolor
https://www.amazon.com/dp/B0095251US,,,variation,prismacolor
Prismacolor,,,variation,PrismaColor
,,,variation,Prisma-color
,,,variation,Prisma
,,,variation,Prismacolor
,,,variation,Prismacolor
,,,variation,Prismacolor
,,,variation,Prismacolor
,,,variation,Prismacolor
---,,,,
B000FFR5L2,brand_name,Pelikan,variation,Pelikan
https://www.amazon.com/dp/B000FFR5L2,,,variation,pelikan
Pelikan,,,variation,Pelikan-
,,,variation,Pelikan 
,,,variation,PelikanK
,,,variation,Pelikn
,,,variation,Pelikaan
,,,variation,Pelikn
,,,variation,Pelikn
,,,variation,Pelikaan
,,,variation,Pelikn
---,,,,
B004QJVO4C,brand_name,Koh-I-Noor,variation,Koh-I-Noor
https://www.amazon.com/dp/B004QJVO4C,,,variation,koh-i-noor
Koh-I-Noor,,,variation,KohINoor
,,,variation,Koh I Noor
,,,variation,KohInoor
,,,variation,Koh-I-Noor
,,,variation,Koh INoor
,,,variation,KohI Noor
,,,variation,KohInor
,,,variation,Koh-I-Nor
,,,variation,Koh-I-Noorr
,,,variation,Koh-I-Nor
,,,variation,KohI-Nor
---,,,,
B0FC8XWQ3T,brand_name,Ludato,variation,Ludato
https://www.amazon.com/dp/B0FC8XWQ3T,,,variation,ludato
Ludato,,,variation,Ludato-
,,,variation,Ludato 
,,,variation,Ludatoo
,,,variation,Ludatoq
,,,variation,Ludatoe
,,,variation,Ludatoo
,,,variation,Ludato
,,,variation,Ludatoo
---,,,,
B01H1IQYN0,brand_name,Pentel,variation,Pentel
https://www.amazon.com/dp/B01H1IQYN0,,,variation,pentel
Pentel,,,variation,Pental
,,,variation,PenTel
,,,variation,Pente
,,,variation,Pnetel
,,,variation,Pentelz
,,,variation,Pentel
,,,variation,Pnetal
,,,variation,Pentel
,,,variation,Pental
,,,variation,Penteel
,,,variation,Pntel
,,,variation,Pentel
---,,,,
B008BW3U56,brand_name,PILOT,variation,PILOT
https://www.amazon.com/dp/B008BW3U56,,,variation,pilot
PILOT,,,variation,Pilot
,,,variation,PILOT-
,,,variation,PILOT-
,,,variation,PILOT 
,,,variation,PILOTt
,,,variation,PILOTR
,,,variation,PILOTD
,,,variation,PILOTW
,,,variation,PILOTY
,,,variation,PILOTX
,,,variation,PILOTZ
,,,variation,PILOTQ
---,,,,
B01NAXG9LC,brand_name,Pentel,variation,Pentel
https://www.amazon.com/dp/B01NAXG9LC,,,variation,pentel
Pentel,,,variation,Pental
,,,variation,Pentel-
,,,variation,Pente
,,,variation,Pntel
,,,variation,Pentel
,,,variation,Pnetel
,,,variation,Pentel
,,,variation,Pental
,,,variation,Pntel
,,,variation,Pentel
,,,variation,Pentel
,,,variation,Pntel
---,,,,
B000684DUO,brand_name,JOYCE CHEN,variation,JOYCE CHEN
https://www.amazon.com/dp/B000684DUO,,,variation,joyce chen
JOYCE CHEN,,,variation,JoyceChen
,,,variation,Joyce-Chen
,,,variation,Joyce
,,,variation,Joice Chen
,,,variation,JOYCE CHENN
,,,variation,JOYC CHEN
,,,variation,Joyc Chen
,,,variation,Joyce Chenn
---,,,,
B0895NL2GY,brand_name,Merdia,variation,Merdia
https://www.amazon.com/dp/B0895NL2GY,,,variation,merdia
Merdia,,,variation,Merdia-
,,,variation,Merida
,,,variation,Merdiaa
,,,variation,Merdia
,,,variation,Merdia
,,,variation,Merdia
,,,variation,Merdia
,,,variation,Merdia
---,,,,
B00UY0WK40,brand_name,Westcott,variation,Westcott
https://www.amazon.com/dp/B00UY0WK40,,,variation,westcott
Westcott,,,variation,Westcutt
,,,variation,Westcot
,,,variation,Wescott
,,,variation,Wesctott
,,,variation,Wesctot
,,,variation,Wesctt
,,,variation,Wesctot
,,,variation,Wesctt
---,,,,
B0057KO1GW,brand_name,Conair,variation,Conair
https://www.amazon.com/dp/B0057KO1GW,,,variation,conair
Conair,,,variation,Con-AIR
,,,variation,Con air
,,,variation,Canair
,,,variation,Coniar
,,,variation,Conairr
,,,variation,Conairr
,,,variation,Conairr
,,,variation,Conairr
---,,,,
B0037XBGU0,brand_name,Tablecraft,variation,Tablecraft
https://www.amazon.com/dp/B0037XBGU0,,,variation,tablecraft
Tablecraft,,,variation,Table Craft
,,,variation,table craft
,,,variation,Tablecrafts
,,,variation,Tabelcraft
,,,variation,Tablecraf
,,,variation,Tabelcraf
,,,variation,Tablcrafter
,,,variation,Tablecrafte
,,,variation,Tabelcrafts
---,,,,
B01KX0XO7C,brand_name,Merdia,variation,Merdia
https://www.amazon.com/dp/B01KX0XO7C,,,variation,merdia
Merdia,,,variation,Merdia-
,,,variation,Mer-dia
,,,variation,Merdiaa
,,,variation,Merdia
,,,variation,Merdia
,,,variation,Merdia
,,,variation,Merdia
,,,variation,Merdia
---,,,,
B01KX0XNCS,brand_name,Merdia,variation,Merdia
https://www.amazon.com/dp/B01KX0XNCS,,,variation,merdia
Merdia,,,variation,Merdia-
,,,variation,Merida
,,,variation,Merdiaa
,,,variation,Merdia
,,,variation,Merdiaa
,,,variation,Merdia
,,,variation,Merdia
,,,variation,Merdia
---,,,,
B003WGYGMM,brand_name,Master Grooming Tools,variation,Master Grooming Tools
https://www.amazon.com/dp/B003WGYGMM,,,variation,master grooming tools
Master Grooming Tools,,,variation,MasterGroomingTools
,,,variation,Master-Grooming-Tools
,,,variation,Master
,,,variation,Mastor Grooming Tools
,,,variation,Master Grooming Tols
,,,variation,Mastor Grooming Tols
,,,variation,Mastor Grooming Tools
,,,variation,Master Grooming Tool
---,,,,
B0C7VHCZ5M,brand_name,BAILI,variation,BAILI
https://www.amazon.com/dp/B0C7VHCZ5M,,,variation,baili
BAILI,,,variation,Baili
,,,variation,B-A-I-L-I
,,,variation,Bail
,,,variation,Baili
,,,variation,Baili
,,,variation,Baili
,,,variation,Baili
,,,variation,Baili
,,,variation,Baili
---,,,,
B0009XYWAC,brand_name,JOYCE CHEN,variation,JOYCE CHEN
https://www.amazon.com/dp/B0009XYWAC,,,variation,joyce chen
JOYCE CHEN,,,variation,JoyceChen
,,,variation,Joyce-Chen
,,,variation,Joyce
,,,variation,Joice Chen
,,,variation,JYOCE CHEN
,,,variation,JOYCE CHENN
,,,variation,Joyc Chen
,,,variation,Joyce Chenn
---,,,,
B000H3GCXY,brand_name,REVLON,variation,REVLON
https://www.amazon.com/dp/B000H3GCXY,,,variation,revlon
REVLON,,,variation,Revlon
,,,variation,Rev-lon
,,,variation,Rev Lon
,,,variation,Revlonn
,,,variation,Revlon
,,,variation,Revlon
,,,variation,Ravlon
,,,variation,Revlonm
,,,variation,Revlonl
---,,,,
B00AP5WGFM,brand_name,Guardian Gear,variation,Guardian Gear
https://www.amazon.com/dp/B00AP5WGFM,,,variation,guardian gear
Guardian Gear,,,variation,GuardianGear
,,,variation,Guardian-Gear
,,,variation,Guardian
,,,variation,Guadian Gear
,,,variation,Guaridan Gear
,,,variation,Guradian Gear
,,,variation,Gurdian Gear
,,,variation,Guradian Geer
,,,variation,Guaridan Geer
,,,variation,Guaridan Gear
,,,variation,Guradain Gear
---,,,,
B000KKKSSY,brand_name,Chef Craft,variation,Chef Craft
https://www.amazon.com/dp/B000KKKSSY,,,variation,chef craft
Chef Craft,,,variation,ChefCraft
,,,variation,Chef-Craft
,,,variation,Chef
,,,variation,Cheff Craft
,,,variation,Cehf Craft
,,,variation,Chef Cratf
,,,variation,Chef Craf
,,,variation,CheffCraf
---,,,,
B005NAGISU,brand_name,Fiskars,variation,Fiskars
https://www.amazon.com/dp/B005NAGISU,,,variation,fiskars
Fiskars,,,variation,Fiskar
,,,variation,Fiskarss
,,,variation,Fiskars-
,,,variation,Fiskars-
,,,variation,Fiskarsr
,,,variation,Fiskarsz
,,,variation,Fiskarsa
,,,variation,Fiskarsd
,,,variation,Fiskarsw
,,,variation,Fiskarsx
,,,variation,Fiskarsy
---,,,,
B0895N3QZR,brand_name,Merdia,variation,Merdia
https://www.amazon.com/dp/B0895N3QZR,,,variation,merdia
Merdia,,,variation,Merdia-
,,,variation,Merida
,,,variation,Merdiaa
,,,variation,Merdia
,,,variation,Merdia
,,,variation,Merdia
,,,variation,Merdia
,,,variation,Merdia
---,,,,
B01BFUYHXO,brand_name,Legion Supplies,variation,Legion Supplies
https://www.amazon.com/dp/B01BFUYHXO,,,variation,legion supplies
Legion Supplies,,,variation,LegionSupplies
,,,variation,Legion-Supplies
,,,variation,Legion
,,,variation,Legoin Supplies
,,,variation,Legion Supplise
,,,variation,Ligion Supplies
,,,variation,Legoin Supplis
,,,variation,Legion Supplis
,,,variation,Legion Supplie
,,,variation,Legion Supplise
,,,variation,Legon Supplies
---,,,,
B000U6YRJO,brand_name,SENTRY,variation,SENTRY
https://www.amazon.com/dp/B000U6YRJO,,,variation,sentry
SENTRY,,,variation,Sentry
,,,variation,Sentery
,,,variation,SENTR
,,,variation,SENTERY
,,,variation,SENRTY
,,,variation,SENTRYY
,,,variation,SENTR-Y
,,,variation,SENT-RY
---,,,,
B000CD2MCE,brand_name,Learning Resources,variation,Learning Resources
https://www.amazon.com/dp/B000CD2MCE,,,variation,learning resources
Learning Resources,,,variation,LearningResources
,,,variation,Learning-Resources
,,,variation,Learning
,,,variation,Lerning Resources
,,,variation,Learning Resouces
,,,variation,Learning Resorces
,,,variation,Learining Resources
,,,variation,Learning Resouces
---,,,,
B000ZJ1N3Y,brand_name,Victor,variation,Victor
https://www.amazon.com/dp/B000ZJ1N3Y,,,variation,victor
Victor,,,variation,Viktor
,,,variation,Victr
,,,variation,Victo
,,,variation,Vicot
,,,variation,Victoor
,,,variation,Viktor
,,,variation,Victoor
,,,variation,Viktor
,,,variation,Viktor
,,,variation,Viktor
,,,variation,Viktor
---,,,,
