ASIN / Brand,Input Field,Input Value,Type,Variation
B0D45X1B53,brand_name,Cani Brands Feel Amazing,variation,Cani Brands Feel Amazing
https://www.amazon.com/dp/B0D45X1B53,,,variation,cani brands feel amazing
Cani Brands Feel Amazing,,,variation,CaniBrandsFeelAmazing
,,,variation,Cani-Brands-Feel-Amazing
,,,variation,Cani
,,,variation,Cani Brans Feel Amazing
,,,variation,Cani Brands Feal Amazing
,,,variation,Cani Brands Feel Amzing
,,,variation,Cani Brands Feel Amzing
,,,variation,Cani Brands Feel Amzing
---,,,,
B0B94T7XLR,brand_name,RYSE Up Supplements,variation,RYSE Up Supplements
https://www.amazon.com/dp/B0B94T7XLR,,,variation,ryse up supplements
RYSE Up Supplements,,,variation,RYSEupSupplements
,,,variation,RYSE-Up-Supplements
,,,variation,RYSE
,,,variation,RYS
,,,variation,RYSE Uo Supplements
,,,variation,RYSE Up Suplements
,,,variation,RYS Up Supplements
,,,variation,RYSUpplements
,,,variation,RYSE Up Suppliments
,,,variation,RYS Up Supplments
,,,variation,RYS Up Supplemnts
,,,variation,RYS Up Supplemnts
,,,variation,RYSE Uo Supplments
---,,,,
B0B7KKRRJV,brand_name,Ener-C,variation,Ener-C
https://www.amazon.com/dp/B0B7KKRRJV,,,variation,ener-c
Ener-C,,,variation,EnerC
,,,variation,Ener-Ce
,,,variation,EnerC-
,,,variation,Enr-C
,,,variation,Ener-Ce
,,,variation,EnerCee
,,,variation,EnerCee
,,,variation,EnrC
---,,,,
B00F01IP88,brand_name,DEVA,variation,DEVA
https://www.amazon.com/dp/B00F01IP88,,,variation,deva
DEVA,,,variation,Deva
,,,variation,D-E-V-A
,,,variation,Dva
,,,variation,DEVAH
,,,variation,DEVAa
,,,variation,DEVA1
,,,variation,D3VA
,,,variation,D-EVA
---,,,,
B07X8YXYDH,brand_name,Cani Brands Feel Amazing,variation,Cani Brands Feel Amazing
https://www.amazon.com/dp/B07X8YXYDH,,,variation,cani brands feel amazing
Cani Brands Feel Amazing,,,variation,CaniBrandsFeelAmazing
,,,variation,Cani-Brands-Feel-Amazing
,,,variation,Cani
,,,variation,Cani Brans Feel Amazing
,,,variation,Cani Brands Feal Amazing
,,,variation,Cani Brands Feel Amzing
,,,variation,Cani Brands Feel Amzing
,,,variation,Cani Brands Feel Amzing
---,,,,
B09HSPCD55,brand_name,Cani Brands Feel Amazing,variation,Cani Brands Feel Amazing
https://www.amazon.com/dp/B09HSPCD55,,,variation,cani brands feel amazing
Cani Brands Feel Amazing,,,variation,CaniBrandsFeelAmazing
,,,variation,Cani-Brands-Feel-Amazing
,,,variation,Cani
,,,variation,Cani Brans Feel Amazing
,,,variation,Cani Brands Feal Amazing
,,,variation,Cani Brands Feel Amzing
,,,variation,Cani Brands Feel Amzing
,,,variation,Cani Brands Feel Amzing
---,,,,
B0D45Y8418,brand_name,Cani Brands Feel Amazing,variation,Cani Brands Feel Amazing
https://www.amazon.com/dp/B0D45Y8418,,,variation,cani brands feel amazing
Cani Brands Feel Amazing,,,variation,CaniBrandsFeelAmazing
,,,variation,Cani-Brands-Feel-Amazing
,,,variation,Cani
,,,variation,Cani Brans Feel Amazing
,,,variation,Cani Brands Feal Amazing
,,,variation,Cani Brands Feel Amzing
,,,variation,Cani Brands Feel Amzing
,,,variation,Cani Brands Feel Amzing
---,,,,
B071WW593R,brand_name,DEVA,variation,DEVA
https://www.amazon.com/dp/B071WW593R,,,variation,deva
DEVA,,,variation,Deva
,,,variation,D-E-V-A
,,,variation,Dva
,,,variation,DEVAH
,,,variation,DEVAa
,,,variation,DEVA1
,,,variation,D3VA
,,,variation,DVA
,,,variation,Deeva
,,,variation,Devaah
,,,variation,Dava
,,,variation,Dava
---,,,,
B00O4PUCZU,brand_name,Jarrow Formulas,variation,Jarrow Formulas
https://www.amazon.com/dp/B00O4PUCZU,,,variation,jarrow formulas
Jarrow Formulas,,,variation,JarrowFormulas
,,,variation,Jarrow-Formulas
,,,variation,Jarrow
,,,variation,Jarrow Formla
,,,variation,Jarrow Formulas
,,,variation,Jarrw Formulas
,,,variation,Jarrow Formulas
,,,variation,Jarrow Formulas
,,,variation,Jarrow Formulas
---,,,,
B00014D7OG,brand_name,Enzymatic Therapy,variation,Enzymatic Therapy
https://www.amazon.com/dp/B00014D7OG,,,variation,enzymatic therapy
Enzymatic Therapy,,,variation,EnzymaticTherapy
,,,variation,Enzymatic-Therapy
,,,variation,Enzymatic
,,,variation,Enzymatic Therpy
,,,variation,Enzymatic Theraapy
,,,variation,Enzymatic Therpay
,,,variation,Enzymatic Ttherapy
,,,variation,Enzymatic Therpy
---,,,,
B0FZJRC386,brand_name,Cani Brands Feel Amazing,variation,Cani Brands Feel Amazing
https://www.amazon.com/dp/B0FZJRC386,,,variation,cani brands feel amazing
Cani Brands Feel Amazing,,,variation,CaniBrandsFeelAmazing
,,,variation,Cani-Brands-Feel-Amazing
,,,variation,Cani
,,,variation,Cani Brnds Feel Amazing
,,,variation,Cani Brands Feal Amazing
,,,variation,Cani Brands Feel Amzing
,,,variation,Cani Brands Feel Amzing
,,,variation,Cani Brands Feel Amzing
---,,,,
B08PMBDV98,brand_name,Liquid I.V.,variation,Liquid I.V.
https://www.amazon.com/dp/B08PMBDV98,,,variation,liquid i.v.
Liquid I.V.,,,variation,LiquidIV
,,,variation,Liquid-I.V.
,,,variation,LiquidIV
,,,variation,Lquid I.V.
,,,variation,Liqiud I.V.
,,,variation,Liquid I V
,,,variation,Liqiud IV
,,,variation,Liqid I.V.
---,,,,
B000R2TIDQ,brand_name,Master of Muscle,variation,Master of Muscle
https://www.amazon.com/dp/B000R2TIDQ,,,variation,master of muscle
Master of Muscle,,,variation,MasterofMuscle
,,,variation,Master-of-Muscle
,,,variation,Master
,,,variation,Mastor of Muscle
,,,variation,Master of Muscel
,,,variation,Mastor of Muscel
,,,variation,Mastor of Muscle
,,,variation,Mastor of Musle
---,,,,
B008CYJVW4,brand_name,Jarrow Formulas,variation,Jarrow Formulas
https://www.amazon.com/dp/B008CYJVW4,,,variation,jarrow formulas
Jarrow Formulas,,,variation,JarrowFormulas
,,,variation,Jarrow-Formulas
,,,variation,Jarrow
,,,variation,Jarrow Formla
,,,variation,Jarrow Formulas
,,,variation,Jarrw Formulas
,,,variation,Jarrow Formulas
,,,variation,Jarrow Formulas
,,,variation,Jarrow Formulas
---,,,,
B0C7Y524W1,brand_name,Sistem Supplements,variation,Sistem Supplements
https://www.amazon.com/dp/B0C7Y524W1,,,variation,sistem supplements
Sistem Supplements,,,variation,SistemSupplements
,,,variation,Sistem-Supplements
,,,variation,Sistem
,,,variation,Sistm Supplements
,,,variation,Sistem Suppliments
,,,variation,Sistem Supplemnts
,,,variation,Sistem Supplemnts
,,,variation,Sistm Supplments
---,,,,
B08S97YBFN,brand_name,TERRA ORIGIN,variation,TERRA ORIGIN
https://www.amazon.com/dp/B08S97YBFN,,,variation,terra origin
TERRA ORIGIN,,,variation,TERRAORIGIN
,,,variation,TERRA-ORIGIN
,,,variation,TERRA
,,,variation,Terra Origin
,,,variation,TERRA ORIGEN
,,,variation,TERR ORIGIN
,,,variation,TERRA ORIG
,,,variation,TERRR ORIGIN
,,,variation,TERRA ORIGI
,,,variation,TERR ORIGEN
,,,variation,TERR ORIG
---,,,,
B09HSPVRMK,brand_name,Cani Brands Feel Amazing,variation,Cani Brands Feel Amazing
https://www.amazon.com/dp/B09HSPVRMK,,,variation,cani brands feel amazing
Cani Brands Feel Amazing,,,variation,CaniBrandsFeelAmazing
,,,variation,Cani-Brands-Feel-Amazing
,,,variation,Cani
,,,variation,Cani Brands Feel Amzing
,,,variation,Cani Brands Feel Amzing
,,,variation,Cani Brnds Feel Amazing
,,,variation,Cani Brans Feel Amazing
,,,variation,Cani Brands Feel Amzing
---,,,,
B09CQHK4TX,brand_name,Neurobiologix,variation,Neurobiologix
https://www.amazon.com/dp/B09CQHK4TX,,,variation,neurobiologix
Neurobiologix,,,variation,Neurobiologix
,,,variation,Neuro-biologix
,,,variation,Neurobiologix
,,,variation,Neurobiologiks
,,,variation,Neurobiologixx
,,,variation,Neurobioligx
,,,variation,Neurobiologixs
,,,variation,Neurobiologixx
---,,,,
B0B5HSVRPR,brand_name,Cani Brands Feel Amazing,variation,Cani Brands Feel Amazing
https://www.amazon.com/dp/B0B5HSVRPR,,,variation,cani brands feel amazing
Cani Brands Feel Amazing,,,variation,CaniBrandsFeelAmazing
,,,variation,Cani-Brands-Feel-Amazing
,,,variation,Cani
,,,variation,Cani Brands Feel Amzing
,,,variation,Cani Brands Feal Amazing
,,,variation,Cani Brnds Feel Amazing
,,,variation,Cani Brans Feel Amazing
,,,variation,Cani Brands Feel Amzing
---,,,,
B000SUK4PI,brand_name,Baywood,variation,Baywood
https://www.amazon.com/dp/B000SUK4PI,,,variation,baywood
Baywood,,,variation,Bay-Wood
,,,variation,Bay wood
,,,variation,Bawood
,,,variation,Baywod
,,,variation,Bawood
,,,variation,Baywod
,,,variation,Bawood
,,,variation,Bawood
---,,,,
B0765CZSV6,brand_name,Amazing Nutrition,variation,Amazing Nutrition
https://www.amazon.com/dp/B0765CZSV6,,,variation,amazing nutrition
Amazing Nutrition,,,variation,AmazingNutrition
,,,variation,Amazing-Nutrition
,,,variation,Amazing
,,,variation,Amazng Nutrition
,,,variation,Amazin Nutrition
,,,variation,Amazng Nutriton
,,,variation,Amzing Nutrition
,,,variation,Amazin Nutriton
---,,,,
B0014AT7KO,brand_name,California Natural,variation,California Natural
https://www.amazon.com/dp/B0014AT7KO,,,variation,california natural
California Natural,,,variation,CaliforniaNatural
,,,variation,California-Natural
,,,variation,California
,,,variation,Californa Natural
,,,variation,Califronia Natural
,,,variation,Califonia Natural
,,,variation,California Natural
,,,variation,California Naturall
---,,,,
B0061GLUA6,brand_name,Nature's Bounty,variation,Nature's Bounty
https://www.amazon.com/dp/B0061GLUA6,,,variation,natures bounty
Nature's Bounty,,,variation,NaturesBounty
,,,variation,Natures-Bounty
,,,variation,Nature Bounty
,,,variation,Natures Bounty
,,,variation,Natures Bountey
,,,variation,Natures Bonty
,,,variation,Natures Bouny
,,,variation,Natures Bounti
---,,,,
B0042W24Y2,brand_name,DEVA,variation,DEVA
https://www.amazon.com/dp/B0042W24Y2,,,variation,deva
DEVA,,,variation,Deva
,,,variation,D-E-V-A
,,,variation,Dava
,,,variation,DEVAH
,,,variation,DEVAa
,,,variation,DEVA1
,,,variation,D3VA
,,,variation,DVA
---,,,,
B0046VBWK6,brand_name,Nature's Bounty,variation,Nature's Bounty
https://www.amazon.com/dp/B0046VBWK6,,,variation,natures bounty
Nature's Bounty,,,variation,NaturesBounty
,,,variation,Natures-Bounty
,,,variation,Nature Bounty
,,,variation,Natures Bounty
,,,variation,Natures Bountey
,,,variation,Natures Bounti
,,,variation,Natures Bountie
,,,variation,Natures Bounti
,,,variation,Natures Bouny
---,,,,
B01E9GLZCW,brand_name,Mielle Organics,variation,Mielle Organics
https://www.amazon.com/dp/B01E9GLZCW,,,variation,mielle organics
Mielle Organics,,,variation,MielleOrganics
,,,variation,Mielle-Organics
,,,variation,Mielle
,,,variation,Miel Organics
,,,variation,Mielle Orgnics
,,,variation,Mielle Organcis
,,,variation,Mielle Oganics
,,,variation,Mielle Organicss
,,,variation,Mielle Orgnics
,,,variation,Mielle Oganic
,,,variation,Mielle Organicss
---,,,,
B0DZPJ2Z4Y,brand_name,Spectraspray,variation,Spectraspray
https://www.amazon.com/dp/B0DZPJ2Z4Y,,,variation,spectraspray
Spectraspray,,,variation,Spectra Spray
,,,variation,spectra spray
,,,variation,Spectra-Spray
,,,variation,Spectraspry
,,,variation,Spectraspry
,,,variation,Spectraspay
,,,variation,Slectraspray
,,,variation,Spectrasray
,,,variation,Spectraspry
---,,,,
B009WTGATA,brand_name,Healthy Origins,variation,Healthy Origins
https://www.amazon.com/dp/B009WTGATA,,,variation,healthy origins
Healthy Origins,,,variation,HealthyOrigins
,,,variation,Healthy-Origins
,,,variation,Healthy
,,,variation,Healty Origins
,,,variation,Healhty Origins
,,,variation,Healthy Origens
,,,variation,Halthy Origins
,,,variation,Healthy Orgin
---,,,,
B001E0T4JI,brand_name,Nature's Way,variation,Nature's Way
https://www.amazon.com/dp/B001E0T4JI,,,variation,natures way
Nature's Way,,,variation,NaturesWay
,,,variation,Natures-Way
,,,variation,Nature s Way
,,,variation,Nature'sWay
,,,variation,NaturesWayy
,,,variation,Natures Wae
,,,variation,Natures Wasy
,,,variation,Natures Wayy
---,,,,
B000V865DW,brand_name,DEVA,variation,DEVA
https://www.amazon.com/dp/B000V865DW,,,variation,deva
DEVA,,,variation,Deva
,,,variation,D-E-V-A
,,,variation,Dva
,,,variation,DEVAH
,,,variation,DEVAa
,,,variation,DEVA1
,,,variation,D3VA
,,,variation,D3va
---,,,,
B00FJ22YXA,brand_name,California Natural,variation,California Natural
https://www.amazon.com/dp/B00FJ22YXA,,,variation,california natural
California Natural,,,variation,CaliforniaNatural
,,,variation,California-Natural
,,,variation,California
,,,variation,Californa Natural
,,,variation,Califronia Natural
,,,variation,Californa Natrual
,,,variation,Cali Natural
,,,variation,California Naturall
---,,,,
B00PLQ6KWA,brand_name,Healthy Origins,variation,Healthy Origins
https://www.amazon.com/dp/B00PLQ6KWA,,,variation,healthy origins
Healthy Origins,,,variation,HealthyOrigins
,,,variation,Healthy-Origins
,,,variation,Healthy
,,,variation,Healty Origins
,,,variation,Healhty Origins
,,,variation,Healthy Origens
,,,variation,Healty Origens
,,,variation,Halthy Origins
,,,variation,Halthy Origens
,,,variation,Hely Origins
,,,variation,Hely Origens
---,,,,
B0001KFI2O,brand_name,American Health,variation,American Health
https://www.amazon.com/dp/B0001KFI2O,,,variation,american health
American Health,,,variation,AmericanHealth
,,,variation,American-Health
,,,variation,American
,,,variation,Amarican Health
,,,variation,Amercan Health
,,,variation,Americn Health
,,,variation,Ameican Health
,,,variation,Amrican Health
---,,,,
B074NCJ1Z1,brand_name,Nature's Bounty,variation,Nature's Bounty
https://www.amazon.com/dp/B074NCJ1Z1,,,variation,natures bounty
Nature's Bounty,,,variation,NaturesBounty
,,,variation,Natures-Bounty
,,,variation,Nature Bounty
,,,variation,Natures Bounty
,,,variation,Natures Bountey
,,,variation,Nature's Bouny
,,,variation,Natures Bonty
,,,variation,Natures Bounti
,,,variation,Natures Bountee
,,,variation,Natures Bountys
,,,variation,Natures Bountys
,,,variation,Natures Bounti
---,,,,
B00YEGOT3K,brand_name,Nature's Bounty,variation,Nature's Bounty
https://www.amazon.com/dp/B00YEGOT3K,,,variation,natures bounty
Nature's Bounty,,,variation,NaturesBounty
,,,variation,Nature'sBounty
,,,variation,Natures-Bounty
,,,variation,Nature Bounty
,,,variation,Natures Bounty
,,,variation,Natures Bountee
,,,variation,Natures Bonty
,,,variation,Natures Bouny
,,,variation,Natures Bounti
,,,variation,Natures Bountie
,,,variation,Natures Bountys
,,,variation,Natures Bountys
---,,,,
B0DZPG6PP8,brand_name,Spectraspray,variation,Spectraspray
https://www.amazon.com/dp/B0DZPG6PP8,,,variation,spectraspray
Spectraspray,,,variation,Spectra spray
,,,variation,spectra spray
,,,variation,Spectra-Spray
,,,variation,Spectraspry
,,,variation,Spectrasray
,,,variation,Spectraspry
,,,variation,Spectspray
,,,variation,Spectraspry
---,,,,
B010RS31WS,brand_name,Nature Made,variation,Nature Made
https://www.amazon.com/dp/B010RS31WS,,,variation,nature made
Nature Made,,,variation,NatureMade
,,,variation,Nature-Made
,,,variation,Nature
,,,variation,Natre Made
,,,variation,Nature Mde
,,,variation,Natre Mde
,,,variation,Natre Made
,,,variation,Natrue Made
---,,,,
B000RMVIPW,brand_name,Wise Ways Herbals,variation,Wise Ways Herbals
https://www.amazon.com/dp/B000RMVIPW,,,variation,wise ways herbals
Wise Ways Herbals,,,variation,WiseWaysHerbals
,,,variation,Wise-Ways-Herbals
,,,variation,Wise
,,,variation,Wize Ways Herbals
,,,variation,Wise Wais Herbals
,,,variation,Wize Wais Herbals
,,,variation,Wize Ways Herbals
,,,variation,Wise Ways Herballs
,,,variation,Wise Ways Herbals
,,,variation,Wize Ways Herbals
,,,variation,Wize Wais Herbals
---,,,,
B07L5HGR3Z,brand_name,WALPAR,variation,WALPAR
https://www.amazon.com/dp/B07L5HGR3Z,,,variation,walpar
WALPAR,,,variation,Walpar
,,,variation,Walp-ar
,,,variation,Walp ar
,,,variation,WALPARR
,,,variation,WALPRA
,,,variation,WALPARA
,,,variation,WALPAP
,,,variation,WALPARQ
---,,,,
B005GW14DE,brand_name,Vicks,variation,Vicks
https://www.amazon.com/dp/B005GW14DE,,,variation,vicks
Vicks,,,variation,Vick
,,,variation,Viks
,,,variation,Viks
,,,variation,Vickz
,,,variation,Viksx
,,,variation,Vicksz
,,,variation,Vickss
,,,variation,Viks
,,,variation,Vikcs
---,,,,
B01IAIO65S,brand_name,ACT,variation,ACT
https://www.amazon.com/dp/B01IAIO65S,,,variation,act
ACT,,,variation,Act
,,,variation,A.C.T
,,,variation,ATC
,,,variation,ACTT
,,,variation,ACTE
,,,variation,ACTS
,,,variation,ACT-
,,,variation,A-C-T
,,,variation,ACTT
,,,variation,ACT-1
,,,variation,ACT-2
,,,variation,ACT-3
---,,,,
B003NQUYD6,brand_name,Wise Ways Herbals,variation,Wise Ways Herbals
https://www.amazon.com/dp/B003NQUYD6,,,variation,wise ways herbals
Wise Ways Herbals,,,variation,WiseWaysHerbals
,,,variation,Wise-Ways-Herbals
,,,variation,Wise
,,,variation,Wize Ways Herbals
,,,variation,Wise Wais Herbals
,,,variation,Wize Wais Herbals
,,,variation,Wize Ways Herbals
,,,variation,Wise Ways Herballs
,,,variation,Wise Wais Herballs
,,,variation,Wize Ways Herbals
,,,variation,Wize Ways Herbals
---,,,,
B0D5Q8BCP1,brand_name,BackVive,variation,BackVive
https://www.amazon.com/dp/B0D5Q8BCP1,,,variation,backvive
BackVive,,,variation,Back Vive
,,,variation,back vive
,,,variation,Back-Vive
,,,variation,BacVive
,,,variation,BacKvive
,,,variation,BackVivee
,,,variation,BacK Vive
,,,variation,BacKviive
,,,variation,BacKveive
,,,variation,BacVivee
,,,variation,BacK-Vive
---,,,,
B084VHNSLG,brand_name,Core Med Science,variation,Core Med Science
https://www.amazon.com/dp/B084VHNSLG,,,variation,core med science
Core Med Science,,,variation,CoreMedScience
,,,variation,Core-Med-Science
,,,variation,Core MedScience
,,,variation,CoreMed Science
,,,variation,Cor Med Science
,,,variation,CoreMedsience
,,,variation,Core Medsience
,,,variation,Core Med Sciene
---,,,,
B0DK7YFFGP,brand_name,SupreH,variation,SupreH
https://www.amazon.com/dp/B0DK7YFFGP,,,variation,supreh
SupreH,,,variation,Supre h
,,,variation,Supre-H
,,,variation,SuprH
,,,variation,SuprEh
,,,variation,SupreG
,,,variation,SupreHh
,,,variation,Suprehh
,,,variation,SuprHh
---,,,,
B01IEGX1VG,brand_name,Cepacol,variation,Cepacol
https://www.amazon.com/dp/B01IEGX1VG,,,variation,cepacol
Cepacol,,,variation,Cepacol-
,,,variation,Cepacole
,,,variation,Cepacol
,,,variation,Cepacol
,,,variation,Cepacel
,,,variation,Cepaclo
,,,variation,Cepacolq
,,,variation,Cepacolz
,,,variation,Cepacolx
,,,variation,Cepacoll
,,,variation,Cepacool
---,,,,
B008Y5YBA8,brand_name,GoodSense,variation,GoodSense
https://www.amazon.com/dp/B008Y5YBA8,,,variation,goodsense
GoodSense,,,variation,Good Sense
,,,variation,good sense
,,,variation,Good-Sense
,,,variation,GdSense
,,,variation,GooSense
,,,variation,GoodSence
,,,variation,GooDsense
,,,variation,GoddSense
,,,variation,GooSence
,,,variation,GooD-Sense
,,,variation,GooDsenze
,,,variation,GooDsen
---,,,,
B00J7ZF6F8,brand_name,MidNite,variation,MidNite
https://www.amazon.com/dp/B00J7ZF6F8,,,variation,midnite
MidNite,,,variation,Mid Nite
,,,variation,mid nite
,,,variation,Mid-Nite
,,,variation,MidNite
,,,variation,MIdNite
,,,variation,MIdNite
,,,variation,MidNitee
,,,variation,MidNitey
,,,variation,MIdNite
,,,variation,MIdNite
,,,variation,MIdNite
,,,variation,MidNitee
---,,,,
B006VT8G1O,brand_name,THISWORKS,variation,THISWORKS
https://www.amazon.com/dp/B006VT8G1O,,,variation,thisworks
THISWORKS,,,variation,ThisWorks
,,,variation,This Works
,,,variation,This-Works
,,,variation,THSWRKS
,,,variation,THIWORKS
,,,variation,THISWORX
,,,variation,THISWOKS
,,,variation,THS WORKS
---,,,,
B085KHRFMC,brand_name,HealthA2Z,variation,HealthA2Z
https://www.amazon.com/dp/B085KHRFMC,,,variation,healtha2z
HealthA2Z,,,variation,Health A2Z
,,,variation,health a2 z
,,,variation,Health-A2Z
,,,variation,HealthA2z
,,,variation,HeathA2Z
,,,variation,HealthA2Zz
,,,variation,HealthA2
,,,variation,HealthA2Zy
,,,variation,HalthA2Z
,,,variation,HealthA2Z1
,,,variation,HealthA2Z-
---,,,,
B001E0T0H4,brand_name,ANCIENT SECRETS,variation,ANCIENT SECRETS
https://www.amazon.com/dp/B001E0T0H4,,,variation,ancient secrets
ANCIENT SECRETS,,,variation,AncientSecrets
,,,variation,Ancient-Secrets
,,,variation,Ancient
,,,variation,ANCIENT
,,,variation,Ancint Secrets
,,,variation,Ancient Secrects
,,,variation,Ancient Secerts
,,,variation,Anciant Secrets
,,,variation,Ancient Secretes
,,,variation,Ancient Secrect
,,,variation,Ancient Secerts
,,,variation,Ancient Secrect
---,,,,
B016X6AXYM,brand_name,HERBION,variation,HERBION
https://www.amazon.com/dp/B016X6AXYM,,,variation,herbion
HERBION,,,variation,Herbion
,,,variation,Herb-Ion
,,,variation,Herb ion
,,,variation,HBRION
,,,variation,HERBIONN
,,,variation,HERBIONE
,,,variation,HBRION
,,,variation,Herbionn
---,,,,
B00E6M4FRW,brand_name,ALKA-SELTZER PLUS,variation,ALKA-SELTZER PLUS
https://www.amazon.com/dp/B00E6M4FRW,,,variation,alka-seltzer plus
ALKA-SELTZER PLUS,,,variation,AlkaSeltzerPlus
,,,variation,Alka-Seltzer-Plus
,,,variation,Alka Seltzer Plus
,,,variation,Alka Seltzer
,,,variation,AlkaSeltzer
,,,variation,AlkaSelzter Plus
,,,variation,ALKA SELTZER PLUS
,,,variation,ALKA SELTZERPLU
---,,,,
B005IHVQ80,brand_name,Tylenol,variation,Tylenol
https://www.amazon.com/dp/B005IHVQ80,,,variation,tylenol
Tylenol,,,variation,Tylenol
,,,variation,Tylanol
,,,variation,Tylenol
,,,variation,Tylenol
,,,variation,Tylenol
,,,variation,Tylenol
,,,variation,Tylenol
,,,variation,Tylenol
---,,,,
B06WLLD6ZY,brand_name,Paramed,variation,Paramed
https://www.amazon.com/dp/B06WLLD6ZY,,,variation,paramed
Paramed,,,variation,ParaMed
,,,variation,Para-med
,,,variation,Parame
,,,variation,Paramedd
,,,variation,Parameed
,,,variation,Paramd
,,,variation,Parameed
,,,variation,Paremad
,,,variation,Parame
---,,,,
B0CHXY8WQW,brand_name,Oklar,variation,Oklar
https://www.amazon.com/dp/B0CHXY8WQW,,,variation,oklar
Oklar,,,variation,Oklarr
,,,variation,Oklor
,,,variation,Oklat
,,,variation,Oklar
,,,variation,Oklr
,,,variation,Oklar
,,,variation,Oklar
,,,variation,Oklar
---,,,,
B01C5QS1T8,brand_name,iHealth,variation,iHealth
https://www.amazon.com/dp/B01C5QS1T8,,,variation,ihealth
iHealth,,,variation,IHealth
,,,variation,i-Heath
,,,variation,i Health
,,,variation,I Healh
,,,variation,iHeath
,,,variation,iHealt
,,,variation,iHeath
,,,variation,iHealt
,,,variation,iHeath
,,,variation,iHealt
,,,variation,iHeath
---,,,,
B07XYW52VQ,brand_name,MMIZOO,variation,MMIZOO
https://www.amazon.com/dp/B07XYW52VQ,,,variation,mmizoo
MMIZOO,,,variation,MMI ZOO
,,,variation,MMI-ZOO
,,,variation,MIZOO
,,,variation,MMIZO
,,,variation,MMIZOOO
,,,variation,MMIZOOO
,,,variation,MIMIZOO
,,,variation,MMIZOOO
---,,,,
B0DD46HGC9,brand_name,Omron,variation,Omron
https://www.amazon.com/dp/B0DD46HGC9,,,variation,omron
Omron,,,variation,Omron-
,,,variation,Omron-
,,,variation,Omon
,,,variation,Omronn
,,,variation,Omronn
,,,variation,Ommron
,,,variation,Omrn
,,,variation,Ommronn
,,,variation,Omrn
---,,,,
B01MQ20MHE,brand_name,Paramed,variation,Paramed
https://www.amazon.com/dp/B01MQ20MHE,,,variation,paramed
Paramed,,,variation,ParaMed
,,,variation,Par-a-med
,,,variation,Parame
,,,variation,Parameed
,,,variation,Paremad
,,,variation,Paramd
,,,variation,Parameed
,,,variation,Parameed
,,,variation,Paremad
---,,,,
B07844Z4KB,brand_name,Paramed,variation,Paramed
https://www.amazon.com/dp/B07844Z4KB,,,variation,paramed
Paramed,,,variation,ParaMed
,,,variation,Par-a-med
,,,variation,Parame
,,,variation,Paramedd
,,,variation,Parameed
,,,variation,Paremad
,,,variation,Paramd
,,,variation,Parameed
,,,variation,Paremmed
---,,,,
B000RWB03W,brand_name,PrimaCare Medical,variation,PrimaCare Medical
https://www.amazon.com/dp/B000RWB03W,,,variation,primacare medical
PrimaCare Medical,,,variation,PrimaCareMedical
,,,variation,Prima-Care Medical
,,,variation,PrimaCare-Medical
,,,variation,Prima
,,,variation,Primacare
,,,variation,PrinaCare Medical
,,,variation,PrimaCare Medicel
,,,variation,PrimaCare Medikal
,,,variation,PrimaCae Medical
,,,variation,PrimaCare Medica
---,,,,
B0F9YG2T43,brand_name,MMIZOO,variation,MMIZOO
https://www.amazon.com/dp/B0F9YG2T43,,,variation,mmizoo
MMIZOO,,,variation,MMI ZOO
,,,variation,MMI-ZOO
,,,variation,MIZOO
,,,variation,MMIZO
,,,variation,MMIZOOO
,,,variation,MMIZOOO
,,,variation,MIMIZOO
,,,variation,MMIZOOO
---,,,,
B0DSWP8GTV,brand_name,Primacare,variation,Primacare
https://www.amazon.com/dp/B0DSWP8GTV,,,variation,primacare
Primacare,,,variation,PrimaCare
,,,variation,Prima-care
,,,variation,Primacare
,,,variation,Primac
,,,variation,Primmacare
,,,variation,Primacaree
,,,variation,Primacaree
,,,variation,Prmcare
,,,variation,Primacaree
---,,,,
B0DZ75ZSQ2,brand_name,Dixie EMS,variation,Dixie EMS
https://www.amazon.com/dp/B0DZ75ZSQ2,,,variation,dixie ems
Dixie EMS,,,variation,DixieEMS
,,,variation,Dixie-EMS
,,,variation,Dixie
,,,variation,Dixie Ems
,,,variation,Dixie E.M.S.
,,,variation,Dixie Ems
,,,variation,Dixie EMSs
,,,variation,Dixie Emsy
,,,variation,Dixie Emsz
,,,variation,Dixie Emsx
,,,variation,Dixie E.M.S
,,,variation,Dixie E.M.Ss
---,,,,
B00RY3ASUS,brand_name,Dixie EMS,variation,Dixie EMS
https://www.amazon.com/dp/B00RY3ASUS,,,variation,dixie ems
Dixie EMS,,,variation,DixieEMS
,,,variation,Dixie-EMS
,,,variation,Dixie
,,,variation,Dixie Ems
,,,variation,Dixie Ems
,,,variation,Dixie EMSs
,,,variation,Dixie Ems
,,,variation,Dixie Ems
,,,variation,Dixie EMS
,,,variation,Dixie Ems
,,,variation,Dixie Ems
,,,variation,Dixie Ems
---,,,,
B00VGI1BGM,brand_name,Dixie EMS,variation,Dixie EMS
https://www.amazon.com/dp/B00VGI1BGM,,,variation,dixie ems
Dixie EMS,,,variation,DixieEMS
,,,variation,Dixie-EMS
,,,variation,Dixie
,,,variation,Dixie Ems
,,,variation,Dixie E.M.S.
,,,variation,Dixie Ems
,,,variation,Dixie EMSs
,,,variation,Dixie EMSM
,,,variation,Dixie Emsm
,,,variation,Dixie Emsz
,,,variation,Dixie Emsx
,,,variation,Dixie Emsd
---,,,,
B08Y5TLD3C,brand_name,MBUPAI,variation,MBUPAI
https://www.amazon.com/dp/B08Y5TLD3C,,,variation,mbupai
MBUPAI,,,variation,Mbupai
,,,variation,M-BUPAI
,,,variation,M BUPAI
,,,variation,MbuPai
,,,variation,MBUPAI
,,,variation,MBUPAI
,,,variation,MbuPai
,,,variation,MbuPaii
,,,variation,M-BUPAI
,,,variation,M-BUPAI
,,,variation,MbuP
,,,variation,MbuPaii
---,,,,
B0B7N78RP2,brand_name,MBUPAI,variation,MBUPAI
https://www.amazon.com/dp/B0B7N78RP2,,,variation,mbupai
MBUPAI,,,variation,Mbupai
,,,variation,M-BUPAI
,,,variation,M BUPAI
,,,variation,MbuPai
,,,variation,MBUPAIi
,,,variation,MBUPA
,,,variation,MBUPAI-
,,,variation,MbuPai
---,,,,
B0DN5ZMQ51,brand_name,Omron,variation,Omron
https://www.amazon.com/dp/B0DN5ZMQ51,,,variation,omron
Omron,,,variation,Omrón
,,,variation,Omaron
,,,variation,Omronn
,,,variation,Omronm
,,,variation,Omronn
,,,variation,Omronn
,,,variation,Omon
,,,variation,Omronn
---,,,,
B0DZ74QM3J,brand_name,Dixie EMS,variation,Dixie EMS
https://www.amazon.com/dp/B0DZ74QM3J,,,variation,dixie ems
Dixie EMS,,,variation,DixieEMS
,,,variation,Dixie-EMS
,,,variation,Dixie
,,,variation,Dixie Ems
,,,variation,Dixie E.M.S.
,,,variation,Dixie Ems
,,,variation,Dixie EMSs
,,,variation,Dixie Emsy
,,,variation,Dixie Emsz
,,,variation,Dixie Emsx
,,,variation,Dixie E.M.S
,,,variation,Dixie E.M.Ss
---,,,,
B002TWMJVU,brand_name,Dixie EMS,variation,Dixie EMS
https://www.amazon.com/dp/B002TWMJVU,,,variation,dixie ems
Dixie EMS,,,variation,DixieEMS
,,,variation,Dixie-EMS
,,,variation,Dixie
,,,variation,Dixie Ems
,,,variation,Dixie EMSs
,,,variation,Dixie Ems
,,,variation,Dixie EMS
,,,variation,Dixie Ems
,,,variation,Dixie Ems
,,,variation,Dixie Ems
,,,variation,Dixie Ems
---,,,,
B0DZ74MGPV,brand_name,Dixie EMS,variation,Dixie EMS
https://www.amazon.com/dp/B0DZ74MGPV,,,variation,dixie ems
Dixie EMS,,,variation,DixieEMS
,,,variation,Dixie-EMS
,,,variation,Dixie
,,,variation,Dixie Ems
,,,variation,Dixie E.M.S.
,,,variation,Dixie Ems
,,,variation,Dixie EMSs
,,,variation,Dixie Emsy
,,,variation,Dixie Emsz
,,,variation,Dixie Emsx
,,,variation,Dixie E.M.S
,,,variation,Dixie E.M.Ss
---,,,,
B09BZ86V36,brand_name,MBUPAI,variation,MBUPAI
https://www.amazon.com/dp/B09BZ86V36,,,variation,mbupai
MBUPAI,,,variation,Mbupai
,,,variation,M-BUPAI
,,,variation,M BUPAI
,,,variation,MbuPai
,,,variation,MBUPAI
,,,variation,MBUPAI
,,,variation,MbuPai
,,,variation,MbuPaii
,,,variation,M-BUPAI
,,,variation,MbuPaii
,,,variation,MbuPaii
---,,,,
B09FYNJFCK,brand_name,microMend,variation,microMend
https://www.amazon.com/dp/B09FYNJFCK,,,variation,micromend
microMend,,,variation,MicroMend
,,,variation,micro Mend
,,,variation,micromend
,,,variation,micromnd
,,,variation,microMendd
,,,variation,micromendd
,,,variation,micromend 
,,,variation,microMend 
,,,variation,micromend-
,,,variation,micromend_
,,,variation,micromed
,,,variation,micromendx
---,,,,
B08RG84594,brand_name,PATCH,variation,PATCH
https://www.amazon.com/dp/B08RG84594,,,variation,patch
PATCH,,,variation,Patch
,,,variation,P-A-T-C-H
,,,variation,Pach
,,,variation,Pachh
,,,variation,PACH
,,,variation,PATC
,,,variation,PACHH
,,,variation,PACHY
,,,variation,PACHC
---,,,,
B0FGPMXKD8,brand_name,beauty tape,variation,beauty tape
https://www.amazon.com/dp/B0FGPMXKD8,,,variation,beautytape
beauty tape,,,variation,BeautyTape
,,,variation,Beauty-Tape
,,,variation,beautyTape
,,,variation,beuty tape
,,,variation,beutyape
,,,variation,beauty tpe
,,,variation,beauty tap
,,,variation,beaty tape
---,,,,
B079Q1737C,brand_name,PATCH,variation,PATCH
https://www.amazon.com/dp/B079Q1737C,,,variation,patch
PATCH,,,variation,Patch
,,,variation,P-A-T-C-H
,,,variation,Pach
,,,variation,Pachh
,,,variation,PACH
,,,variation,PATC
,,,variation,PACHH
,,,variation,PACHY
,,,variation,PACHC
---,,,,
B079PR83KR,brand_name,PATCH,variation,PATCH
https://www.amazon.com/dp/B079PR83KR,,,variation,patch
PATCH,,,variation,Patch
,,,variation,P-A-T-C-H
,,,variation,Pach
,,,variation,Pachh
,,,variation,PACH
,,,variation,PATC
,,,variation,PACHH
,,,variation,PACHY
,,,variation,PACHC
---,,,,
B00NHFV8CY,brand_name,Band-Aid,variation,Band-Aid
https://www.amazon.com/dp/B00NHFV8CY,,,variation,band-aid
Band-Aid,,,variation,BandAid
,,,variation,Band Aid
,,,variation,Bandaid
,,,variation,Bnd-Aid
,,,variation,BandAids
,,,variation,BndAid
,,,variation,Band-Aids
,,,variation,Bnd-Aids
,,,variation,Bnd-Aid
,,,variation,Band-Aidz
,,,variation,Bnd-Aid
---,,,,
B088FZ8TN9,brand_name,microMend,variation,microMend
https://www.amazon.com/dp/B088FZ8TN9,,,variation,micromend
microMend,,,variation,MicroMend
,,,variation,micro Mend
,,,variation,micro-Mend
,,,variation,micromnd
,,,variation,micromendd
,,,variation,micromed
,,,variation,microMendd
,,,variation,micromendz
---,,,,
B00E4MRSA0,brand_name,Backaid,variation,Backaid
https://www.amazon.com/dp/B00E4MRSA0,,,variation,backaid
Backaid,,,variation,Back Aid
,,,variation,back aid
,,,variation,Back-aid
,,,variation,Bacaid
,,,variation,Bacaid
,,,variation,Bacaid
,,,variation,Backaide
,,,variation,Backaidt
,,,variation,Bacakid
---,,,,
B0BLVS1N6J,brand_name,SEABIRD,variation,SEABIRD
https://www.amazon.com/dp/B0BLVS1N6J,,,variation,seabird
SEABIRD,,,variation,Seabird
,,,variation,SeaBird
,,,variation,Seabrd
,,,variation,Seabirdt
,,,variation,SEABIRDY
,,,variation,SEABIR
,,,variation,SEABIRD-
,,,variation,SEABIRD_
---,,,,
B002LN4PYG,brand_name,All Terrain,variation,All Terrain
https://www.amazon.com/dp/B002LN4PYG,,,variation,all terrain
All Terrain,,,variation,AllTerrain
,,,variation,All-Terrain
,,,variation,AllTterrain
,,,variation,Al Terrain
,,,variation,AlTterrain
,,,variation,Al-Terrain
,,,variation,All Terran
,,,variation,Al Terran
,,,variation,All Terain
,,,variation,All Terrin
,,,variation,Al Teren
,,,variation,All Terran
---,,,,
B0BLJ5CBFP,brand_name,microMend,variation,microMend
https://www.amazon.com/dp/B0BLJ5CBFP,,,variation,micromend
microMend,,,variation,MicroMend
,,,variation,micro Mend
,,,variation,micro-Mend
,,,variation,micromnd
,,,variation,micromendd
,,,variation,micromed
,,,variation,micromendz
,,,variation,micromendx
,,,variation,micromend 
,,,variation,micromend-
,,,variation,micromend.
---,,,,
B0F9DBH9KW,brand_name,Generic,variation,Generic
https://www.amazon.com/dp/B0F9DBH9KW,,,variation,generic
Generic,,,variation,Genric
,,,variation,Gneric
,,,variation,Genricc
,,,variation,Gnericc
,,,variation,Gnerik
,,,variation,Genaric
,,,variation,Genarick
,,,variation,Gnerikc
---,,,,
