ASIN / Brand,Input Field,Input Value,Type,Variation
B09V1LDJD1,brand_name,ASDFGHT,variation,ASDFGHT
https://www.amazon.com/dp/B09V1LDJD1,,,variation,asdfght
ASDFGHT,,,variation,ASDFGht
,,,variation,ASDF-GHT
,,,variation,ASDF GHT
,,,variation,ASDFGHTT
,,,variation,ASDFGHTY
,,,variation,ASDFGHTE
,,,variation,ASDFGHTD
,,,variation,ASDFGHTH
---,,,,
B00GAIMT8C,brand_name,weBoost,variation,weBoost
https://www.amazon.com/dp/B00GAIMT8C,,,variation,weboost
weBoost,,,variation,WeBoost
,,,variation,We boost
,,,variation,we Boost
,,,variation,wBoost
,,,variation,weBost
,,,variation,weBoos
,,,variation,weBostt
,,,variation,weBoosd
,,,variation,weBooost
,,,variation,weBosts
,,,variation,we-Bost
---,,,,
B0DLKZBGC7,brand_name,Sweeada,variation,Sweeada
https://www.amazon.com/dp/B0DLKZBGC7,,,variation,sweeada
Sweeada,,,variation,Swee-ada
,,,variation,Swee ada
,,,variation,Sweeadaa
,,,variation,Sweeada
,,,variation,Sweeada
,,,variation,Sweeada
,,,variation,Sweeada
,,,variation,Sweeada
---,,,,
B0DT11HWXZ,brand_name,LuckySlycyc,variation,LuckySlycyc
https://www.amazon.com/dp/B0DT11HWXZ,,,variation,luckyslycyc
LuckySlycyc,,,variation,Lucky Slycyc
,,,variation,lucky slycyc
,,,variation,Lucky-Slycyc
,,,variation,Luckyslyc
,,,variation,LuckySlyc
,,,variation,LukySlycyc
,,,variation,LuckySlycic
,,,variation,Luckyslycy
,,,variation,LukcySlycyc
,,,variation,LuckySlycic
,,,variation,LukcySlyc
,,,variation,LuckySlycye
---,,,,
B082HFLY19,brand_name,DJI,variation,DJI
https://www.amazon.com/dp/B082HFLY19,,,variation,dji
DJI,,,variation,Dji
,,,variation,D-J-I
,,,variation,DJK
,,,variation,DII
,,,variation,DGI
,,,variation,DJJ
,,,variation,Djii
,,,variation,Dji-Drone
---,,,,
B004OHKGJU,brand_name,TRIPP LITE,variation,TRIPP LITE
https://www.amazon.com/dp/B004OHKGJU,,,variation,tripp lite
TRIPP LITE,,,variation,TrippLite
,,,variation,Tripp-Lite
,,,variation,Tripp
,,,variation,Trip Lite
,,,variation,TRIP LITE
,,,variation,TRIP-LITE
,,,variation,Tripp Lait
,,,variation,Tripp Lete
,,,variation,Tripp Litte
,,,variation,Tripp Lyt
,,,variation,Tripp Lete
---,,,,
B002LT3OLA,brand_name,AXIS,variation,AXIS
https://www.amazon.com/dp/B002LT3OLA,,,variation,axis
AXIS,,,variation,Axis
,,,variation,AIXS
,,,variation,AXISs
,,,variation,AXIS-
,,,variation,AXIS-
,,,variation,AXISs
,,,variation,AXISX
,,,variation,AXISZ
---,,,,
B0BRJ5ZJ3V,brand_name,EDSACE,variation,EDSACE
https://www.amazon.com/dp/B0BRJ5ZJ3V,,,variation,edsace
EDSACE,,,variation,EdSace
,,,variation,E-D-S-A-C-E
,,,variation,EDSA
,,,variation,Edsace
,,,variation,EDSAC
,,,variation,ED-SACE
,,,variation,Edsacee
,,,variation,EDSACe
---,,,,
B077TCSZ35,brand_name,AT&T,variation,AT&T
https://www.amazon.com/dp/B077TCSZ35,,,variation,at&t
AT&T,,,variation,At&T
,,,variation,ATT
,,,variation,A T & T
,,,variation,A T&T
,,,variation,A T and T
,,,variation,ATnT
,,,variation,AT&Tt
,,,variation,AT&
,,,variation,A T T
,,,variation,A T &T
---,,,,
B004OA6XQ2,brand_name,STEREN,variation,STEREN
https://www.amazon.com/dp/B004OA6XQ2,,,variation,steren
STEREN,,,variation,Steren
,,,variation,STERN
,,,variation,STERENN
,,,variation,STEREEN
,,,variation,SSTERN
,,,variation,STERNEN
,,,variation,Sterean
,,,variation,Sterenn
---,,,,
B00BOKFB1S,brand_name,Browning,variation,Browning
https://www.amazon.com/dp/B00BOKFB1S,,,variation,browning
Browning,,,variation,Browin
,,,variation,Brow-ning
,,,variation,Browningg
,,,variation,Browningg
,,,variation,Browin
,,,variation,Browng
,,,variation,Browningg
,,,variation,Browningg
---,,,,
B00H0OHIX6,brand_name,Shakespeare,variation,Shakespeare
https://www.amazon.com/dp/B00H0OHIX6,,,variation,shakespeare
Shakespeare,,,variation,Shakeapeare
,,,variation,Shakespare
,,,variation,Shakespear
,,,variation,Shakespaer
,,,variation,Shakespear
,,,variation,Shakspeare
,,,variation,Shakespare
,,,variation,Shakespear
,,,variation,Shakspeare
---,,,,
B0DLKZ12FJ,brand_name,Sweeada,variation,Sweeada
https://www.amazon.com/dp/B0DLKZ12FJ,,,variation,sweeada
Sweeada,,,variation,Swee-ada
,,,variation,Swee ada
,,,variation,Sweeadaa
,,,variation,Sweeada
,,,variation,Sweeada
,,,variation,Sweeada
,,,variation,Sweeada
,,,variation,Sweeada
---,,,,
B0014KKLNQ,brand_name,RCA,variation,RCA
https://www.amazon.com/dp/B0014KKLNQ,,,variation,rca
RCA,,,variation,Rca
,,,variation,R.C.A.
,,,variation,R.C.A
,,,variation,RCA.
,,,variation,RCAa
,,,variation,RCAz
,,,variation,RCAx
,,,variation,RCAq
,,,variation,RCAw
,,,variation,RCA1
,,,variation,RCA2
,,,variation,RCA3
---,,,,
B0014KIZAM,brand_name,AXIS,variation,AXIS
https://www.amazon.com/dp/B0014KIZAM,,,variation,axis
AXIS,,,variation,Axis
,,,variation,AXISs
,,,variation,AXIS-
,,,variation,AXIS-
,,,variation,AXISs
,,,variation,AXISX
,,,variation,AXISD
,,,variation,AXISW
,,,variation,AXISQ
,,,variation,AXISZ
,,,variation,AXIS-1
,,,variation,AXIS-2
---,,,,
B07GP5QF3L,brand_name,Lorex,variation,Lorex
https://www.amazon.com/dp/B07GP5QF3L,,,variation,lorex
Lorex,,,variation,Lore-x
,,,variation,Lo-rex
,,,variation,Lorelx
,,,variation,Loreks
,,,variation,Lorexk
,,,variation,Lorez
,,,variation,Loxrex
,,,variation,Lorex 
,,,variation,Lorex1
,,,variation,Lorrex
,,,variation,Lorexx
,,,variation,Lorex.
---,,,,
B097QJDM65,brand_name,DJI,variation,DJI
https://www.amazon.com/dp/B097QJDM65,,,variation,dji
DJI,,,variation,Dji
,,,variation,D-J-I
,,,variation,DGI
,,,variation,DII
,,,variation,DJJ
,,,variation,D.J.I.
,,,variation,Djii
,,,variation,Dji-
---,,,,
B0876P1WBT,brand_name,BRAND SET,variation,BRAND SET
https://www.amazon.com/dp/B0876P1WBT,,,variation,brand set
BRAND SET,,,variation,brandset
,,,variation,BRANDSET
,,,variation,Brand-Set
,,,variation,BrandSet
,,,variation,Bran Set
,,,variation,BranSet
,,,variation,BRAND SRT
,,,variation,BRAND SETT
,,,variation,BRAND SETS
,,,variation,BRAND SETT
,,,variation,BRAND SETD
---,,,,
B0DFM6HHDZ,brand_name,YBFUU,variation,YBFUU
https://www.amazon.com/dp/B0DFM6HHDZ,,,variation,ybfuu
YBFUU,,,variation,YbFuu
,,,variation,Y-B-F-U-U
,,,variation,YBFU
,,,variation,YBFUu
,,,variation,YBFUu
,,,variation,YBFUu
,,,variation,YBFUu
,,,variation,YBFUUu
,,,variation,YBFUuU
---,,,,
B000068O0Z,brand_name,Hosa,variation,Hosa
https://www.amazon.com/dp/B000068O0Z,,,variation,hosa
Hosa,,,variation,Hosa-
,,,variation,Hosa 
,,,variation,Hosaa
,,,variation,Hosaq
,,,variation,Hosa
,,,variation,Hosa
,,,variation,Hosa
,,,variation,Hosa
---,,,,
B07JXJXS5D,brand_name,MarineLand,variation,MarineLand
https://www.amazon.com/dp/B07JXJXS5D,,,variation,marineland
MarineLand,,,variation,Marine Land
,,,variation,Marine-Land
,,,variation,Marin
,,,variation,Marinelnd
,,,variation,MarineLnd
,,,variation,Marineland
,,,variation,Marinleand
,,,variation,Marinelandd
,,,variation,Marinelandt
,,,variation,Marinelandz
,,,variation,Marinelandx
---,,,,
B0FSDK7YY3,brand_name,Velooke,variation,Velooke
https://www.amazon.com/dp/B0FSDK7YY3,,,variation,velooke
Velooke,,,variation,Velooke
,,,variation,Velo-ok
,,,variation,Velo ke
,,,variation,Velokke
,,,variation,Velok
,,,variation,Velook
,,,variation,Velokie
,,,variation,Velooke
,,,variation,Velokee
---,,,,
B0D5XM211X,brand_name,ATOROBROS,variation,ATOROBROS
https://www.amazon.com/dp/B0D5XM211X,,,variation,atorobros
ATOROBROS,,,variation,Atorobros
,,,variation,Atorobros
,,,variation,ATORO-BROS
,,,variation,ATORO BROS
,,,variation,AtoroBros
,,,variation,Atorobross
,,,variation,ATROBOROS
,,,variation,ATOROBRO
,,,variation,Atorobros
,,,variation,Atorobros
,,,variation,Atorobros
,,,variation,Atorobros
---,,,,
B09K77NYRT,brand_name,EasyHome,variation,EasyHome
https://www.amazon.com/dp/B09K77NYRT,,,variation,easyhome
EasyHome,,,variation,Easy Home
,,,variation,easy home
,,,variation,Easy-Hom
,,,variation,EsyHome
,,,variation,EasHome
,,,variation,EazyHome
,,,variation,Easihome
,,,variation,Easihom
---,,,,
B0CMC7HM93,brand_name,Nukanu,variation,Nukanu
https://www.amazon.com/dp/B0CMC7HM93,,,variation,nukanu
Nukanu,,,variation,Nuk-anu
,,,variation,Nuka nu
,,,variation,Nukanuu
,,,variation,Nukanu
,,,variation,Nukanuo
,,,variation,Nukanuq
,,,variation,Nukanuw
,,,variation,Nukanuo
---,,,,
B0DQTMBHDP,brand_name,Velooke,variation,Velooke
https://www.amazon.com/dp/B0DQTMBHDP,,,variation,velooke
Velooke,,,variation,Velooke
,,,variation,Velo-ok
,,,variation,Velo ke
,,,variation,Velokke
,,,variation,Velok
,,,variation,Velokie
,,,variation,Velokiee
,,,variation,Velook
,,,variation,Veloque
---,,,,
B0DQTTBFN9,brand_name,Velooke,variation,Velooke
https://www.amazon.com/dp/B0DQTTBFN9,,,variation,velooke
Velooke,,,variation,Velooke
,,,variation,Velo-ok
,,,variation,Velok
,,,variation,Velokke
,,,variation,Velokie
,,,variation,Velokq
,,,variation,Velokke
,,,variation,Veloque
---,,,,
B0CKX8CM7R,brand_name,AKASUKI,variation,AKASUKI
https://www.amazon.com/dp/B0CKX8CM7R,,,variation,akasuki
AKASUKI,,,variation,AkasukI
,,,variation,Akasuki
,,,variation,AkasuKi
,,,variation,AKASUKIY
,,,variation,AKASUKI1
,,,variation,AKASUKI-
,,,variation,AKASUKI_
,,,variation,AKASUKI!
---,,,,
B09RCY2QYF,brand_name,Verilux,variation,Verilux
https://www.amazon.com/dp/B09RCY2QYF,,,variation,verilux
Verilux,,,variation,VeriLux
,,,variation,Veri-lux
,,,variation,Verilx
,,,variation,Veriluxx
,,,variation,Veriluxs
,,,variation,Virilux
,,,variation,Veriluxz
,,,variation,Viriluxx
,,,variation,Vreilux
,,,variation,Veriluxk
,,,variation,Veriluxc
---,,,,
B0FP2Z1TDG,brand_name,Qiuxunies,variation,Qiuxunies
https://www.amazon.com/dp/B0FP2Z1TDG,,,variation,qiuxunies
Qiuxunies,,,variation,Qiuxun-ies
,,,variation,Qiux unies
,,,variation,Qiu xunies
,,,variation,Qiuxunies
,,,variation,Qiuxunies
,,,variation,Qiuxunies
,,,variation,Qiuxunies
,,,variation,Qiuxunies
---,,,,
B0DKMM5NV7,brand_name,Verilux,variation,Verilux
https://www.amazon.com/dp/B0DKMM5NV7,,,variation,verilux
Verilux,,,variation,VeriLux
,,,variation,Veri-lux
,,,variation,Verilx
,,,variation,Veriluxx
,,,variation,Veriluxs
,,,variation,Virilux
,,,variation,Verrilux
,,,variation,Veriluxx
,,,variation,Viriluxx
,,,variation,Verriluxx
,,,variation,Viriluxs
---,,,,
B0BY2MLPQ4,brand_name,FIMEI,variation,FIMEI
https://www.amazon.com/dp/B0BY2MLPQ4,,,variation,fimei
FIMEI,,,variation,FimeI
,,,variation,FiMEI
,,,variation,FIME
,,,variation,FIMEY
,,,variation,FIMIE
,,,variation,FIMAI
,,,variation,FIMEIY
,,,variation,FIMIEE
---,,,,
B00800YE8G,brand_name,biOrb,variation,biOrb
https://www.amazon.com/dp/B00800YE8G,,,variation,biorb
biOrb,,,variation,BiOrb
,,,variation,bi-Orb
,,,variation,bi Orb
,,,variation,biOrbs
,,,variation,biOrbq
,,,variation,biOrbp
,,,variation,biOrbz
,,,variation,biOrbb
---,,,,
B0DLGMBP1L,brand_name,AKASUKI,variation,AKASUKI
https://www.amazon.com/dp/B0DLGMBP1L,,,variation,akasuki
AKASUKI,,,variation,AkasukI
,,,variation,Akasuki
,,,variation,AkasuKi
,,,variation,AKASUKIY
,,,variation,AKASUKI1
,,,variation,AKASUKI-
,,,variation,AKASUKI_
,,,variation,AKASUKI!
---,,,,
B09YV6FTXK,brand_name,MediAcous,variation,MediAcous
https://www.amazon.com/dp/B09YV6FTXK,,,variation,mediacous
MediAcous,,,variation,Medi Acous
,,,variation,Medi-Acous
,,,variation,MediAous
,,,variation,MediAcouss
,,,variation,MediAcousz
,,,variation,MediAcousx
,,,variation,MediAcouss
,,,variation,MediAcousy
---,,,,
B0FP1HPMV4,brand_name,Bakzon,variation,Bakzon
https://www.amazon.com/dp/B0FP1HPMV4,,,variation,bakzon
Bakzon,,,variation,Bakz-on
,,,variation,Bakz on
,,,variation,Bazon
,,,variation,Baxzon
,,,variation,Bakzon
,,,variation,Bakzun
,,,variation,Baxon
,,,variation,Bazon
,,,variation,Bakzonn
---,,,,
B0C3VQQ8CL,brand_name,FIMEI,variation,FIMEI
https://www.amazon.com/dp/B0C3VQQ8CL,,,variation,fimei
FIMEI,,,variation,FimeI
,,,variation,FiMEI
,,,variation,FIME
,,,variation,Fime
,,,variation,FIMIE
,,,variation,FIMAI
,,,variation,FIMEY
,,,variation,FIMIEE
,,,variation,FIMEIY
,,,variation,FIMEI-
,,,variation,FIMEI_
---,,,,
B0BV6LQ7RF,brand_name,LASTAR,variation,LASTAR
https://www.amazon.com/dp/B0BV6LQ7RF,,,variation,lastar
LASTAR,,,variation,Lastar
,,,variation,LasTar
,,,variation,LSTAR
,,,variation,LASTAR-
,,,variation,LASTAR 
,,,variation,Laster
,,,variation,Lasta
,,,variation,LastaR
,,,variation,LATSAR
,,,variation,LASTARs
,,,variation,Lasterr
,,,variation,Lastera
---,,,,
B0D4D3B7T4,brand_name,FULSUNT,variation,FULSUNT
https://www.amazon.com/dp/B0D4D3B7T4,,,variation,fulsunt
FULSUNT,,,variation,Fulsunt
,,,variation,Fulsuntt
,,,variation,Fulsuntt
,,,variation,Fulsun
,,,variation,Fulsuntd
,,,variation,Fulsunttt
,,,variation,Fulsuntt
,,,variation,Fulsuntn
---,,,,
B09MV35LV1,brand_name,FOTEACA,variation,FOTEACA
https://www.amazon.com/dp/B09MV35LV1,,,variation,foteaca
FOTEACA,,,variation,Foteaca
,,,variation,FOTE-ACA
,,,variation,FOTE A CA
,,,variation,FOTEA
,,,variation,FOTEC
,,,variation,FOTEAC
,,,variation,FOTEACCA
,,,variation,FOTEA-CA
,,,variation,FOTEACa
,,,variation,FOTECa
---,,,,
B091GV9G5V,brand_name,Feit Electric,variation,Feit Electric
https://www.amazon.com/dp/B091GV9G5V,,,variation,feit electric
Feit Electric,,,variation,FeitElectric
,,,variation,Feit-Electric
,,,variation,Feit
,,,variation,Fiet Electric
,,,variation,Feit Eelectrc
,,,variation,Feit Electrc
,,,variation,Feit Elctric
,,,variation,Fait Electric
,,,variation,Feit Electic
,,,variation,Feit Eelctric
,,,variation,Feit Eectric
,,,variation,Feit Electir
---,,,,
B0CKYX9YPZ,brand_name,MAOYUE,variation,MAOYUE
https://www.amazon.com/dp/B0CKYX9YPZ,,,variation,maoyue
MAOYUE,,,variation,MaoYue
,,,variation,Mao-Yue
,,,variation,Mao Yue
,,,variation,MaoYue
,,,variation,MAOUE
,,,variation,MAOYUEE
,,,variation,MAOYU
,,,variation,MAOYUEW
---,,,,
B001VH4TCQ,brand_name,Zilla,variation,Zilla
https://www.amazon.com/dp/B001VH4TCQ,,,variation,zilla
Zilla,,,variation,Zila
,,,variation,Zillla
,,,variation,Zillaa
,,,variation,Zilla-
,,,variation,Zilla 
,,,variation,Zilla1
,,,variation,Zila
,,,variation,Zill
---,,,,
B000NBDTMC,brand_name,Dorcy,variation,Dorcy
https://www.amazon.com/dp/B000NBDTMC,,,variation,dorcy
Dorcy,,,variation,Dorc
,,,variation,Dorsy
,,,variation,Dorci
,,,variation,Dorcsy
,,,variation,Dorcyy
,,,variation,Dorcyy
,,,variation,Dorcly
,,,variation,Dorcx
---,,,,
B081BSQ9GD,brand_name,Feit Electric,variation,Feit Electric
https://www.amazon.com/dp/B081BSQ9GD,,,variation,feit electric
Feit Electric,,,variation,FeitElectric
,,,variation,Feit-Electric
,,,variation,Feit
,,,variation,Feit Electic
,,,variation,Feit Eelectrc
,,,variation,Feit Eelctric
,,,variation,Fiet Electric
,,,variation,Feit Electrik
,,,variation,Feit Elctric
,,,variation,Feit Eectric
,,,variation,Feit Eletcric
,,,variation,Feit Eectric
---,,,,
B07FZ43DGF,brand_name,Feit Electric,variation,Feit Electric
https://www.amazon.com/dp/B07FZ43DGF,,,variation,feit electric
Feit Electric,,,variation,FeitElectric
,,,variation,Feit-Electric
,,,variation,Feit
,,,variation,Fiet Electric
,,,variation,Feit Eectric
,,,variation,Feit Electic
,,,variation,Feit Elctric
,,,variation,Feit Electrik
,,,variation,Feit Eletcric
,,,variation,Feit Eectric
,,,variation,Fet Electric
,,,variation,Feit Electrc
---,,,,
B07NDSPGPP,brand_name,Feit Electric,variation,Feit Electric
https://www.amazon.com/dp/B07NDSPGPP,,,variation,feit electric
Feit Electric,,,variation,FeitElectric
,,,variation,Feit-Electric
,,,variation,Feit
,,,variation,Fiet Electric
,,,variation,Feit Eectric
,,,variation,Feit Electic
,,,variation,Feit Elctric
,,,variation,Feit Electrik
,,,variation,Feit Eletcric
,,,variation,Feit Eectric
,,,variation,Fet Electric
,,,variation,Feit Electrc
---,,,,
B09HK5N8ZK,brand_name,Feit Electric,variation,Feit Electric
https://www.amazon.com/dp/B09HK5N8ZK,,,variation,feit electric
Feit Electric,,,variation,FeitElectric
,,,variation,Feit-Electric
,,,variation,Feit
,,,variation,Fiet Electric
,,,variation,Feit Eelectrc
,,,variation,Feit Electrc
,,,variation,Feit Elctric
,,,variation,Fait Electric
,,,variation,Feit Electic
,,,variation,Feit Eelctric
,,,variation,Feit Eelctric
,,,variation,Feit Eectric
---,,,,
B000I17GIA,brand_name,Feit Electric,variation,Feit Electric
https://www.amazon.com/dp/B000I17GIA,,,variation,feit electric
Feit Electric,,,variation,FeitElectric
,,,variation,Feit-Electric
,,,variation,Feit
,,,variation,Fiet Electric
,,,variation,Feit Electic
,,,variation,Feit Eelectrc
,,,variation,Feit Eelctric
,,,variation,Feit Electrik
,,,variation,Fait Electric
,,,variation,Feit Elctric
,,,variation,Feit Eectric
,,,variation,Feit Eectric
---,,,,
B01BIBOSPC,brand_name,Zoo Med,variation,Zoo Med
https://www.amazon.com/dp/B01BIBOSPC,,,variation,zoo med
Zoo Med,,,variation,ZooMed
,,,variation,Zoo-Med
,,,variation,ZooMed
,,,variation,ZooMedd
,,,variation,Zoo Meed
,,,variation,Zoo Medd
,,,variation,Z0o Med
,,,variation,Zou Med
---,,,,
B000QD365M,brand_name,Feit Electric,variation,Feit Electric
https://www.amazon.com/dp/B000QD365M,,,variation,feit electric
Feit Electric,,,variation,FeitElectric
,,,variation,Feit-Electric
,,,variation,Feit
,,,variation,Fiet Electric
,,,variation,Feit Eelectrc
,,,variation,Feit Electrc
,,,variation,Feit Elctric
,,,variation,Feit Electic
,,,variation,Feit Eelctric
,,,variation,Feit Electrik
,,,variation,Fait Electric
,,,variation,Feit Electrc
---,,,,
B0002DHIDW,brand_name,PONDMASTER,variation,PONDMASTER
https://www.amazon.com/dp/B0002DHIDW,,,variation,pondmaster
PONDMASTER,,,variation,Pondmaster
,,,variation,Pond Master
,,,variation,Pond-Master
,,,variation,POND-MASTER
,,,variation,Pondmster
,,,variation,Pondmastar
,,,variation,PONDMASTER
,,,variation,PONDMASTOR
---,,,,
B07H4K9GXW,brand_name,GE,variation,GE
https://www.amazon.com/dp/B07H4K9GXW,,,variation,ge
GE,,,variation,Ge
,,,variation,G.E.
,,,variation,G E
,,,variation,GEe
,,,variation,GEE
,,,variation,GE-
,,,variation,G-E
,,,variation,GEE-
,,,variation,GEE 
,,,variation,G E E
,,,variation,GEEE
,,,variation,GEE.
---,,,,
B01B8AYTZ2,brand_name,Zilla,variation,Zilla
https://www.amazon.com/dp/B01B8AYTZ2,,,variation,zilla
Zilla,,,variation,Zila
,,,variation,Zillla
,,,variation,Zillaa
,,,variation,Zilla
,,,variation,Zila
,,,variation,Zilla-
,,,variation,Zilla 
,,,variation,Zilla1
,,,variation,Zilla!
,,,variation,Zilla@
,,,variation,Zilla#
---,,,,
B01I3D81VU,brand_name,Globe Electric,variation,Globe Electric
https://www.amazon.com/dp/B01I3D81VU,,,variation,globe electric
Globe Electric,,,variation,GlobeElectric
,,,variation,Globe-Electric
,,,variation,Globe
,,,variation,Globe Electic
,,,variation,Globe Eelectrc
,,,variation,Globe Electrik
,,,variation,Gloobe Electric
,,,variation,Globe Eletcric
,,,variation,Globe Electrc
---,,,,
B004LOGFWS,brand_name,Zoo Med,variation,Zoo Med
https://www.amazon.com/dp/B004LOGFWS,,,variation,zoo med
Zoo Med,,,variation,ZooMed
,,,variation,Zoo-Med
,,,variation,ZooMed
,,,variation,ZooMedd
,,,variation,Zoo Meed
,,,variation,Z0o Med
,,,variation,Zoo MEd
,,,variation,Zou Med
,,,variation,ZooMEd
,,,variation,Zoe Med
,,,variation,Zou Meed
,,,variation,Z0oMedd
---,,,,
B002CYSA4U,brand_name,Sylvania,variation,Sylvania
https://www.amazon.com/dp/B002CYSA4U,,,variation,sylvania
Sylvania,,,variation,Sylvannia
,,,variation,Sylvaina
,,,variation,Slyvania
,,,variation,Slyvannia
,,,variation,Slyvaina
,,,variation,Sylvaniaa
,,,variation,Slyvanya
,,,variation,Sylvani
---,,,,
B076DF1LWS,brand_name,GE,variation,GE
https://www.amazon.com/dp/B076DF1LWS,,,variation,ge
GE,,,variation,Ge
,,,variation,G.E.
,,,variation,G E
,,,variation,GEe
,,,variation,GEE
,,,variation,GE-
,,,variation,G-E
,,,variation,GEE-
,,,variation,GEE!
,,,variation,GEE1
,,,variation,GEE2
---,,,,
B000I18V7K,brand_name,Feit Electric,variation,Feit Electric
https://www.amazon.com/dp/B000I18V7K,,,variation,feit electric
Feit Electric,,,variation,FeitElectric
,,,variation,Feit-Electric
,,,variation,Feit
,,,variation,Fiet Electric
,,,variation,Feit Electic
,,,variation,Feit Eelectrc
,,,variation,Feit Eelctric
,,,variation,Feit Elctric
,,,variation,Feit Electrik
---,,,,
B0CZ6PXB24,brand_name,podoru,variation,podoru
https://www.amazon.com/dp/B0CZ6PXB24,,,variation,Podoru
podoru,,,variation,pOdoru
,,,variation,podoru-
,,,variation,podo ru
,,,variation,poodoru
,,,variation,podoru
,,,variation,poodro
,,,variation,podro
,,,variation,poodoru
,,,variation,podo
---,,,,
B08TZW834X,brand_name,EWEMOSI,variation,EWEMOSI
https://www.amazon.com/dp/B08TZW834X,,,variation,ewemosi
EWEMOSI,,,variation,Ewemosi
,,,variation,E-WEMOSI
,,,variation,Ewe Mosi
,,,variation,EweMosi
,,,variation,Ewemosi
,,,variation,Ewemosi
,,,variation,Ewemosy
,,,variation,Ewemosi
,,,variation,Ewemosi
,,,variation,Ewemosi
,,,variation,Ewemosi
,,,variation,Ewemosi
---,,,,
B0F549PK7T,brand_name,NZKEEYZI,variation,NZKEEYZI
https://www.amazon.com/dp/B0F549PK7T,,,variation,nzkeeyzi
NZKEEYZI,,,variation,Nzkeeyzi
,,,variation,N-Z-K-E-E-Y-Z-I
,,,variation,N Z K E E Y Z I
,,,variation,NZKEEZI
,,,variation,NZKEEYI
,,,variation,NZKEEYZIY
,,,variation,NZKEEYZZ
,,,variation,NZKEEYZIY
,,,variation,NZKEEYZI1
---,,,,
B0CSW947RH,brand_name,podoru,variation,podoru
https://www.amazon.com/dp/B0CSW947RH,,,variation,Podoru
podoru,,,variation,pOdoru
,,,variation,podoru-
,,,variation,podo ru
,,,variation,poodoru
,,,variation,podro
,,,variation,poodro
,,,variation,p0doru
,,,variation,podoru1
,,,variation,podoru_
---,,,,
B0C5XCD12S,brand_name,podoru,variation,podoru
https://www.amazon.com/dp/B0C5XCD12S,,,variation,Podoru
podoru,,,variation,pOdoru
,,,variation,podoru-
,,,variation,podo ru
,,,variation,p0doru
,,,variation,podoru
,,,variation,pudoru
,,,variation,podro
,,,variation,pudoru
,,,variation,p0doru
---,,,,
B0CDM8Z91S,brand_name,podoru,variation,podoru
https://www.amazon.com/dp/B0CDM8Z91S,,,variation,Podoru
podoru,,,variation,pOdoru
,,,variation,podoru-
,,,variation,podo ru
,,,variation,poodoru
,,,variation,podro
,,,variation,poodro
,,,variation,p0doru
,,,variation,podoru1
,,,variation,podoru_
---,,,,
B0CHJ35LLW,brand_name,podoru,variation,podoru
https://www.amazon.com/dp/B0CHJ35LLW,,,variation,Podoru
podoru,,,variation,pOdoru
,,,variation,podoru-
,,,variation,podo ru
,,,variation,poodoru
,,,variation,podro
,,,variation,poodro
,,,variation,p0doru
,,,variation,podoru1
,,,variation,podoru_
,,,variation,p0d0ru
,,,variation,p0doru
,,,variation,podoru-1
---,,,,
B09NQ1C9SS,brand_name,EWEMOSI,variation,EWEMOSI
https://www.amazon.com/dp/B09NQ1C9SS,,,variation,ewemosi
EWEMOSI,,,variation,Ewemosi
,,,variation,Ewe Mosi
,,,variation,EweMosi
,,,variation,Ewemosi
,,,variation,Ewemosy
,,,variation,Ewemosi
,,,variation,Ewemosi
,,,variation,Ewemosi
---,,,,
B0CYBJBG88,brand_name,EWEMOSI,variation,EWEMOSI
https://www.amazon.com/dp/B0CYBJBG88,,,variation,ewemosi
EWEMOSI,,,variation,Ewemosi
,,,variation,E-WEMOSI
,,,variation,Ewe Mosi
,,,variation,EweMosi
,,,variation,Ewemosi
,,,variation,Ewemosi
,,,variation,Ewemosy
,,,variation,Ewemosi
,,,variation,Ewemosi
,,,variation,Ewemosi
,,,variation,Ewemosi
,,,variation,Ewemosi
---,,,,
B0CZ6NYXTC,brand_name,podoru,variation,podoru
https://www.amazon.com/dp/B0CZ6NYXTC,,,variation,Podoru
podoru,,,variation,pOdoru
,,,variation,pooru
,,,variation,pudoru
,,,variation,podoru
,,,variation,podoru
,,,variation,poodoru
,,,variation,podoru
,,,variation,podoru
---,,,,
B0CSS793QF,brand_name,podoru,variation,podoru
https://www.amazon.com/dp/B0CSS793QF,,,variation,Podoru
podoru,,,variation,PODORU
,,,variation,pOdoru
,,,variation,podoRu
,,,variation,p0doru
,,,variation,podoru
,,,variation,podoru
,,,variation,poodoru
,,,variation,podro
---,,,,
B0CKSFM1TD,brand_name,EWEMOSI,variation,EWEMOSI
https://www.amazon.com/dp/B0CKSFM1TD,,,variation,ewemosi
EWEMOSI,,,variation,Ewemosi
,,,variation,E-WEMOSI
,,,variation,Ewe Mosi
,,,variation,EweMosi
,,,variation,Ewemosi
,,,variation,Ewemosi
,,,variation,Ewemosi
,,,variation,Ewemosi
,,,variation,Ewemosi
,,,variation,Ewemosi
,,,variation,Ewemosi
---,,,,
B0C6QDFWBG,brand_name,CNHL,variation,CNHL
https://www.amazon.com/dp/B0C6QDFWBG,,,variation,cnhl
CNHL,,,variation,Cnhl
,,,variation,C-N-H-L
,,,variation,C N H L
,,,variation,CNHLT
,,,variation,CNHLR
,,,variation,CNLH
,,,variation,C-NHL
,,,variation,Cnhll
---,,,,
B0DBZC1FGM,brand_name,Tokeyla,variation,Tokeyla
https://www.amazon.com/dp/B0DBZC1FGM,,,variation,tokeyla
Tokeyla,,,variation,Tokey-la
,,,variation,Toke-yl
,,,variation,Tokeila
,,,variation,Tokeila
,,,variation,Tokeila
,,,variation,Tokeila
,,,variation,Tokeila
,,,variation,Tokeila
---,,,,
B00O28XYMM,brand_name,Maxell,variation,Maxell
https://www.amazon.com/dp/B00O28XYMM,,,variation,maxell
Maxell,,,variation,Maxel
,,,variation,Mxel
,,,variation,Maxelll
,,,variation,Maxel
,,,variation,Mxaell
,,,variation,Maxel
,,,variation,Maxel
,,,variation,Maxel
---,,,,
B0DHGJM1J4,brand_name,Generic,variation,Generic
https://www.amazon.com/dp/B0DHGJM1J4,,,variation,generic
Generic,,,variation,Genric
,,,variation,Gneric
,,,variation,Genricc
,,,variation,Gnericc
,,,variation,Gnerik
,,,variation,Generec
,,,variation,Generec
,,,variation,Genric
,,,variation,Gnerikc
,,,variation,Gnerik
,,,variation,Gneric-
---,,,,
B0D1VB8Q1N,brand_name,Tokeyla,variation,Tokeyla
https://www.amazon.com/dp/B0D1VB8Q1N,,,variation,tokeyla
Tokeyla,,,variation,Toke-yl
,,,variation,Toke yla
,,,variation,Toke
,,,variation,Tokeila
,,,variation,Tokeylaa
,,,variation,Tokeyla
,,,variation,Tokeila
,,,variation,Tokeila
,,,variation,Tokeila
,,,variation,Tokeila
,,,variation,Tokeila
,,,variation,Tokeila
---,,,,
B0792RRQJC,brand_name,CNHL,variation,CNHL
https://www.amazon.com/dp/B0792RRQJC,,,variation,cnhl
CNHL,,,variation,Cnhl
,,,variation,C-N-H-L
,,,variation,C N H L
,,,variation,Cnh
,,,variation,CNL
,,,variation,Cnhll
,,,variation,CNHLl
,,,variation,C-NHL
---,,,,
B000IEKSDM,brand_name,ULTRALAST,variation,ULTRALAST
https://www.amazon.com/dp/B000IEKSDM,,,variation,ultralast
ULTRALAST,,,variation,UltraLast
,,,variation,Ultra Last
,,,variation,Ultralast
,,,variation,Ultralst
,,,variation,ULTRALSTT
,,,variation,ULTRALASTS
,,,variation,ULTRA-LAST
,,,variation,ULTRA LAST
---,,,,
B0BTYNGGDK,brand_name,CNHL,variation,CNHL
https://www.amazon.com/dp/B0BTYNGGDK,,,variation,cnhl
CNHL,,,variation,Cnhl
,,,variation,C-N-H-L
,,,variation,C N H L
,,,variation,Cnh
,,,variation,CNL
,,,variation,CNHLT
,,,variation,CNHLR
,,,variation,C-NHL
,,,variation,Cnhll
,,,variation,Cnhl1
,,,variation,Cnhl-
,,,variation,Cnhl_
---,,,,
B08H7XMNXG,brand_name,CNHL,variation,CNHL
https://www.amazon.com/dp/B08H7XMNXG,,,variation,cnhl
CNHL,,,variation,Cnhl
,,,variation,C-N-H-L
,,,variation,C N H L
,,,variation,Cnh
,,,variation,CNLH
,,,variation,CNHLT
,,,variation,CNHL-
,,,variation,C-NHL
,,,variation,Cnhl-
,,,variation,Cnhl1
,,,variation,Cnhl_
---,,,,
B0D66J7PXK,brand_name,CNHL,variation,CNHL
https://www.amazon.com/dp/B0D66J7PXK,,,variation,cnhl
CNHL,,,variation,Cnhl
,,,variation,C-N-H-L
,,,variation,C N H L
,,,variation,Cnh
,,,variation,CNL
,,,variation,Cnhll
,,,variation,CNHLl
,,,variation,C-NHL
---,,,,
B0C2CQWJ7Y,brand_name,CNHL,variation,CNHL
https://www.amazon.com/dp/B0C2CQWJ7Y,,,variation,cnhl
CNHL,,,variation,Cnhl
,,,variation,C-N-H-L
,,,variation,C N H L
,,,variation,Cnh
,,,variation,CNL
,,,variation,CNHLT
,,,variation,CNHLR
,,,variation,C-NHL
,,,variation,Cnhl
,,,variation,Cnhl-
,,,variation,Cnhl_
,,,variation,Cnhl.
---,,,,
B08V8KNWPY,brand_name,CNHL,variation,CNHL
https://www.amazon.com/dp/B08V8KNWPY,,,variation,cnhl
CNHL,,,variation,Cnhl
,,,variation,C-N-H-L
,,,variation,C N H L
,,,variation,Cnhll
,,,variation,CNHLl
,,,variation,CNLH
,,,variation,C-NHL
,,,variation,C-NH-L
---,,,,
B09CTQ6H8S,brand_name,OVONIC,variation,OVONIC
https://www.amazon.com/dp/B09CTQ6H8S,,,variation,ovonic
OVONIC,,,variation,Ovonics
,,,variation,Ovo-nic
,,,variation,Ovo nic
,,,variation,Ovonik
,,,variation,OVONIK
,,,variation,OVONICk
,,,variation,OVONICs
,,,variation,Ovonoc
---,,,,
B0CY24LV7T,brand_name,CNHL,variation,CNHL
https://www.amazon.com/dp/B0CY24LV7T,,,variation,cnhl
CNHL,,,variation,Cnhl
,,,variation,C-N-H-L
,,,variation,C N H L
,,,variation,Cnh
,,,variation,CNL
,,,variation,Cnhll
,,,variation,CNHLl
,,,variation,C-NHL
---,,,,
B0BX2L1KJ8,brand_name,CNHL,variation,CNHL
https://www.amazon.com/dp/B0BX2L1KJ8,,,variation,cnhl
CNHL,,,variation,Cnhl
,,,variation,C-N-H-L
,,,variation,C N H L
,,,variation,Cnh
,,,variation,CNL
,,,variation,CnhL
,,,variation,CNHLT
,,,variation,CNHL-
---,,,,
B0CN99FXKR,brand_name,CNHL,variation,CNHL
https://www.amazon.com/dp/B0CN99FXKR,,,variation,cnhl
CNHL,,,variation,Cnhl
,,,variation,C-N-H-L
,,,variation,C N H L
,,,variation,Cnh
,,,variation,CNL
,,,variation,Cnhll
,,,variation,CNHLl
,,,variation,CNHL-
---,,,,
B09MRY2QFN,brand_name,CNHL,variation,CNHL
https://www.amazon.com/dp/B09MRY2QFN,,,variation,cnhl
CNHL,,,variation,Cnhl
,,,variation,C-N-H-L
,,,variation,C N H L
,,,variation,Cnhll
,,,variation,CNHLl
,,,variation,CNLH
,,,variation,C-NHL
,,,variation,C-N-H-L-
---,,,,
B08ZNJFW88,brand_name,CNHL,variation,CNHL
https://www.amazon.com/dp/B08ZNJFW88,,,variation,cnhl
CNHL,,,variation,Cnhl
,,,variation,C-N-H-L
,,,variation,C N H L
,,,variation,CNLH
,,,variation,Cnh
,,,variation,CNHLT
,,,variation,CNHL-
,,,variation,C-NHL
,,,variation,C-N-H-L-
---,,,,
