ASIN / Brand,Input Field,Input Value,Type,Variation
B00NGJDX42,brand_name,Lay's Stax,variation,Lay's Stax
https://www.amazon.com/dp/B00NGJDX42,,,variation,lay's stax
Lay's Stax,,,variation,Lays Stax
,,,variation,Lays-Stax
,,,variation,LaysStax
,,,variation,Lay Stax
,,,variation,Lay'staks
,,,variation,Lays Staks
,,,variation,Lays Staxx
,,,variation,Lays Staxs
,,,variation,LaysStaxx
,,,variation,LaysStaxs
,,,variation,Lays Staxz
---,,,,
B01MU2QE0D,brand_name,Epic,variation,Epic
https://www.amazon.com/dp/B01MU2QE0D,,,variation,epic
Epic,,,variation,Epik
,,,variation,Epick
,,,variation,Epikc
,,,variation,Epiq
,,,variation,Epoc
,,,variation,Epc
,,,variation,E-pic
,,,variation,E-pik
---,,,,
B01M0JEGKO,brand_name,Paqui Tortilla Chips,variation,Paqui Tortilla Chips
https://www.amazon.com/dp/B01M0JEGKO,,,variation,paqui tortilla chips
Paqui Tortilla Chips,,,variation,PaquiTortillaChips
,,,variation,Paqui-Tortilla-Chips
,,,variation,Paqui
,,,variation,Paqi Tortilla Chips
,,,variation,Paqui Tortila Chips
,,,variation,Paqqui Tortilla Chips
,,,variation,Paqi Tortilla Chps
,,,variation,Paqqui Tortila Chips
---,,,,
B07H5PSGF2,brand_name,BRADS PLANT BASED,variation,BRADS PLANT BASED
https://www.amazon.com/dp/B07H5PSGF2,,,variation,brads plant based
BRADS PLANT BASED,,,variation,BradsPlantBased
,,,variation,Brads-Plant-Based
,,,variation,Brads
,,,variation,Brads PlantBsed
,,,variation,Brads Plant Bsed
,,,variation,Brads Plnt Based
,,,variation,Brads Plant Bsaed
,,,variation,Brads Plant Bassed
,,,variation,Brads Plant Basedd
,,,variation,Brads Plant Bsaesd
,,,variation,Brads Plant Baisd
---,,,,
B01N1OUZU7,brand_name,Popcorners,variation,Popcorners
https://www.amazon.com/dp/B01N1OUZU7,,,variation,popcorners
Popcorners,,,variation,Popcornerss
,,,variation,Popcorner
,,,variation,Ppopcorners
,,,variation,Popcornerss
,,,variation,Ppopcorners
,,,variation,Pocorners
,,,variation,Popcornerss
,,,variation,Pocornerss
---,,,,
B08W3HVQBH,brand_name,REAL FOOD FROM THE GROUND UP,variation,REAL FOOD FROM THE GROUND UP
https://www.amazon.com/dp/B08W3HVQBH,,,variation,real food from the ground up
REAL FOOD FROM THE GROUND UP,,,variation,RealFoodFromTheGroundUp
,,,variation,Real-Food-From-The-Ground-Up
,,,variation,Real Food FromTheGroundUp
,,,variation,Real Food From TheGroundUp
,,,variation,RealFood From The Ground Up
,,,variation,RealFoodFromTheGround
,,,variation,Real Fod From The Ground Up
,,,variation,Reel Food From The Ground Up
---,,,,
B0018Q7LQ6,brand_name,Truly Indian,variation,Truly Indian
https://www.amazon.com/dp/B0018Q7LQ6,,,variation,truly indian
Truly Indian,,,variation,TrulyIndian
,,,variation,Truly-Indian
,,,variation,Truly
,,,variation,Truely Indian
,,,variation,Trully Indian
,,,variation,Truly Indien
,,,variation,Teuly Indian
,,,variation,Truly Inidan
---,,,,
B078BBZM8S,brand_name,Mi Nina,variation,Mi Nina
https://www.amazon.com/dp/B078BBZM8S,,,variation,mi nina
Mi Nina,,,variation,MiNina
,,,variation,Mi-Nina
,,,variation,MiNina
,,,variation,Mina
,,,variation,Mii Nina
,,,variation,Mi Ninna
,,,variation,Mi Nena
,,,variation,Mi Nino
,,,variation,Mi Nna
,,,variation,Mi Nia
,,,variation,Mi Nima
---,,,,
B00IP6XMTC,brand_name,Lay's Stax,variation,Lay's Stax
https://www.amazon.com/dp/B00IP6XMTC,,,variation,lay's stax
Lay's Stax,,,variation,Lays Stax
,,,variation,Lays-Stax
,,,variation,LaysStax
,,,variation,Lay Stax
,,,variation,Lays
,,,variation,Layss Stax
,,,variation,Lays Staks
,,,variation,Lays Staxx
,,,variation,Lays Staxx
,,,variation,Lays Stax
,,,variation,Lays Staxs
---,,,,
B0073GPA3Q,brand_name,Terra,variation,Terra
https://www.amazon.com/dp/B0073GPA3Q,,,variation,terra
Terra,,,variation,Tera
,,,variation,Tera-
,,,variation,Terra-
,,,variation,Teraa
,,,variation,Terra
,,,variation,Tera
,,,variation,Tera
,,,variation,Tera
---,,,,
B00IV6HBSE,brand_name,Calbee,variation,Calbee
https://www.amazon.com/dp/B00IV6HBSE,,,variation,calbee
Calbee,,,variation,Calbe
,,,variation,Calbee-
,,,variation,Calbee 
,,,variation,Cablbee
,,,variation,Calbee
,,,variation,Calbee
,,,variation,Calbee
,,,variation,Calbee
,,,variation,Calbee
---,,,,
B015OBXZ6U,brand_name,Kettle Brand,variation,Kettle Brand
https://www.amazon.com/dp/B015OBXZ6U,,,variation,kettle brand
Kettle Brand,,,variation,KettleBrand
,,,variation,Kettle-Brand
,,,variation,Kettle
,,,variation,Kettl Brand
,,,variation,Kettle Brnd
,,,variation,Kettle Bran
,,,variation,Ketle Brand
,,,variation,Kettle Brande
,,,variation,Kettle Bramd
,,,variation,Kettle Brend
,,,variation,Kettle Brrand
,,,variation,Kettle Brnad
---,,,,
B08KVJQ64Q,brand_name,Terra,variation,Terra
https://www.amazon.com/dp/B08KVJQ64Q,,,variation,terra
Terra,,,variation,Tera
,,,variation,Tera-
,,,variation,Terra-
,,,variation,Teraa
,,,variation,Terraa
,,,variation,Tera
,,,variation,Tera
,,,variation,Tera
,,,variation,Tera
,,,variation,Tera
,,,variation,Tera
---,,,,
B08PX1JL3K,brand_name,BIENA,variation,BIENA
https://www.amazon.com/dp/B08PX1JL3K,,,variation,biena
BIENA,,,variation,Biena
,,,variation,B-I-E-N-A
,,,variation,Biena-
,,,variation,Biena 
,,,variation,BienaA
,,,variation,BienaQ
,,,variation,BIENNA
,,,variation,BIEENA
,,,variation,BIEAN
,,,variation,BIEA
---,,,,
B003Y3GVEE,brand_name,Truly Indian,variation,Truly Indian
https://www.amazon.com/dp/B003Y3GVEE,,,variation,truly indian
Truly Indian,,,variation,TrulyIndian
,,,variation,Truly-Indian
,,,variation,Truly
,,,variation,Truely Indian
,,,variation,Trully Indian
,,,variation,Truly Indien
,,,variation,Teuly Indian
,,,variation,Truly Inidan
---,,,,
B07NQLBMPQ,brand_name,Paqui,variation,Paqui
https://www.amazon.com/dp/B07NQLBMPQ,,,variation,paqui
Paqui,,,variation,Paqi
,,,variation,Paqqui
,,,variation,Paqy
,,,variation,Paqi
,,,variation,Paqi
,,,variation,Paqi
,,,variation,Paqi
,,,variation,Paqi
---,,,,
B071KXMYXM,brand_name,Paqui,variation,Paqui
https://www.amazon.com/dp/B071KXMYXM,,,variation,paqui
Paqui,,,variation,Paqi
,,,variation,Paqqui
,,,variation,Paqi
,,,variation,Paqy
,,,variation,Paqi
,,,variation,Pauqi
,,,variation,Paqi
,,,variation,Paqi
---,,,,
B085ZKGLRC,brand_name,SpudLove,variation,SpudLove
https://www.amazon.com/dp/B085ZKGLRC,,,variation,spudlove
SpudLove,,,variation,Spud Love
,,,variation,spud love
,,,variation,Spud-Love
,,,variation,SpudLuv
,,,variation,SpudLuvs
,,,variation,SpudLoe
,,,variation,SpudLobe
,,,variation,SpudLov
,,,variation,SpudLofe
,,,variation,SpudLuvve
,,,variation,SpudLovve
,,,variation,SpudLuvs
---,,,,
B07V3RTLSJ,brand_name,Craize,variation,Craize
https://www.amazon.com/dp/B07V3RTLSJ,,,variation,craize
Craize,,,variation,Craizee
,,,variation,Craiz
,,,variation,Crayze
,,,variation,Craizee
,,,variation,Craizee
,,,variation,Craizee
,,,variation,Craize
,,,variation,Craize
,,,variation,Craize
,,,variation,Craize
,,,variation,Craize
,,,variation,Craize
---,,,,
B006N3I79Y,brand_name,TULLY'S,variation,TULLY'S
https://www.amazon.com/dp/B006N3I79Y,,,variation,tully's
TULLY'S,,,variation,Tullys
,,,variation,Tullys-
,,,variation,Tully
,,,variation,Tullys
,,,variation,TULYS
,,,variation,TULY'S
,,,variation,TULY
,,,variation,TULY'SS
,,,variation,TULY'SS
,,,variation,TULY'SS
,,,variation,TULY'SS
---,,,,
B00BWE8NDY,brand_name,SANKA,variation,SANKA
https://www.amazon.com/dp/B00BWE8NDY,,,variation,sanka
SANKA,,,variation,Sanka
,,,variation,SANK-A
,,,variation,SANKA-
,,,variation,SANKA 
,,,variation,SANKA1
,,,variation,SANKA!
,,,variation,SANKA@
,,,variation,SANKA#
---,,,,
B00CJ8KUK6,brand_name,Don Francisco's,variation,Don Francisco's
https://www.amazon.com/dp/B00CJ8KUK6,,,variation,don francisco's
Don Francisco's,,,variation,DonFrancisco's
,,,variation,Don-Francisco's
,,,variation,Don Francisco
,,,variation,DonFrancisco
,,,variation,Don Frnacisco's
,,,variation,Dn Francisco's
,,,variation,Don Francsico's
,,,variation,Don Franciscos
,,,variation,Don Frnacisco
,,,variation,Don Francsicos
,,,variation,Don Frnacisco
,,,variation,Don Frnacisco's
---,,,,
B006QYXFKG,brand_name,Raven's Brew Coffee,variation,Raven's Brew Coffee
https://www.amazon.com/dp/B006QYXFKG,,,variation,ravens brew coffee
Raven's Brew Coffee,,,variation,RavensBrewCoffee
,,,variation,Ravens-Brew-Coffee
,,,variation,Raven's
,,,variation,Ravens Brew Cofee
,,,variation,Ravens Brew Coffe
,,,variation,Ravens Brew Cofee
,,,variation,Ravens Brew Coffy
,,,variation,Ravens Brew Caffe
---,,,,
B00K6AOQ5E,brand_name,Wide Awake Coffee,variation,Wide Awake Coffee
https://www.amazon.com/dp/B00K6AOQ5E,,,variation,wide awake coffee
Wide Awake Coffee,,,variation,WideAwakeCoffee
,,,variation,Wide-Awake-Coffee
,,,variation,WideAwake Coffee
,,,variation,Wide AwakeCoffee
,,,variation,Wde Awake Coffee
,,,variation,Wide Awke Coffee
,,,variation,Wide Awke Cofee
,,,variation,Wide Ake Coffee
,,,variation,Wde Ake Coffee
---,,,,
B00629RCSG,brand_name,Nescafe,variation,Nescafe
https://www.amazon.com/dp/B00629RCSG,,,variation,nescafe
Nescafe,,,variation,Nescaf
,,,variation,NesCafe
,,,variation,Nes-cafe
,,,variation,Nescafee
,,,variation,Nescafei
,,,variation,Nescaf
,,,variation,Nescafee
,,,variation,Nescafee
,,,variation,Nescafee
,,,variation,Nescafee
,,,variation,Nescafee
---,,,,
B00BHB0NQC,brand_name,Don Francisco's,variation,Don Francisco's
https://www.amazon.com/dp/B00BHB0NQC,,,variation,don francisco's
Don Francisco's,,,variation,DonFrancisco's
,,,variation,Don-Francisco's
,,,variation,Don Francisco
,,,variation,DonFrancisco
,,,variation,Don Frnacisco's
,,,variation,Dn Francisco's
,,,variation,Don Francsico's
,,,variation,Don Franciscos
,,,variation,Don Frnacisco
,,,variation,Don Frnaciscs
,,,variation,Don Frnaciscs
,,,variation,Don Francsico
---,,,,
B006FTPDBG,brand_name,Folgers,variation,Folgers
https://www.amazon.com/dp/B006FTPDBG,,,variation,folgers
Folgers,,,variation,Folger
,,,variation,folger
,,,variation,Folgars
,,,variation,Folgerss
,,,variation,Folgars
,,,variation,Folgars
,,,variation,Folgars
,,,variation,Folgerss
---,,,,
B006FTPDAM,brand_name,Folgers,variation,Folgers
https://www.amazon.com/dp/B006FTPDAM,,,variation,folgers
Folgers,,,variation,Folger
,,,variation,Folgars
,,,variation,Folgerss
,,,variation,Folgars
,,,variation,Folgars
,,,variation,Folgerss
,,,variation,Folgars
,,,variation,Folgerss
---,,,,
B0BT6B4WFT,brand_name,Folgers,variation,Folgers
https://www.amazon.com/dp/B0BT6B4WFT,,,variation,folgers
Folgers,,,variation,Folger
,,,variation,Folgerss
,,,variation,Folgars
,,,variation,Folgerss
,,,variation,Folgars
,,,variation,Folgars
,,,variation,Folgars
,,,variation,Folgerss
---,,,,
B0055AEOC0,brand_name,Don Francisco's,variation,Don Francisco's
https://www.amazon.com/dp/B0055AEOC0,,,variation,don francisco's
Don Francisco's,,,variation,DonFrancisco's
,,,variation,Don-Francisco's
,,,variation,Don Francisco
,,,variation,Don Franciscos
,,,variation,DonFransisco's
,,,variation,Don Francsico's
,,,variation,Dn Francisco's
,,,variation,Don Francsisco
,,,variation,Don Frnacisco's
,,,variation,Don Frnacisco
,,,variation,Don Francsico
---,,,,
B00O86SEPK,brand_name,Lavazza,variation,Lavazza
https://www.amazon.com/dp/B00O86SEPK,,,variation,lavazza
Lavazza,,,variation,Lavaza
,,,variation,Lavazza
,,,variation,Lavaza
,,,variation,Lavazaa
,,,variation,Lavaza
,,,variation,Lavaza
,,,variation,Lavaz
,,,variation,Lavaza
---,,,,
B08GLN9BNL,brand_name,UCC,variation,UCC
https://www.amazon.com/dp/B08GLN9BNL,,,variation,ucc
UCC,,,variation,Ucc
,,,variation,U-C-C
,,,variation,UC
,,,variation,UC-C
,,,variation,UCCK
,,,variation,UCCS
,,,variation,UCC-
,,,variation,UCC 
,,,variation,UCC.
---,,,,
B07TP8YTH2,brand_name,Cameron's Coffee,variation,Cameron's Coffee
https://www.amazon.com/dp/B07TP8YTH2,,,variation,cameron's coffee
Cameron's Coffee,,,variation,CameronsCoffee
,,,variation,Camerons-Coffee
,,,variation,Cameron
,,,variation,Camerons Cofee
,,,variation,Camerons Coffe
,,,variation,Camerons Caffe
,,,variation,Cameron’s Coffee
,,,variation,Cameron’s Cofee
---,,,,
B00MJZ0P7W,brand_name,Cameron's Coffee,variation,Cameron's Coffee
https://www.amazon.com/dp/B00MJZ0P7W,,,variation,cameron's coffee
Cameron's Coffee,,,variation,CameronsCoffee
,,,variation,Camerons-Coffee
,,,variation,Cameron
,,,variation,Camerons Cofee
,,,variation,Camerons Coffe
,,,variation,Camerons Caffe
,,,variation,Cameron’s Coffee
,,,variation,Cameron’s Cofee
---,,,,
B00NQH08YM,brand_name,MAXWELL HOUSE,variation,MAXWELL HOUSE
https://www.amazon.com/dp/B00NQH08YM,,,variation,maxwell house
MAXWELL HOUSE,,,variation,MaxwellHouse
,,,variation,Maxwell-House
,,,variation,Maxwell
,,,variation,Maxwel House
,,,variation,Mawxell House
,,,variation,MAXWEL HOUSE
,,,variation,Maxwell Hous
,,,variation,Maxwel Hous
---,,,,
B006Y7WQPA,brand_name,Cameron's Coffee,variation,Cameron's Coffee
https://www.amazon.com/dp/B006Y7WQPA,,,variation,cameron's coffee
Cameron's Coffee,,,variation,CameronsCoffee
,,,variation,Camerons-Coffee
,,,variation,Cameron
,,,variation,Camerons Cofee
,,,variation,Camerons Coffe
,,,variation,Camerons Caffe
,,,variation,Cameron’s Coffee
,,,variation,Cameron’s Cofee
---,,,,
B00B7CFQAE,brand_name,Boyd's Coffee,variation,Boyd's Coffee
https://www.amazon.com/dp/B00B7CFQAE,,,variation,boyd's coffee
Boyd's Coffee,,,variation,Boyds Coffee
,,,variation,Boyd'sCoffee
,,,variation,Boyd Coffee
,,,variation,Boyd's Cofee
,,,variation,Boyd's Caffe
,,,variation,Boys Coffee
,,,variation,Boys Cofee
,,,variation,Boys' Coffee
,,,variation,Bodys Coffee
,,,variation,Boyds Coffe
,,,variation,Boyd's Coofee
,,,variation,Boyd's Coffe
---,,,,
B008NUQY90,brand_name,Near East,variation,Near East
https://www.amazon.com/dp/B008NUQY90,,,variation,near east
Near East,,,variation,NearEast
,,,variation,Near-East
,,,variation,Near
,,,variation,Ner East
,,,variation,Near Eest
,,,variation,Near Eestt
,,,variation,Ner Eest
,,,variation,NerEest
---,,,,
B0019LT6FY,brand_name,Lundberg,variation,Lundberg
https://www.amazon.com/dp/B0019LT6FY,,,variation,lundberg
Lundberg,,,variation,Lund-berg
,,,variation,Lund berg
,,,variation,Lundbrg
,,,variation,Lundber
,,,variation,Lundberrg
,,,variation,Lundberh
,,,variation,Lundberb
,,,variation,Lundberf
---,,,,
B078J37Y7K,brand_name,RiceSelect,variation,RiceSelect
https://www.amazon.com/dp/B078J37Y7K,,,variation,riceselect
RiceSelect,,,variation,Rice Select
,,,variation,rice select
,,,variation,Rice-Select
,,,variation,Riceselect
,,,variation,RicsSelect
,,,variation,RiceSlect
,,,variation,RceSelect
,,,variation,RiceSelct
---,,,,
B083X4FNP3,brand_name,Bob's Red Mill,variation,Bob's Red Mill
https://www.amazon.com/dp/B083X4FNP3,,,variation,bob's red mill
Bob's Red Mill,,,variation,BobsRedMill
,,,variation,Bobs-Red-Mill
,,,variation,Bob Red Mill
,,,variation,Bobs RedMill
,,,variation,BobsRedMIl
,,,variation,Bobs Red MIl
,,,variation,Bobs Redd Mill
,,,variation,Bobs Red MIll
---,,,,
B01BPHDJMM,brand_name,STARANISEFOODS,variation,STARANISEFOODS
https://www.amazon.com/dp/B01BPHDJMM,,,variation,staranisefoods
STARANISEFOODS,,,variation,Staranisefoods
,,,variation,Staranise Foods
,,,variation,Staranise-Foods
,,,variation,StaraniseFood
,,,variation,Star Anise Foods
,,,variation,StarAniseFoods
,,,variation,StaraniseFods
,,,variation,Staranisefoos
,,,variation,Staranisefoosd
,,,variation,Staranisefoosds
,,,variation,Starnisefoods
,,,variation,Staranisefoosd
---,,,,
B01NAG4BIU,brand_name,Lundberg,variation,Lundberg
https://www.amazon.com/dp/B01NAG4BIU,,,variation,lundberg
Lundberg,,,variation,Lund-berg
,,,variation,Lundberg
,,,variation,Lundbrg
,,,variation,Lundber
,,,variation,Lundberrg
,,,variation,Lundberh
,,,variation,Lundberb
,,,variation,Lundberf
,,,variation,Lundberh
---,,,,
B007PVAHGE,brand_name,Bob's Red Mill,variation,Bob's Red Mill
https://www.amazon.com/dp/B007PVAHGE,,,variation,bob's red mill
Bob's Red Mill,,,variation,Bobs Red Mill
,,,variation,Bobs-Red-Mill
,,,variation,BobsRedMill
,,,variation,Bob Red Mill
,,,variation,Bob'sRedMill
,,,variation,Bobs Redmill
,,,variation,BobsRedMIl
,,,variation,Bobs Red MIl
---,,,,
B00AWNXMI2,brand_name,Bob's Red Mill,variation,Bob's Red Mill
https://www.amazon.com/dp/B00AWNXMI2,,,variation,bob's red mill
Bob's Red Mill,,,variation,BobsRedMill
,,,variation,Bobs-Red-Mill
,,,variation,Bob Red Mill
,,,variation,Bobs Redmill
,,,variation,Bobs RedMIl
,,,variation,Bobs Red MIl
,,,variation,Bobs Redd Mill
,,,variation,Bobs Red MIl
---,,,,
B000VDREJQ,brand_name,UNCLE BEN'S,variation,UNCLE BEN'S
https://www.amazon.com/dp/B000VDREJQ,,,variation,uncle ben's
UNCLE BEN'S,,,variation,UncleBens
,,,variation,Uncle-Bens
,,,variation,Uncle
,,,variation,Uncle Bens
,,,variation,Uncle Benss
,,,variation,Uncle Ben
,,,variation,Uncle Bens
,,,variation,Uncle Benss
,,,variation,Uncle Bens'
,,,variation,Uncle Benss
,,,variation,Uncle Benss
---,,,,
B083F84XV7,brand_name,Mahatma,variation,Mahatma
https://www.amazon.com/dp/B083F84XV7,,,variation,mahatma
Mahatma,,,variation,Mahatma-
,,,variation,Mahata
,,,variation,Mahamtma
,,,variation,Mahatma
,,,variation,Mahatma
,,,variation,Mahatma
,,,variation,Mahatma
,,,variation,Mahatma
---,,,,
B00CNVITO8,brand_name,Golden Star,variation,Golden Star
https://www.amazon.com/dp/B00CNVITO8,,,variation,golden star
Golden Star,,,variation,GoldenStar
,,,variation,Golden-Star
,,,variation,Golden
,,,variation,Glden Star
,,,variation,Golde Star
,,,variation,Golden Staar
,,,variation,GldenStarr
,,,variation,Goden Star
,,,variation,GodenStarr
---,,,,
B000QV54YK,brand_name,Lundberg,variation,Lundberg
https://www.amazon.com/dp/B000QV54YK,,,variation,lundberg
Lundberg,,,variation,Lundberg
,,,variation,Lundbrg
,,,variation,Lundber
,,,variation,Lundberrg
,,,variation,Lundberg
,,,variation,Lundberg
,,,variation,Lundberg
,,,variation,Lundberg
---,,,,
B00N3AZ9O6,brand_name,Lundberg,variation,Lundberg
https://www.amazon.com/dp/B00N3AZ9O6,,,variation,lundberg
Lundberg,,,variation,Lundberg
,,,variation,Lundbrg
,,,variation,Lundber
,,,variation,Lundberrg
,,,variation,Lundberg
,,,variation,Lundberg
,,,variation,Lundberh
,,,variation,Lundberb
,,,variation,Lundberf
---,,,,
B009HGBF2A,brand_name,Palmetto Farms,variation,Palmetto Farms
https://www.amazon.com/dp/B009HGBF2A,,,variation,palmetto farms
Palmetto Farms,,,variation,PalmettoFarms
,,,variation,Palmetto-Farms
,,,variation,Palmetto
,,,variation,Palmetto Fams
,,,variation,Palmetto Farms
,,,variation,Palmetto Fars
,,,variation,Palmetto Faram
,,,variation,Paimetto Farms
,,,variation,Palmetto Farm
---,,,,
B07CCCVRM4,brand_name,Wel-Pac,variation,Wel-Pac
https://www.amazon.com/dp/B07CCCVRM4,,,variation,wel-pac
Wel-Pac,,,variation,WelPac
,,,variation,Wel Pac
,,,variation,Welpac
,,,variation,Welpac
,,,variation,Welpac
,,,variation,Welpac
,,,variation,Wepac
,,,variation,Wel-Pak
,,,variation,Welpac
,,,variation,Welpac
,,,variation,Welpac
,,,variation,Wel-Pac
---,,,,
B005764KQW,brand_name,Arrowhead Mills,variation,Arrowhead Mills
https://www.amazon.com/dp/B005764KQW,,,variation,arrowhead mills
Arrowhead Mills,,,variation,ArrowheadMills
,,,variation,Arrowhead-Mills
,,,variation,Arrowhead
,,,variation,Arrohead Mills
,,,variation,Arrowhed Mills
,,,variation,Arrowhead Mils
,,,variation,Arrohead Mils
,,,variation,Arrowhead Milz
---,,,,
B000QV32CG,brand_name,Lundberg,variation,Lundberg
https://www.amazon.com/dp/B000QV32CG,,,variation,lundberg
Lundberg,,,variation,LundBerg
,,,variation,Lund-berg
,,,variation,Lund berg
,,,variation,Lundbrg
,,,variation,Lundber
,,,variation,Lundberrg
,,,variation,Lundberh
,,,variation,Lundberb
---,,,,
B07DRGRVTC,brand_name,Yolélé,variation,Yolélé
https://www.amazon.com/dp/B07DRGRVTC,,,variation,yolélé
Yolélé,,,variation,Yolele
,,,variation,Yole-le
,,,variation,Yolele
,,,variation,Yolele
,,,variation,Yolele
,,,variation,Yolele
,,,variation,Yolele
,,,variation,Yolele
---,,,,
B0CHYMGZL8,brand_name,SOEWIOU,variation,SOEWIOU
https://www.amazon.com/dp/B0CHYMGZL8,,,variation,soewiou
SOEWIOU,,,variation,Soewiou
,,,variation,Soe-Wiou
,,,variation,SoeWiou
,,,variation,SoeWIOU
,,,variation,SOEWIU
,,,variation,SOEWOIU
,,,variation,SOEWI0U
,,,variation,SOEWI0U
---,,,,
B085ZT5LL5,brand_name,Tablecraft,variation,Tablecraft
https://www.amazon.com/dp/B085ZT5LL5,,,variation,tablecraft
Tablecraft,,,variation,Table Craft
,,,variation,table craft
,,,variation,Table-Craft
,,,variation,Tablcrafter
,,,variation,Tabelcraft
,,,variation,Tablecraf
,,,variation,Tabelcrafts
,,,variation,Tabelcraftt
,,,variation,Tabeecraft
,,,variation,Tabelcraft
,,,variation,Tabelcraf
---,,,,
B000RA6GMY,brand_name,Glad,variation,Glad
https://www.amazon.com/dp/B000RA6GMY,,,variation,glad
Glad,,,variation,Glaad
,,,variation,G-lad
,,,variation,Gld
,,,variation,Gad
,,,variation,Gladd
,,,variation,Glaad
,,,variation,Glod
,,,variation,Gald
,,,variation,Glaad
,,,variation,Glaad
,,,variation,Gld
,,,variation,Gald
---,,,,
B000GD55II,brand_name,PrepSolutions,variation,PrepSolutions
https://www.amazon.com/dp/B000GD55II,,,variation,prepsolutions
PrepSolutions,,,variation,Prep Solutions
,,,variation,Prep-Solutions
,,,variation,Prep
,,,variation,Prepsolutions
,,,variation,PrepSolutons
,,,variation,PrepSoluions
,,,variation,PrepSolutons
,,,variation,PrepSolutoin
---,,,,
B098KH379Y,brand_name,Rubbermaid,variation,Rubbermaid
https://www.amazon.com/dp/B098KH379Y,,,variation,rubbermaid
Rubbermaid,,,variation,Rubber Maid
,,,variation,Rubber-maid
,,,variation,Rubbermaide
,,,variation,Rubbermide
,,,variation,Rubbermaind
,,,variation,Rubbermald
,,,variation,Rubbermait
,,,variation,Rubbermald
---,,,,
B002DWAWJW,brand_name,Sistema,variation,Sistema
https://www.amazon.com/dp/B002DWAWJW,,,variation,sistema
Sistema,,,variation,Sistema
,,,variation,Sistema-
,,,variation,Sistema 
,,,variation,Sistm
,,,variation,Sistma
,,,variation,Sistemaq
,,,variation,Sistemae
,,,variation,Sistema1
,,,variation,Sistema!
---,,,,
B00NGY5M32,brand_name,Stor-All Solutions,variation,Stor-All Solutions
https://www.amazon.com/dp/B00NGY5M32,,,variation,stor-all solutions
Stor-All Solutions,,,variation,StorAllSolutions
,,,variation,StorAll-Solutions
,,,variation,Stor-All
,,,variation,Storr-All Solutions
,,,variation,Stir-All Solutions
,,,variation,Stor-All Solutons
,,,variation,StorrAll Solutions
,,,variation,Storr-All Solutons
,,,variation,Storr-All Solutons
---,,,,
B0C6663NYM,brand_name,LEIMO KPARTS,variation,LEIMO KPARTS
https://www.amazon.com/dp/B0C6663NYM,,,variation,leimo kparts
LEIMO KPARTS,,,variation,LeimoKparts
,,,variation,Leimo-KPARTS
,,,variation,Leimo
,,,variation,Leimo Kparts
,,,variation,LEIMO KPART
,,,variation,LEIMO KPARTS
,,,variation,LEIMO KPARTS
,,,variation,LIMO KPARTS
,,,variation,Leimo KPart
,,,variation,Leimo KPartz
,,,variation,Leimo Kparz
---,,,,
B07P7YNG4W,brand_name,Tablecraft,variation,Tablecraft
https://www.amazon.com/dp/B07P7YNG4W,,,variation,tablecraft
Tablecraft,,,variation,Table Craft
,,,variation,table craft
,,,variation,Table-Craft
,,,variation,Tablcrafter
,,,variation,Tabelcraft
,,,variation,Tablecraf
,,,variation,Tabelcrafts
,,,variation,Tabeecraft
---,,,,
B07BL51JQP,brand_name,CTW,variation,CTW
https://www.amazon.com/dp/B07BL51JQP,,,variation,ctw
CTW,,,variation,Ctw
,,,variation,C-T-W
,,,variation,C T W
,,,variation,Ctw
,,,variation,CTW-
,,,variation,CTW1
,,,variation,CTW_
,,,variation,C-TW
,,,variation,C-T-W-
,,,variation,Ctw-
,,,variation,CTW-1
,,,variation,Ctw_
---,,,,
B006MJJD3S,brand_name,Progressive,variation,Progressive
https://www.amazon.com/dp/B006MJJD3S,,,variation,progressive
Progressive,,,variation,Progressiv
,,,variation,Progresive
,,,variation,Progresive
,,,variation,Prgressive
,,,variation,Progresive
,,,variation,Progresiv
,,,variation,Progresiv
,,,variation,Progresive
,,,variation,Progresive
---,,,,
B0F9PPZFQ2,brand_name,MXMOO,variation,MXMOO
https://www.amazon.com/dp/B0F9PPZFQ2,,,variation,mxmoo
MXMOO,,,variation,MxMoo
,,,variation,M-X-M-O-O
,,,variation,Mxm O
,,,variation,MxmOo
,,,variation,Mxm0O
,,,variation,MxmO
,,,variation,MxmOo
,,,variation,MxmO0
---,,,,
B0000CFMTV,brand_name,Pyrex,variation,Pyrex
https://www.amazon.com/dp/B0000CFMTV,,,variation,pyrex
Pyrex,,,variation,Py-rex
,,,variation,Pyr-ex
,,,variation,Pyrx
,,,variation,Pyrexs
,,,variation,Pyrrex
,,,variation,Pyrx
,,,variation,Pyrx
,,,variation,Pyrx
,,,variation,Pyrx
---,,,,
B0C9CJ1MN4,brand_name,FAMIROSA,variation,FAMIROSA
https://www.amazon.com/dp/B0C9CJ1MN4,,,variation,famiroza
FAMIROSA,,,variation,Famirosa
,,,variation,Fami-Rosa
,,,variation,Famiro-Sa
,,,variation,Fami Rosa
,,,variation,FAMIRSA
,,,variation,FAMIRSO
,,,variation,FAMIROSA
,,,variation,FAMIROSA
,,,variation,FAMIROSA
---,,,,
B0D2TNK7MG,brand_name,MAHOOMMAKH,variation,MAHOOMMAKH
https://www.amazon.com/dp/B0D2TNK7MG,,,variation,mahoommakh
MAHOOMMAKH,,,variation,Mahoommakh
,,,variation,MAHOOM-MAKH
,,,variation,Mahoom-Makh
,,,variation,Mahoommak
,,,variation,Mahoommak
,,,variation,MAHOOMMAK
,,,variation,MAHOOMMAKHH
,,,variation,MAHOOMMAKJ
,,,variation,MAHOOMMAKX
,,,variation,MAHOOMMAKQ
,,,variation,MAHOOMMAKZ
---,,,,
B004GHGNYA,brand_name,Pyrex,variation,Pyrex
https://www.amazon.com/dp/B004GHGNYA,,,variation,pyrex
Pyrex,,,variation,Py-rex
,,,variation,Pyr-ex
,,,variation,Pyrx
,,,variation,Pyre
,,,variation,Pyrx
,,,variation,Pyrrex
,,,variation,Pyrx
,,,variation,Pyrexk
,,,variation,Pyrexz
,,,variation,Pyrxex
,,,variation,Pyrx
,,,variation,Pyrx
---,,,,
B006V3381I,brand_name,Home Basics,variation,Home Basics
https://www.amazon.com/dp/B006V3381I,,,variation,home basics
Home Basics,,,variation,HomeBasics
,,,variation,Home-Basics
,,,variation,Home
,,,variation,Hme Basics
,,,variation,Home Baiscs
,,,variation,Home Basiks
,,,variation,Hme Basiks
,,,variation,Hme Baiscs
,,,variation,Hme Basics
,,,variation,Hme Bascis
,,,variation,Hme Basciks
---,,,,
B094DT53LK,brand_name,OXO,variation,OXO
https://www.amazon.com/dp/B094DT53LK,,,variation,oxo
OXO,,,variation,OxO
,,,variation,O-X-O
,,,variation,Oxo
,,,variation,Oxo-
,,,variation,OXXO
,,,variation,OXY
,,,variation,Oxo-
,,,variation,OxoO
---,,,,
B07XTQXGBT,brand_name,Ball,variation,Ball
https://www.amazon.com/dp/B07XTQXGBT,,,variation,ball
Ball,,,variation,Bll
,,,variation,Baal
,,,variation,Blal
,,,variation,Blls
,,,variation,B-all
,,,variation,B-all
,,,variation,Bll
,,,variation,Blls
---,,,,
B0FT46M9XR,brand_name,DASH,variation,DASH
https://www.amazon.com/dp/B0FT46M9XR,,,variation,dash
DASH,,,variation,DASH-
,,,variation,DASH 
,,,variation,DASHY
,,,variation,DASHH
,,,variation,DASHC
,,,variation,DASHYH
,,,variation,DASHY
,,,variation,DASHH
,,,variation,DASHY
,,,variation,DASHH
---,,,,
B07H1MT9SX,brand_name,AROMA,variation,AROMA
https://www.amazon.com/dp/B07H1MT9SX,,,variation,aroma
AROMA,,,variation,Aroma
,,,variation,A-R-O-M-A
,,,variation,Aromma
,,,variation,Armoa
,,,variation,AROMMA
,,,variation,AROMAH
,,,variation,Aromah
,,,variation,Arommah
,,,variation,Aromaa
,,,variation,Aromas
,,,variation,Aromas
,,,variation,Aromma
---,,,,
B0D12P5NXV,brand_name,BLACK+DECKER,variation,BLACK+DECKER
https://www.amazon.com/dp/B0D12P5NXV,,,variation,black+decker
BLACK+DECKER,,,variation,BlackDecker
,,,variation,Black-Decker
,,,variation,BLACKDECKER
,,,variation,Black Decker
,,,variation,black decker
,,,variation,Blak+Decker
,,,variation,BLACKDCKER
,,,variation,BLCK+DECKER
,,,variation,BLAK+DECKER
,,,variation,BLAKDECKER
,,,variation,BLACKDEKAR
,,,variation,BLACK+DEKAR
---,,,,
B07GF4ZCXJ,brand_name,Hamilton Beach,variation,Hamilton Beach
https://www.amazon.com/dp/B07GF4ZCXJ,,,variation,hamilton beach
Hamilton Beach,,,variation,HamiltonBeach
,,,variation,Hamilton-Beach
,,,variation,Hamilton
,,,variation,Hamiltin Beach
,,,variation,Hamilton Bech
,,,variation,Hamilto Beach
,,,variation,Hamlton Beach
,,,variation,Hamiton Beach
---,,,,
B0CKWGX2J6,brand_name,CUCKOO,variation,CUCKOO
https://www.amazon.com/dp/B0CKWGX2J6,,,variation,cuckoo
CUCKOO,,,variation,Cuckoo
,,,variation,C-U-C-K-O-O
,,,variation,Cucko
,,,variation,Cuckoo-
,,,variation,CuckooO
,,,variation,Cuckoo1
,,,variation,Cuckoo2
,,,variation,Cuckoo3
---,,,,
B0CXSN2R1P,brand_name,COSORI,variation,COSORI
https://www.amazon.com/dp/B0CXSN2R1P,,,variation,cosori
COSORI,,,variation,Cosori
,,,variation,C0S0RI
,,,variation,COSOIR
,,,variation,COSORY
,,,variation,C0SOR1
,,,variation,C0SORI
,,,variation,C0S0R1
,,,variation,C0S0RI
---,,,,
B00004S576,brand_name,Zojirushi,variation,Zojirushi
https://www.amazon.com/dp/B00004S576,,,variation,zojirushi
Zojirushi,,,variation,Zojirushi
,,,variation,Zojirushi-
,,,variation,Zojirushi 
,,,variation,Zojirshui
,,,variation,Zojirushi
,,,variation,Zojirushi
,,,variation,Zojirushi
,,,variation,Zojirushi
---,,,,
B0F13B7XQB,brand_name,COMFEE',variation,COMFEE'
https://www.amazon.com/dp/B0F13B7XQB,,,variation,comfee'
COMFEE',,,variation,Comfee'
,,,variation,Comfee
,,,variation,Comfee’
,,,variation,COMFEE
,,,variation,COMFEE’
,,,variation,COMFEE'
,,,variation,COMFEE-
,,,variation,C0MFEE'
,,,variation,C0MFE'
---,,,,
B0DQVNSSY8,brand_name,GreenLife,variation,GreenLife
https://www.amazon.com/dp/B0DQVNSSY8,,,variation,greenlife
GreenLife,,,variation,Green Life
,,,variation,green life
,,,variation,Green-Life
,,,variation,GreanLife
,,,variation,GreenLif
,,,variation,GrenLife
,,,variation,GreeenLife
,,,variation,GreenLif
,,,variation,GreeenLif
,,,variation,GreanLif
,,,variation,Greeen Life
,,,variation,GreenLifes
---,,,,
B0CQ2CTKBH,brand_name,TOSHIBA,variation,TOSHIBA
https://www.amazon.com/dp/B0CQ2CTKBH,,,variation,toshiba
TOSHIBA,,,variation,Toshiba
,,,variation,TOSHIBA-
,,,variation,TOSHBIA
,,,variation,TOSHBIA
,,,variation,TOSHB
,,,variation,TOSHB
,,,variation,TOSHB
,,,variation,TOSHB
---,,,,
B0FVZTF34R,brand_name,Elite Gourmet,variation,Elite Gourmet
https://www.amazon.com/dp/B0FVZTF34R,,,variation,elite gourmet
Elite Gourmet,,,variation,EliteGourmet
,,,variation,Elite-Gourmet
,,,variation,Elite
,,,variation,Elit Gourmet
,,,variation,Elit Gormet
,,,variation,Eilte Gourmet
,,,variation,Elite Gormet
,,,variation,Elit Gourmte
,,,variation,Eliite Gourmet
,,,variation,Elite Gourm
,,,variation,Elit Gormet
---,,,,
B0DCLHNW14,brand_name,Imusa,variation,Imusa
https://www.amazon.com/dp/B0DCLHNW14,,,variation,imusa
Imusa,,,variation,Imusaa
,,,variation,Imuusa
,,,variation,Imusa
,,,variation,Imusa-
,,,variation,Imusa-
,,,variation,Imusa 
,,,variation,Imusaq
,,,variation,Imusa
,,,variation,Imusa
,,,variation,Imusa
,,,variation,Imusa
,,,variation,Imusa
---,,,,
B008RF88KE,brand_name,Heuck,variation,Heuck
https://www.amazon.com/dp/B008RF88KE,,,variation,heuck
Heuck,,,variation,Heuckk
,,,variation,Huck
,,,variation,Hewck
,,,variation,Heuc
,,,variation,Heuckk
,,,variation,Heuk
,,,variation,Heucke
,,,variation,Heuckt
---,,,,
