ASIN / Brand,Input Field,Input Value,Type,Variation
B0BXP1TDGG,brand_name,BEENOCAM,variation,BEENOCAM
https://www.amazon.com/dp/B0BXP1TDGG,,,variation,beenocam
BEENOCAM,,,variation,Beenocam
,,,variation,BEE-NOCAM
,,,variation,BenoCam
,,,variation,Beenocam
,,,variation,Beenocam
,,,variation,BenoCamm
,,,variation,Beenocam
,,,variation,Beenocam
,,,variation,Beenocam
---,,,,
B0CFGQBCDX,brand_name,Furbo,variation,Furbo
https://www.amazon.com/dp/B0CFGQBCDX,,,variation,furbo
Furbo,,,variation,Fur-bo
,,,variation,Fur bo
,,,variation,Furba
,,,variation,Furvo
,,,variation,Furboo
,,,variation,Furboe
,,,variation,Furboq
,,,variation,Furvbo
---,,,,
B0BXB796FX,brand_name,Generic,variation,Generic
https://www.amazon.com/dp/B0BXB796FX,,,variation,generic
Generic,,,variation,Genric
,,,variation,Gneric
,,,variation,Generc
,,,variation,Genricc
,,,variation,Gnericc
,,,variation,Gnerik
,,,variation,Generec
,,,variation,Generik
---,,,,
B0FH9XZ92Z,brand_name,Uniter,variation,Uniter
https://www.amazon.com/dp/B0FH9XZ92Z,,,variation,uniter
Uniter,,,variation,Unitr
,,,variation,Uniter-
,,,variation,Uniter 
,,,variation,Uniterz
,,,variation,Uniterd
,,,variation,Uniterx
,,,variation,Uniterq
,,,variation,Uniterw
---,,,,
B0BVQW93DZ,brand_name,aosu,variation,aosu
https://www.amazon.com/dp/B0BVQW93DZ,,,variation,Aosu
aosu,,,variation,AOSU
,,,variation,aosuu
,,,variation,aosou
,,,variation,aos
,,,variation,aosuu
,,,variation,aosq
,,,variation,aosw
,,,variation,Aosuu
---,,,,
B0BFF1P2NZ,brand_name,BEENOCAM,variation,BEENOCAM
https://www.amazon.com/dp/B0BFF1P2NZ,,,variation,beenocam
BEENOCAM,,,variation,Beenocam
,,,variation,BEE-NOCAM
,,,variation,BenoCam
,,,variation,Beenocm
,,,variation,Beenocam
,,,variation,Beenocam
,,,variation,BenoCam
,,,variation,Beenocam
,,,variation,BenoCamm
,,,variation,Beenocam
,,,variation,Beenocam
,,,variation,BenoKam
---,,,,
B0DG31JBFQ,brand_name,Noorio,variation,Noorio
https://www.amazon.com/dp/B0DG31JBFQ,,,variation,noorio
Noorio,,,variation,Noori-o
,,,variation,Noori O
,,,variation,Norio
,,,variation,Nooroo
,,,variation,Noorii
,,,variation,Noorlo
,,,variation,Nooripo
,,,variation,Noorik
---,,,,
B0CRQZKLM9,brand_name,BEENOCAM,variation,BEENOCAM
https://www.amazon.com/dp/B0CRQZKLM9,,,variation,beenocam
BEENOCAM,,,variation,Beenocam
,,,variation,BenoCam
,,,variation,BenoCam
,,,variation,Beenocam
,,,variation,Beenocam
,,,variation,Beenocam
,,,variation,Beenocam
,,,variation,Beenocam
---,,,,
B0D5V13FWQ,brand_name,AOQEE,variation,AOQEE
https://www.amazon.com/dp/B0D5V13FWQ,,,variation,aoqee
AOQEE,,,variation,AO-QEE
,,,variation,A O Q E E
,,,variation,Aoqee
,,,variation,Aoqe
,,,variation,Aoqee
,,,variation,Aoqee
,,,variation,Aoqee
,,,variation,Aoqee
---,,,,
B0DHTSPX6Y,brand_name,BEENOCAM,variation,BEENOCAM
https://www.amazon.com/dp/B0DHTSPX6Y,,,variation,beenocam
BEENOCAM,,,variation,Beenocam
,,,variation,BEE-NOCAM
,,,variation,BenoCam
,,,variation,Beenocam
,,,variation,Beenocam
,,,variation,BenoKam
,,,variation,Beenocam
,,,variation,Beenocam
,,,variation,Beenocam
---,,,,
B0CJR46GFJ,brand_name,Uniter,variation,Uniter
https://www.amazon.com/dp/B0CJR46GFJ,,,variation,uniter
Uniter,,,variation,Unitr
,,,variation,Uniter-
,,,variation,Uniter 
,,,variation,Uniterz
,,,variation,Uniterd
,,,variation,Uniterx
,,,variation,Uniterq
,,,variation,Uniter1
---,,,,
B0B9TWY11Q,brand_name,WYZE,variation,WYZE
https://www.amazon.com/dp/B0B9TWY11Q,,,variation,wyze
WYZE,,,variation,Wyze
,,,variation,WYZ
,,,variation,WZYE
,,,variation,WZ
,,,variation,WYZEY
,,,variation,WYZE-
,,,variation,WYZE 
,,,variation,WYZEE
,,,variation,WYZD
,,,variation,WZYE
,,,variation,WZEE
,,,variation,WYZ
---,,,,
B0C4LFF8HP,brand_name,EDSACE,variation,EDSACE
https://www.amazon.com/dp/B0C4LFF8HP,,,variation,edsace
EDSACE,,,variation,EdSace
,,,variation,E-D-S-A-C-E
,,,variation,Edsace
,,,variation,Edsac
,,,variation,Edsacee
,,,variation,EDSAC
,,,variation,EDSAE
,,,variation,Edsacee
,,,variation,EdsacE
---,,,,
B0CTGSQ3JT,brand_name,LIWAN,variation,LIWAN
https://www.amazon.com/dp/B0CTGSQ3JT,,,variation,liwan
LIWAN,,,variation,Liwan
,,,variation,L1WAN
,,,variation,LIWEN
,,,variation,LIWAM
,,,variation,LIWANZ
,,,variation,LIWAN-
,,,variation,Liwann
,,,variation,Liwon
---,,,,
B0D72LM7PB,brand_name,BEENOCAM,variation,BEENOCAM
https://www.amazon.com/dp/B0D72LM7PB,,,variation,beenocam
BEENOCAM,,,variation,Beenocam
,,,variation,BEE-NOCAM
,,,variation,BenoCam
,,,variation,Beenocam
,,,variation,Beenocam
,,,variation,BenoCamm
,,,variation,Beenocam
,,,variation,Beenocam
,,,variation,Beenocam
,,,variation,BenoKam
,,,variation,BenoCam
---,,,,
B0CRDVX477,brand_name,MaxiViz,variation,MaxiViz
https://www.amazon.com/dp/B0CRDVX477,,,variation,maxiviz
MaxiViz,,,variation,Maxi-viz
,,,variation,Maxi Viz
,,,variation,Maxi
,,,variation,MaxiVez
,,,variation,MaxiVix
,,,variation,MxiViz
,,,variation,MaxiZiv
,,,variation,MaxiVizz
,,,variation,MxiVez
,,,variation,MxiVizx
,,,variation,MaxiVixz
---,,,,
B0DNTZ412R,brand_name,Arlo,variation,Arlo
https://www.amazon.com/dp/B0DNTZ412R,,,variation,arlo
Arlo,,,variation,Arlo-
,,,variation,Arlo 
,,,variation,Arloa
,,,variation,Arloq
,,,variation,Arloo
,,,variation,Arloz
,,,variation,Arloi
,,,variation,Arloy
---,,,,
B0DXVL4TN9,brand_name,TKENPRO,variation,TKENPRO
https://www.amazon.com/dp/B0DXVL4TN9,,,variation,tkenpro
TKENPRO,,,variation,Tkenpro
,,,variation,T-KENPRO
,,,variation,TKEN PRO
,,,variation,TKEN-PRO
,,,variation,Tken Pro
,,,variation,TkenProw
,,,variation,TKENPROW
,,,variation,TKENPROO
---,,,,
B0DK6YLQJT,brand_name,Luovisee,variation,Luovisee
https://www.amazon.com/dp/B0DK6YLQJT,,,variation,luovisee
Luovisee,,,variation,Luovise
,,,variation,Luovisee-
,,,variation,Luovisee 
,,,variation,Luvisee
,,,variation,Luovise
,,,variation,Luovisee
,,,variation,Luovise
,,,variation,Luovise
,,,variation,Luovise
---,,,,
B07NHBWTXG,brand_name,BOSS Audio Systems,variation,BOSS Audio Systems
https://www.amazon.com/dp/B07NHBWTXG,,,variation,boss audio systems
BOSS Audio Systems,,,variation,BOSSAudioSystems
,,,variation,BOSS-Audio-Systems
,,,variation,BOSS
,,,variation,BOS
,,,variation,BOSS Audio Systms
,,,variation,BOSS Auduo Systems
,,,variation,BOSS Audio Systmes
,,,variation,BOS Audio Systems
,,,variation,BOSS Audio Sysyems
---,,,,
B01LWU8VP8,brand_name,ORION,variation,ORION
https://www.amazon.com/dp/B01LWU8VP8,,,variation,orion
ORION,,,variation,Orion
,,,variation,O-RION
,,,variation,O-Rion
,,,variation,Orin
,,,variation,Orian
,,,variation,Oryon
,,,variation,Orionn
,,,variation,Oriont
---,,,,
B07RXXNDXD,brand_name,EWEMOSI,variation,EWEMOSI
https://www.amazon.com/dp/B07RXXNDXD,,,variation,ewemosi
EWEMOSI,,,variation,Ewemosi
,,,variation,Ewe-Mosi
,,,variation,Ewe Mosi
,,,variation,Ewemosi
,,,variation,Ewemosy
,,,variation,Ewemosi
,,,variation,Ewemosi
,,,variation,Ewemosi
---,,,,
B000EHWKAC,brand_name,Pyle,variation,Pyle
https://www.amazon.com/dp/B000EHWKAC,,,variation,pyle
Pyle,,,variation,Pyl
,,,variation,Pylee
,,,variation,Pylee
,,,variation,Pyle
,,,variation,Pyleq
,,,variation,Pylew
,,,variation,Pylee
,,,variation,Pylle
---,,,,
B01FC3RPVG,brand_name,BOSS Audio Systems,variation,BOSS Audio Systems
https://www.amazon.com/dp/B01FC3RPVG,,,variation,boss audio systems
BOSS Audio Systems,,,variation,BOSSAudioSystems
,,,variation,BOSS-Audio-Systems
,,,variation,BOSS
,,,variation,BOS
,,,variation,BOSS Audio Systms
,,,variation,BOSS Audio Sytems
,,,variation,BOSS Audios Systems
,,,variation,BOS Audio Systems
,,,variation,BOS Audio Systms
,,,variation,BOSS Audio Systm
,,,variation,BOSS Audios Systm
,,,variation,BOSS Audio Sysytems
---,,,,
B01G0WTS86,brand_name,BOSS Audio Systems,variation,BOSS Audio Systems
https://www.amazon.com/dp/B01G0WTS86,,,variation,boss audio systems
BOSS Audio Systems,,,variation,BOSSAudioSystems
,,,variation,BOSS-Audio-Systems
,,,variation,BOSS
,,,variation,BOS
,,,variation,BOSS Audio Systms
,,,variation,BOSS Auduo Systems
,,,variation,BOSS Audio Systm
,,,variation,BOS Audio Systems
,,,variation,BOSS Audio Sysytems
---,,,,
B00T3QBK60,brand_name,BOSS Audio Systems,variation,BOSS Audio Systems
https://www.amazon.com/dp/B00T3QBK60,,,variation,boss audio systems
BOSS Audio Systems,,,variation,BOSSAudioSystems
,,,variation,BOSS-Audio-Systems
,,,variation,BOSS
,,,variation,BOS
,,,variation,BOSS Audio Systms
,,,variation,BOSS Audios Systems
,,,variation,BOS Audio Systems
,,,variation,BOSS Audio Systm
,,,variation,BOSS Audios Systms
,,,variation,BOS Audio Systms
---,,,,
B07QW4JNQL,brand_name,Lanzar,variation,Lanzar
https://www.amazon.com/dp/B07QW4JNQL,,,variation,lanzar
Lanzar,,,variation,Lanz-ar
,,,variation,Lan-zar
,,,variation,Lanzar
,,,variation,Lanzar
,,,variation,Lanzar
,,,variation,Lanzar
,,,variation,Lanzar
,,,variation,Lanzar
---,,,,
B01M25VTBJ,brand_name,Pyramid,variation,Pyramid
https://www.amazon.com/dp/B01M25VTBJ,,,variation,pyramid
Pyramid,,,variation,Pyrmid
,,,variation,Pyr-amid
,,,variation,Pyramid
,,,variation,Pyrmids
,,,variation,Pyrmids
,,,variation,Pyrmied
,,,variation,Pyrmide
,,,variation,Pyrmidee
---,,,,
B00C86LU3K,brand_name,NIPPON,variation,NIPPON
https://www.amazon.com/dp/B00C86LU3K,,,variation,nippon
NIPPON,,,variation,Nippon
,,,variation,NIP-PON
,,,variation,Nip-Pon
,,,variation,Nipponn
,,,variation,Nippon
,,,variation,Nipon
,,,variation,NIPON
,,,variation,NIPONN
---,,,,
B07X85XH41,brand_name,BOSS Audio Systems,variation,BOSS Audio Systems
https://www.amazon.com/dp/B07X85XH41,,,variation,boss audio systems
BOSS Audio Systems,,,variation,BOSSAudioSystems
,,,variation,BOSS-Audio-Systems
,,,variation,BOSS
,,,variation,BOS
,,,variation,BOSS Audio Systms
,,,variation,BOSS Auduo Systems
,,,variation,BOSS Audio Systm
,,,variation,BOS Audio Systems
,,,variation,BOSS Audio Systmes
---,,,,
B000THPTH8,brand_name,BOSS Audio Systems,variation,BOSS Audio Systems
https://www.amazon.com/dp/B000THPTH8,,,variation,boss audio systems
BOSS Audio Systems,,,variation,BOSSAudioSystems
,,,variation,BOSS-Audio-Systems
,,,variation,BOSS
,,,variation,BOS
,,,variation,BOSS Audio Systms
,,,variation,BOSS Audio Sytems
,,,variation,BOSS Audios Systems
,,,variation,BOS Audio Systems
---,,,,
B000JP37JC,brand_name,BOSS Audio Systems,variation,BOSS Audio Systems
https://www.amazon.com/dp/B000JP37JC,,,variation,boss audio systems
BOSS Audio Systems,,,variation,BOSSAudioSystems
,,,variation,BOSS-Audio-Systems
,,,variation,BOSS
,,,variation,BOS
,,,variation,BOSS Audio Systms
,,,variation,BOSS Audio Sytems
,,,variation,BOSS Audios Systems
,,,variation,BOS Audio Systems
---,,,,
B07VN7BYKY,brand_name,DS18,variation,DS18
https://www.amazon.com/dp/B07VN7BYKY,,,variation,ds18
DS18,,,variation,Ds18
,,,variation,D18
,,,variation,D-S18
,,,variation,D18s
,,,variation,D18
,,,variation,D-S-18
,,,variation,D18a
,,,variation,D18b
---,,,,
B08QM9JJ4G,brand_name,BLAUPUNKT,variation,BLAUPUNKT
https://www.amazon.com/dp/B08QM9JJ4G,,,variation,blaupunkt
BLAUPUNKT,,,variation,Blaupunkt
,,,variation,BLAU-PUNKT
,,,variation,BLAUPUNKT-
,,,variation,Blau-Punkt
,,,variation,BlauPunkt
,,,variation,BLAUPUNKTt
,,,variation,BLAUPUNKT1
,,,variation,BLAUPUNKT-1
---,,,,
B00D4AG4G2,brand_name,Audiopipe,variation,Audiopipe
https://www.amazon.com/dp/B00D4AG4G2,,,variation,audiopipe
Audiopipe,,,variation,AudioPipe
,,,variation,Audio-pipe
,,,variation,Audiopip
,,,variation,Audiopipee
,,,variation,Audiopipee
,,,variation,Audiopipe
,,,variation,Audiopipee
,,,variation,Audiopipee
---,,,,
B0CCHWGCVS,brand_name,DOSS,variation,DOSS
https://www.amazon.com/dp/B0CCHWGCVS,,,variation,doss
DOSS,,,variation,Doss
,,,variation,DOS
,,,variation,DOSSs
,,,variation,DOSS-
,,,variation,DOSS-
,,,variation,DOSSs
,,,variation,DOSSQ
,,,variation,DOSSZ
---,,,,
B0CCHY3KL9,brand_name,DOSS,variation,DOSS
https://www.amazon.com/dp/B0CCHY3KL9,,,variation,doss
DOSS,,,variation,Doss
,,,variation,DOS
,,,variation,DOSSs
,,,variation,DOSS-
,,,variation,DOSS-
,,,variation,DOSS-
,,,variation,DOSS-
,,,variation,DOSS-
,,,variation,DOSS-
---,,,,
B0CGRM4NLW,brand_name,DOSS,variation,DOSS
https://www.amazon.com/dp/B0CGRM4NLW,,,variation,doss
DOSS,,,variation,Doss
,,,variation,DOS
,,,variation,DOSSY
,,,variation,DOSSs
,,,variation,DOSSZ
,,,variation,DOSS-
,,,variation,DOSS-
,,,variation,DOSS-1
,,,variation,DOSS-2
---,,,,
B0BN72MLT2,brand_name,Apple,variation,Apple
https://www.amazon.com/dp/B0BN72MLT2,,,variation,apple
Apple,,,variation,Appl
,,,variation,Aple
,,,variation,Applle
,,,variation,Appl
,,,variation,Applw
,,,variation,Aplle
,,,variation,Apl
,,,variation,Applr
---,,,,
B096T5SH3Z,brand_name,Samsung,variation,Samsung
https://www.amazon.com/dp/B096T5SH3Z,,,variation,samsung
Samsung,,,variation,Samsun
,,,variation,Samsng
,,,variation,Samsunh
,,,variation,Samsunf
,,,variation,Samsunh
,,,variation,Samsunb
,,,variation,Samsunm
,,,variation,Samsunv
---,,,,
B0BN71X6MF,brand_name,Apple,variation,Apple
https://www.amazon.com/dp/B0BN71X6MF,,,variation,apple
Apple,,,variation,Appl
,,,variation,Aple
,,,variation,Applle
,,,variation,Appl
,,,variation,Applw
,,,variation,Aplle
,,,variation,Apl
,,,variation,Applr
---,,,,
B0BN723RDK,brand_name,Apple,variation,Apple
https://www.amazon.com/dp/B0BN723RDK,,,variation,apple
Apple,,,variation,Appl
,,,variation,Aple
,,,variation,Applle
,,,variation,Appl
,,,variation,Applw
,,,variation,Aplle
,,,variation,Apl
,,,variation,Applr
---,,,,
B0BN7CXGWG,brand_name,Apple,variation,Apple
https://www.amazon.com/dp/B0BN7CXGWG,,,variation,apple
Apple,,,variation,Appl
,,,variation,Aple
,,,variation,Applle
,,,variation,Appl
,,,variation,Aplle
,,,variation,Applw
,,,variation,Apl
,,,variation,Applr
---,,,,
B09LLGSH2T,brand_name,Apple,variation,Apple
https://www.amazon.com/dp/B09LLGSH2T,,,variation,apple
Apple,,,variation,Appl
,,,variation,Aple
,,,variation,Applle
,,,variation,Appl
,,,variation,Applw
,,,variation,Aplle
,,,variation,Apl
,,,variation,Applr
---,,,,
B09BDGVP4K,brand_name,Apple,variation,Apple
https://www.amazon.com/dp/B09BDGVP4K,,,variation,apple
Apple,,,variation,Appl
,,,variation,Aple
,,,variation,Applle
,,,variation,Appl
,,,variation,Aplle
,,,variation,Applw
,,,variation,Applr
,,,variation,Apl
---,,,,
B09LKT56ZP,brand_name,Apple,variation,Apple
https://www.amazon.com/dp/B09LKT56ZP,,,variation,apple
Apple,,,variation,Appl
,,,variation,Aple
,,,variation,Applle
,,,variation,Appl
,,,variation,Applw
,,,variation,Aplle
,,,variation,Apl
,,,variation,Applr
---,,,,
B09LKTNT3X,brand_name,Apple,variation,Apple
https://www.amazon.com/dp/B09LKTNT3X,,,variation,apple
Apple,,,variation,Appl
,,,variation,Aple
,,,variation,Applle
,,,variation,Appl
,,,variation,Applw
,,,variation,Aplle
,,,variation,Apl
,,,variation,Applr
---,,,,
B0BN94QN1L,brand_name,Apple,variation,Apple
https://www.amazon.com/dp/B0BN94QN1L,,,variation,apple
Apple,,,variation,Appl
,,,variation,Aple
,,,variation,Applle
,,,variation,Appl
,,,variation,Applw
,,,variation,Aplle
,,,variation,Aplee
,,,variation,Apl
---,,,,
B0D8BMNHD6,brand_name,FIMEI,variation,FIMEI
https://www.amazon.com/dp/B0D8BMNHD6,,,variation,fimei
FIMEI,,,variation,FimeI
,,,variation,Fime-i
,,,variation,Fime I
,,,variation,Fimi
,,,variation,FIME
,,,variation,FIMEY
,,,variation,FIMEIY
,,,variation,FIMEI1
---,,,,
B0CGLN2HQK,brand_name,AKLUER,variation,AKLUER
https://www.amazon.com/dp/B0CGLN2HQK,,,variation,akluer
AKLUER,,,variation,Akluer
,,,variation,AK-LUER
,,,variation,A KLUER
,,,variation,AKLUR
,,,variation,AKLUER
,,,variation,AKLUE
,,,variation,AKLURR
,,,variation,AKLUERD
,,,variation,Aklur
,,,variation,Akluer
,,,variation,Akleur
,,,variation,Akluer
---,,,,
B0FX26YQGK,brand_name,SYLEEN,variation,SYLEEN
https://www.amazon.com/dp/B0FX26YQGK,,,variation,syleen
SYLEEN,,,variation,Syleen
,,,variation,SyLeen
,,,variation,Syleen-
,,,variation,Syleen 
,,,variation,Sylen
,,,variation,Syleenq
,,,variation,Syleenm
,,,variation,Syleenx
---,,,,
B0FSS7WPQL,brand_name,RMCLUX,variation,RMCLUX
https://www.amazon.com/dp/B0FSS7WPQL,,,variation,rmclux
RMCLUX,,,variation,Rmclux
,,,variation,RMC-LUX
,,,variation,RMC LUX
,,,variation,RMCUX
,,,variation,RMC-LUXE
,,,variation,RMC-LUX
,,,variation,RMC LUXE
,,,variation,RMC LUXE
---,,,,
B0CWP6CNBQ,brand_name,FIMEI,variation,FIMEI
https://www.amazon.com/dp/B0CWP6CNBQ,,,variation,fimei
FIMEI,,,variation,FimeI
,,,variation,FiMEI
,,,variation,FIME
,,,variation,Fime
,,,variation,Fimey
,,,variation,FIMIE
,,,variation,FIMAI
,,,variation,FIMEIY
,,,variation,FIMIEE
,,,variation,FIMAIY
---,,,,
B0CSG58QQC,brand_name,FIMEI,variation,FIMEI
https://www.amazon.com/dp/B0CSG58QQC,,,variation,fimei
FIMEI,,,variation,FimeI
,,,variation,Fime-i
,,,variation,Fime I
,,,variation,Fimi
,,,variation,Fime
,,,variation,FIME
,,,variation,FIMAI
,,,variation,FIMEY
,,,variation,FIMEIY
,,,variation,FIMEI1
,,,variation,FIMEI2
---,,,,
B01AQAKR6A,brand_name,BOSS Audio Systems,variation,BOSS Audio Systems
https://www.amazon.com/dp/B01AQAKR6A,,,variation,boss audio systems
BOSS Audio Systems,,,variation,BOSSAudioSystems
,,,variation,BOSS-Audio-Systems
,,,variation,BOSS
,,,variation,BOS
,,,variation,BOSS Audio Systms
,,,variation,BOSS Audio Sytems
,,,variation,BOSS Audios Systems
,,,variation,BOS Audio Systems
---,,,,
B0DB7HMQ2W,brand_name,Rellysport,variation,Rellysport
https://www.amazon.com/dp/B0DB7HMQ2W,,,variation,rellysport
Rellysport,,,variation,Relly Sport
,,,variation,RellySport
,,,variation,Rellysport
,,,variation,Relysport
,,,variation,Rellysportt
,,,variation,Rellysprt
,,,variation,Relllysport
,,,variation,Rellly sport
---,,,,
B0D6RTBWW8,brand_name,FIMEI,variation,FIMEI
https://www.amazon.com/dp/B0D6RTBWW8,,,variation,fimei
FIMEI,,,variation,FimeI
,,,variation,FIMIE
,,,variation,FIMEY
,,,variation,FIMAI
,,,variation,FIMEIY
,,,variation,FIMEI1
,,,variation,FIMEI-
,,,variation,FIMIEE
---,,,,
B00T0URFYU,brand_name,MotorGuide,variation,MotorGuide
https://www.amazon.com/dp/B00T0URFYU,,,variation,motorguide
MotorGuide,,,variation,Motor Guide
,,,variation,motor guide
,,,variation,Motor-Guide
,,,variation,Motorguide
,,,variation,Motorguied
,,,variation,MotorGude
,,,variation,MoterGuide
,,,variation,MoterGude
,,,variation,MoterGuidee
,,,variation,Motorguidee
,,,variation,Motorguidee
---,,,,
B01FESZ0MU,brand_name,Gigastone,variation,Gigastone
https://www.amazon.com/dp/B01FESZ0MU,,,variation,gigastone
Gigastone,,,variation,GigaStone
,,,variation,Giga-stone
,,,variation,Giga stone
,,,variation,Gigasone
,,,variation,Gigastne
,,,variation,Gigastoe
,,,variation,Gigasotne
,,,variation,Gigasstone
---,,,,
B08FT6H7KM,brand_name,Patriot Memory,variation,Patriot Memory
https://www.amazon.com/dp/B08FT6H7KM,,,variation,patriot memory
Patriot Memory,,,variation,PatriotMemory
,,,variation,Patriot-Memory
,,,variation,Patriot
,,,variation,Patriton Memory
,,,variation,Patriot Memery
,,,variation,Patriot Memmory
,,,variation,Patirot Memory
,,,variation,Patriot Mmemory
---,,,,
B00MOSE5DO,brand_name,Kanguru,variation,Kanguru
https://www.amazon.com/dp/B00MOSE5DO,,,variation,kanguru
Kanguru,,,variation,Kang-uru
,,,variation,Kang ur
,,,variation,Kanguru
,,,variation,Kanguru
,,,variation,Kanguru
,,,variation,Kanguru
,,,variation,Kanguru
,,,variation,Kanguru
---,,,,
