ASIN / Brand,Input Field,Input Value,Type,Variation
B0F5WCJ2HQ,brand_name,#WEJOY,variation,#WEJOY
https://www.amazon.com/dp/B0F5WCJ2HQ,,,variation,wejoy
#WEJOY,,,variation,#wejoy
,,,variation,WeJoy
,,,variation,We-Joy
,,,variation,W3JOY
,,,variation,WEJOI
,,,variation,WEJ0Y
,,,variation,WEJ0I
,,,variation,WEJ0Y!
---,,,,
B0D12C2VVF,brand_name,Deconovo,variation,Deconovo
https://www.amazon.com/dp/B0D12C2VVF,,,variation,deconovo
Deconovo,,,variation,Decon Ovo
,,,variation,decon Ovo
,,,variation,Decon-ovo
,,,variation,Deconov
,,,variation,Deconovo
,,,variation,Deconovo
,,,variation,Dconovo
,,,variation,Deconovo
,,,variation,Deconovo
---,,,,
B0DH29ZHHW,brand_name,MSRIBYIQ,variation,MSRIBYIQ
https://www.amazon.com/dp/B0DH29ZHHW,,,variation,msribyiq
MSRIBYIQ,,,variation,MSRIBY-IQ
,,,variation,MSRIBY IQ
,,,variation,Msribyiq
,,,variation,MRSIBYIQ
,,,variation,MSRIBYIQK
,,,variation,MSRIBYIQ1
,,,variation,MSRIBYIQO
,,,variation,MSRIBYIQP
---,,,,
B086981CGD,brand_name,KingCamp,variation,KingCamp
https://www.amazon.com/dp/B086981CGD,,,variation,kingcamp
KingCamp,,,variation,King Camp
,,,variation,king Camp
,,,variation,KIngCamp
,,,variation,KIng-Camp
,,,variation,KIngCmap
,,,variation,KngCamp
,,,variation,KingCmap
,,,variation,KIngCmap
,,,variation,KIng-Camp
,,,variation,Kng-Camp
,,,variation,KIng-Camp
,,,variation,Kng-Camp
---,,,,
B0D22R45PW,brand_name,kurniso,variation,kurniso
https://www.amazon.com/dp/B0D22R45PW,,,variation,Kurniso
kurniso,,,variation,kurniso
,,,variation,KurniSo
,,,variation,Kurni-so
,,,variation,kurni so
,,,variation,kurnsio
,,,variation,kurniso
,,,variation,kurniso
,,,variation,kurniso
---,,,,
B0BHT2H7MS,brand_name,Deconovo,variation,Deconovo
https://www.amazon.com/dp/B0BHT2H7MS,,,variation,deconovo
Deconovo,,,variation,Decon Ovo
,,,variation,decon Ovo
,,,variation,Decon-ovo
,,,variation,Deconov
,,,variation,Deconovo
,,,variation,Deconovo
,,,variation,Dconovo
,,,variation,Deconovo
,,,variation,Deconovo
---,,,,
B0D9LWR6C5,brand_name,Deconovo,variation,Deconovo
https://www.amazon.com/dp/B0D9LWR6C5,,,variation,deconovo
Deconovo,,,variation,Decon Ovo
,,,variation,decon Ovo
,,,variation,Decon-ovo
,,,variation,Deconov
,,,variation,Deconovo
,,,variation,Deconovo
,,,variation,Dconovo
,,,variation,Deconovo
,,,variation,Deconovo
---,,,,
B0D127M19B,brand_name,Deconovo,variation,Deconovo
https://www.amazon.com/dp/B0D127M19B,,,variation,deconovo
Deconovo,,,variation,Decon Ovo
,,,variation,decon Ovo
,,,variation,Decon-ovo
,,,variation,Deconov
,,,variation,Deconovo
,,,variation,Deconovo
,,,variation,Dconovo
,,,variation,Deconovo
,,,variation,Deconovo
---,,,,
B0D129VY1V,brand_name,Deconovo,variation,Deconovo
https://www.amazon.com/dp/B0D129VY1V,,,variation,deconovo
Deconovo,,,variation,Decon Ovo
,,,variation,decon Ovo
,,,variation,Decon-ovo
,,,variation,Deconov
,,,variation,Deconovo
,,,variation,Deconovo
,,,variation,Dconovo
,,,variation,Deconovo
,,,variation,Deconovo
---,,,,
B0CH89ZQ4L,brand_name,Deconovo,variation,Deconovo
https://www.amazon.com/dp/B0CH89ZQ4L,,,variation,deconovo
Deconovo,,,variation,Decon Ovo
,,,variation,decon Ovo
,,,variation,Decon-ovo
,,,variation,Deconov
,,,variation,Deconovo
,,,variation,Deconovo
,,,variation,Dconovo
,,,variation,Deconovo
,,,variation,Deconovo
---,,,,
B0D59MV75X,brand_name,Deconovo,variation,Deconovo
https://www.amazon.com/dp/B0D59MV75X,,,variation,deconovo
Deconovo,,,variation,Decon Ovo
,,,variation,decon Ovo
,,,variation,Decon-ovo
,,,variation,Deconov
,,,variation,Deconovo
,,,variation,Deconovo
,,,variation,Dconovo
,,,variation,Deconovo
,,,variation,Deconovo
---,,,,
B0D12BSNXG,brand_name,Deconovo,variation,Deconovo
https://www.amazon.com/dp/B0D12BSNXG,,,variation,deconovo
Deconovo,,,variation,Decon Ovo
,,,variation,decon Ovo
,,,variation,Decon-ovo
,,,variation,Deconov
,,,variation,Deconovo
,,,variation,Deconovo
,,,variation,Dconovo
,,,variation,Deconovo
,,,variation,Deconovo
---,,,,
B0CH8G84HT,brand_name,Deconovo,variation,Deconovo
https://www.amazon.com/dp/B0CH8G84HT,,,variation,deconovo
Deconovo,,,variation,Decon Ovo
,,,variation,decon ovo
,,,variation,Decon-ovo
,,,variation,Deconov
,,,variation,Deconovo
,,,variation,Deconovo
,,,variation,Dconovo
,,,variation,Deconvo
,,,variation,Deconovo
,,,variation,Deconovo
,,,variation,Deconovo
,,,variation,Deconovo
---,,,,
B0CH8DSHLL,brand_name,Deconovo,variation,Deconovo
https://www.amazon.com/dp/B0CH8DSHLL,,,variation,deconovo
Deconovo,,,variation,Decon Ovo
,,,variation,decon Ovo
,,,variation,Decon-ovo
,,,variation,Deconov
,,,variation,Deconovo
,,,variation,Deconovo
,,,variation,Dconovo
,,,variation,Deconovo
,,,variation,Deconovo
---,,,,
B0D59KKMSW,brand_name,Deconovo,variation,Deconovo
https://www.amazon.com/dp/B0D59KKMSW,,,variation,deconovo
Deconovo,,,variation,Decon Ovo
,,,variation,decon Ovo
,,,variation,Decon-ovo
,,,variation,Deconov
,,,variation,Deconovo
,,,variation,Deconovo
,,,variation,Dconovo
,,,variation,Deconovo
,,,variation,Deconovo
---,,,,
B0DH27ZL9G,brand_name,MSRIBYIQ,variation,MSRIBYIQ
https://www.amazon.com/dp/B0DH27ZL9G,,,variation,msribyiq
MSRIBYIQ,,,variation,Msribyiq
,,,variation,M-S-R-I-B-Y-I-Q
,,,variation,M S R I B Y I Q
,,,variation,MSRIBYIQK
,,,variation,MSRIBYIQW
,,,variation,MSRIBYIQE
,,,variation,MSRIBYIQO
,,,variation,MSRIBYIQP
,,,variation,MSRIBYIQT
,,,variation,MSRIBYIQY
,,,variation,MSRIBYIQU
,,,variation,MSRIBYIQR
---,,,,
B0CP1QMGFX,brand_name,Deconovo,variation,Deconovo
https://www.amazon.com/dp/B0CP1QMGFX,,,variation,deconovo
Deconovo,,,variation,Decon Ovo
,,,variation,decon Ovo
,,,variation,Decon-ovo
,,,variation,Deconov
,,,variation,Deconovo
,,,variation,Deconovo
,,,variation,Dconovo
,,,variation,Deconovo
,,,variation,Deconovo
---,,,,
B0CH8DVXWH,brand_name,Deconovo,variation,Deconovo
https://www.amazon.com/dp/B0CH8DVXWH,,,variation,deconovo
Deconovo,,,variation,Decon Ovo
,,,variation,decon Ovo
,,,variation,Decon-ovo
,,,variation,Deconov
,,,variation,Deconovo
,,,variation,Deconovo
,,,variation,Dconovo
,,,variation,Deconovo
,,,variation,Deconovo
---,,,,
B0D1285MPL,brand_name,Deconovo,variation,Deconovo
https://www.amazon.com/dp/B0D1285MPL,,,variation,deconovo
Deconovo,,,variation,Decon Ovo
,,,variation,decon Ovo
,,,variation,Decon-ovo
,,,variation,Deconov
,,,variation,Deconovo
,,,variation,Deconovo
,,,variation,Dconovo
,,,variation,Deconovo
,,,variation,Deconovo
---,,,,
B0D9LX5HYC,brand_name,Deconovo,variation,Deconovo
https://www.amazon.com/dp/B0D9LX5HYC,,,variation,deconovo
Deconovo,,,variation,Decon Ovo
,,,variation,decon Ovo
,,,variation,Decon-ovo
,,,variation,Deconov
,,,variation,Deconovo
,,,variation,Deconovo
,,,variation,Dconovo
,,,variation,Deconovo
,,,variation,Deconovo
---,,,,
B0CNGV34TX,brand_name,#WEJOY,variation,#WEJOY
https://www.amazon.com/dp/B0CNGV34TX,,,variation,wejoy
#WEJOY,,,variation,#wejoy
,,,variation,WeJoy
,,,variation,We-Joy
,,,variation,W3JOY
,,,variation,WEJOI
,,,variation,WEJ0Y
,,,variation,WEJ0I
,,,variation,W3J0Y
---,,,,
B0DRVNSBDM,brand_name,KingCamp,variation,KingCamp
https://www.amazon.com/dp/B0DRVNSBDM,,,variation,kingcamp
KingCamp,,,variation,King Camp
,,,variation,king Camp
,,,variation,KIngCamp
,,,variation,KIng-Camp
,,,variation,KIngCmap
,,,variation,KIngCmap
,,,variation,KngCamp
,,,variation,KIngCmap
,,,variation,KngCmap
,,,variation,KIng-Camp
,,,variation,Kng-Camp
,,,variation,KIngCmap
---,,,,
B0DGKV5C9H,brand_name,CHARMMA,variation,CHARMMA
https://www.amazon.com/dp/B0DGKV5C9H,,,variation,charmma
CHARMMA,,,variation,Charmma
,,,variation,Charm-Ma
,,,variation,Charma
,,,variation,Charrmma
,,,variation,CHAMMA
,,,variation,CHRMMA
,,,variation,C-H-A-R-M-M-A
,,,variation,CHARMMAA
---,,,,
B08TMN4DL3,brand_name,daystar,variation,daystar
https://www.amazon.com/dp/B08TMN4DL3,,,variation,DAYSTAR
daystar,,,variation,Daystar
,,,variation,day Star
,,,variation,dAystar
,,,variation,dasyar
,,,variation,daystr
,,,variation,daytar
,,,variation,daystarr
,,,variation,dasyar
,,,variation,daystarrr
---,,,,
B0747BSJKB,brand_name,Portal,variation,Portal
https://www.amazon.com/dp/B0747BSJKB,,,variation,portal
Portal,,,variation,Port-al
,,,variation,Por-tal
,,,variation,Potal
,,,variation,Purtal
,,,variation,Portl
,,,variation,Potal
,,,variation,Porrtal
,,,variation,Portl
---,,,,
B0DM8341XQ,brand_name,Nevoc,variation,Nevoc
https://www.amazon.com/dp/B0DM8341XQ,,,variation,nevoc
Nevoc,,,variation,Nevoc-
,,,variation,Nevo-c
,,,variation,Neroc
,,,variation,Nevok
,,,variation,Nevo
,,,variation,Nevocq
,,,variation,Nevokc
,,,variation,Nevocx
---,,,,
B0CX8TPJM1,brand_name,GYMAX,variation,GYMAX
https://www.amazon.com/dp/B0CX8TPJM1,,,variation,gymax
GYMAX,,,variation,Gymax
,,,variation,G-Y-M-A-X
,,,variation,G Y M A X
,,,variation,GYMEX
,,,variation,GYMMA
,,,variation,GYMIX
,,,variation,GYMAM
,,,variation,GYMAY
---,,,,
B0BNTD7K4Z,brand_name,Docusvect,variation,Docusvect
https://www.amazon.com/dp/B0BNTD7K4Z,,,variation,docusvect
Docusvect,,,variation,DocusVect
,,,variation,Docus-vect
,,,variation,Docus vect
,,,variation,Docusvext
,,,variation,Docusvevt
,,,variation,Docusvectt
,,,variation,Docusvct
,,,variation,Docusvectt
,,,variation,Docusvctt
---,,,,
B0DQCP96SV,brand_name,FUNDANGO,variation,FUNDANGO
https://www.amazon.com/dp/B0DQCP96SV,,,variation,fundango
FUNDANGO,,,variation,Fundango
,,,variation,FUNDANGO
,,,variation,FUNDANG0
,,,variation,FUNDANG
,,,variation,FUNDANCO
,,,variation,FUNDANGO
,,,variation,FUNDANGO
,,,variation,FUNDANGO
---,,,,
B0B295NDTV,brand_name,CHARMMA,variation,CHARMMA
https://www.amazon.com/dp/B0B295NDTV,,,variation,charmma
CHARMMA,,,variation,Charmma
,,,variation,Charm-Ma
,,,variation,Charma
,,,variation,Charrmma
,,,variation,CHAMMA
,,,variation,CHRMMA
,,,variation,C-H-A-R-M-M-A
,,,variation,CHARMMAA
---,,,,
B0CP9F95VH,brand_name,DIYTUNINGS,variation,DIYTUNINGS
https://www.amazon.com/dp/B0CP9F95VH,,,variation,diytunings
DIYTUNINGS,,,variation,DIYTunings
,,,variation,DIY-TUNINGS
,,,variation,DIYTUNING
,,,variation,DIYTUNINGs
,,,variation,DIYTUNNINGS
,,,variation,DIYTUNNIGS
,,,variation,DIYTUNNIG
,,,variation,DIYTUNNIGS
,,,variation,DIYTUNING
---,,,,
B0B64GN6NR,brand_name,Nice C,variation,Nice C
https://www.amazon.com/dp/B0B64GN6NR,,,variation,nice c
Nice C,,,variation,NiceC
,,,variation,Nice-C
,,,variation,NiceC
,,,variation,Nise C
,,,variation,Nce C
,,,variation,Nice Cc
,,,variation,NceC
,,,variation,NiseC
,,,variation,Nce-C
,,,variation,Nise-C
,,,variation,Nce Cc
,,,variation,NceC
---,,,,
B0F7XW6X6K,brand_name,Eccellensedie,variation,Eccellensedie
https://www.amazon.com/dp/B0F7XW6X6K,,,variation,eccellensedie
Eccellensedie,,,variation,Eccellense die
,,,variation,Eccellensdie
,,,variation,Ecellensedie
,,,variation,Eccelensdie
,,,variation,Eccellensdye
,,,variation,Eccellensdiee
,,,variation,Eccelensd
,,,variation,Eccelensdie
,,,variation,Eccellensd
---,,,,
B09MF42XNK,brand_name,WGOS,variation,WGOS
https://www.amazon.com/dp/B09MF42XNK,,,variation,wgos
WGOS,,,variation,Wgos
,,,variation,W-G-O-S
,,,variation,WGO-S
,,,variation,WGO
,,,variation,WGS
,,,variation,WGOZ
,,,variation,WGOSs
,,,variation,WGOss
,,,variation,WGO-Ss
,,,variation,WGO-S
,,,variation,WGO-Ss
---,,,,
B07CKNPWRZ,brand_name,FUNDANGO,variation,FUNDANGO
https://www.amazon.com/dp/B07CKNPWRZ,,,variation,fundango
FUNDANGO,,,variation,Fundango
,,,variation,FUND-ANGO
,,,variation,Fundaango
,,,variation,FUNDANGO
,,,variation,FUNDANGO
,,,variation,FUNDANGO
,,,variation,FUNDANGO
,,,variation,FUNDANGO
---,,,,
B07VHHXC2Y,brand_name,KingCamp,variation,KingCamp
https://www.amazon.com/dp/B07VHHXC2Y,,,variation,kingcamp
KingCamp,,,variation,King camp
,,,variation,king camp
,,,variation,King-Camp
,,,variation,KIngCamp
,,,variation,KIng-Camp
,,,variation,KngCamp
,,,variation,KIngCmap
,,,variation,KIngCmap
,,,variation,KngCmap
,,,variation,Kng-Camp
,,,variation,KIngCmap
,,,variation,Kng-Camp
---,,,,
B0FHJ3P2DS,brand_name,FUNDANGO,variation,FUNDANGO
https://www.amazon.com/dp/B0FHJ3P2DS,,,variation,fundango
FUNDANGO,,,variation,Fundango
,,,variation,FUNDANGO
,,,variation,FUNDANG0
,,,variation,FUNDANG
,,,variation,FUNDANCO
,,,variation,FUNDANGO-
,,,variation,FUNDANG-O
,,,variation,FUNDANGU
,,,variation,FUNDANOG
,,,variation,FUNDANGOO
,,,variation,FUNDANGGO
---,,,,
B0CJFFWYXW,brand_name,CHARMMA,variation,CHARMMA
https://www.amazon.com/dp/B0CJFFWYXW,,,variation,charmma
CHARMMA,,,variation,Charmma
,,,variation,Charm-Ma
,,,variation,Charma
,,,variation,Charrmma
,,,variation,CHAMMA
,,,variation,CHRMMA
,,,variation,CHARMMAA
,,,variation,CHARMMAE
,,,variation,CARMMA
,,,variation,CHAMRMA
,,,variation,CHARMMA-
---,,,,
B0DWLGZ3GB,brand_name,#WEJOY,variation,#WEJOY
https://www.amazon.com/dp/B0DWLGZ3GB,,,variation,wejoy
#WEJOY,,,variation,#wejoy
,,,variation,WeJoy
,,,variation,We-Joy
,,,variation,W3JOY
,,,variation,WEJOI
,,,variation,WEJ0Y
,,,variation,WEJ0I
,,,variation,W3J0Y
---,,,,
B0CKYWHJLT,brand_name,FUNDANGO,variation,FUNDANGO
https://www.amazon.com/dp/B0CKYWHJLT,,,variation,fundango
FUNDANGO,,,variation,Fundango
,,,variation,FUND-ANGO
,,,variation,Fundaango
,,,variation,FUNDANGO
,,,variation,FUNDANGO
,,,variation,FUNDANGO
,,,variation,FUNDANGO
,,,variation,FUNDANGO
---,,,,
B07H7C6144,brand_name,Happy Cherry,variation,Happy Cherry
https://www.amazon.com/dp/B07H7C6144,,,variation,happy cherry
Happy Cherry,,,variation,HappyCherry
,,,variation,Happy-Cherry
,,,variation,Happy Cherry
,,,variation,Hapy Cherry
,,,variation,Happpy Cherry
,,,variation,Happpy Chery
,,,variation,Happpy Chery
,,,variation,Happpy Chery
---,,,,
B0CQ8LCF6S,brand_name,KingCamp,variation,KingCamp
https://www.amazon.com/dp/B0CQ8LCF6S,,,variation,kingcamp
KingCamp,,,variation,King Camp
,,,variation,king Camp
,,,variation,KIngCamp
,,,variation,KIng-Camp
,,,variation,KIngCmap
,,,variation,KngCamp
,,,variation,KingCmap
,,,variation,KIngCmap
,,,variation,KIng-Camp
,,,variation,Kng-Camp
,,,variation,KIng-Camp
,,,variation,Kng-Camp
---,,,,
B0CHRRQZLX,brand_name,Yeeoy,variation,Yeeoy
https://www.amazon.com/dp/B0CHRRQZLX,,,variation,yeeoy
Yeeoy,,,variation,Yee-Oy
,,,variation,Yeeoyy
,,,variation,Yeeoy
,,,variation,Yeeoyt
,,,variation,Yeeoyw
,,,variation,Yeeoyq
,,,variation,Yeeoyd
,,,variation,Yeeoyp
---,,,,
B07ZQ33Q5L,brand_name,EEZEE,variation,EEZEE
https://www.amazon.com/dp/B07ZQ33Q5L,,,variation,eezee
EEZEE,,,variation,Eezee
,,,variation,E-E-Z-E
,,,variation,Eez-Ee
,,,variation,Ezee
,,,variation,Eezze
,,,variation,Eezey
,,,variation,Eezze
,,,variation,Eezey
,,,variation,Eezze
---,,,,
B08M3ZHM41,brand_name,Arcturus,variation,Arcturus
https://www.amazon.com/dp/B08M3ZHM41,,,variation,arcturus
Arcturus,,,variation,Arcturus
,,,variation,Arcturuss
,,,variation,Arcturus
,,,variation,Arcturus-
,,,variation,Arctur
,,,variation,Arcturus-
,,,variation,Arcturus
,,,variation,Arcturus
,,,variation,Arcturus
,,,variation,Arcturus
,,,variation,Arcturus
,,,variation,Arcturus
---,,,,
B0DT8VSX7Q,brand_name,KingCamp,variation,KingCamp
https://www.amazon.com/dp/B0DT8VSX7Q,,,variation,kingcamp
KingCamp,,,variation,King camp
,,,variation,king camp
,,,variation,King-Camp
,,,variation,KIngCamp
,,,variation,KIng-Camp
,,,variation,KngCamp
,,,variation,KIngCmap
,,,variation,KIngCmap
,,,variation,KngCmap
,,,variation,Kng-Camp
,,,variation,KIng-Camp
,,,variation,Kng-Camp
---,,,,
B0CQ879SP7,brand_name,KingCamp,variation,KingCamp
https://www.amazon.com/dp/B0CQ879SP7,,,variation,kingcamp
KingCamp,,,variation,King camp
,,,variation,king camp
,,,variation,King-Camp
,,,variation,KIngCamp
,,,variation,KIngCamp
,,,variation,KngCamp
,,,variation,KIngCmap
,,,variation,KIngCmap
,,,variation,KIngCmap
,,,variation,KngCmap
,,,variation,KngCamp
,,,variation,KngCmap
---,,,,
B09K3HWNXP,brand_name,KingCamp,variation,KingCamp
https://www.amazon.com/dp/B09K3HWNXP,,,variation,kingcamp
KingCamp,,,variation,King Camp
,,,variation,king Camp
,,,variation,KIngCamp
,,,variation,KIng-Camp
,,,variation,KIngCmap
,,,variation,KngCamp
,,,variation,KingCmap
,,,variation,KIngCmap
,,,variation,KIng-Camp
,,,variation,Kng-Camp
,,,variation,KIng-Camp
,,,variation,Kng-Camp
---,,,,
B0DBQ9CJ6Y,brand_name,HunnmingRe,variation,HunnmingRe
https://www.amazon.com/dp/B0DBQ9CJ6Y,,,variation,hunnmingre
HunnmingRe,,,variation,Hunnming-re
,,,variation,Hunnming Re
,,,variation,HunnmingR
,,,variation,Hunnmingree
,,,variation,Hunnminge
,,,variation,HunnmngRe
,,,variation,HunnmingR
,,,variation,Hunnmngre
,,,variation,HunnmingRee
---,,,,
B0C2PB3B48,brand_name,KingCamp,variation,KingCamp
https://www.amazon.com/dp/B0C2PB3B48,,,variation,kingcamp
KingCamp,,,variation,King Camp
,,,variation,king Camp
,,,variation,KIngCamp
,,,variation,KIng-Camp
,,,variation,KIngCmap
,,,variation,KngCamp
,,,variation,KingCmap
,,,variation,KIngCmap
,,,variation,KIng-Camp
,,,variation,Kng-Camp
,,,variation,KIng-Camp
,,,variation,Kng-Camp
---,,,,
B082383Y1B,brand_name,KingCamp,variation,KingCamp
https://www.amazon.com/dp/B082383Y1B,,,variation,kingcamp
KingCamp,,,variation,King Camp
,,,variation,king Camp
,,,variation,KIngCamp
,,,variation,KIng-Camp
,,,variation,KIngCmap
,,,variation,KngCamp
,,,variation,KingCmap
,,,variation,KIngCmap
,,,variation,KIng-Camp
,,,variation,Kng-Camp
,,,variation,KIng-Camp
,,,variation,Kng-Camp
---,,,,
B08H1DM1NX,brand_name,Huggaroo,variation,Huggaroo
https://www.amazon.com/dp/B08H1DM1NX,,,variation,huggaroo
Huggaroo,,,variation,Huggar o
,,,variation,Hug garoo
,,,variation,Huggaroo
,,,variation,Huggaroo
,,,variation,Huggaroo
,,,variation,Huggaroo
,,,variation,Huggaroo
,,,variation,Huggaroo
---,,,,
B07YXN7DCT,brand_name,KingCamp,variation,KingCamp
https://www.amazon.com/dp/B07YXN7DCT,,,variation,kingcamp
KingCamp,,,variation,King Camp
,,,variation,king Camp
,,,variation,KIngCamp
,,,variation,KIng-Camp
,,,variation,KIngCamp
,,,variation,KngCamp
,,,variation,KIngCmap
,,,variation,KIngCmap
,,,variation,KngCmap
,,,variation,Kng-Camp
,,,variation,Kng-Camp
,,,variation,KIngCmap
---,,,,
B09K3N8STC,brand_name,KingCamp,variation,KingCamp
https://www.amazon.com/dp/B09K3N8STC,,,variation,kingcamp
KingCamp,,,variation,King camp
,,,variation,king camp
,,,variation,King-Camp
,,,variation,KIngCamp
,,,variation,KIng-Camp
,,,variation,KngCamp
,,,variation,KIngCmap
,,,variation,KIngCmap
,,,variation,KngCmap
,,,variation,Kng-Camp
,,,variation,KIng-Camp
,,,variation,Kng-Camp
---,,,,
B09STZW9QF,brand_name,UNIKOME,variation,UNIKOME
https://www.amazon.com/dp/B09STZW9QF,,,variation,unikome
UNIKOME,,,variation,UniKome
,,,variation,Uni Kome
,,,variation,Unikome
,,,variation,Unikomee
,,,variation,UNIKOM
,,,variation,UNIKOMe
,,,variation,UNIKOM
,,,variation,UNIKOMM
---,,,,
B0F12V7NP4,brand_name,KingCamp,variation,KingCamp
https://www.amazon.com/dp/B0F12V7NP4,,,variation,kingcamp
KingCamp,,,variation,King Camp
,,,variation,king Camp
,,,variation,KIngCamp
,,,variation,KIng-Camp
,,,variation,KIngCmap
,,,variation,KngCamp
,,,variation,KingCmap
,,,variation,KIngCmap
,,,variation,KIng-Camp
,,,variation,Kng-Camp
,,,variation,KIng-Camp
,,,variation,Kng-Camp
---,,,,
B09HXHC2K2,brand_name,VINTEAM,variation,VINTEAM
https://www.amazon.com/dp/B09HXHC2K2,,,variation,vinteam
VINTEAM,,,variation,VinTeam
,,,variation,Vinteam
,,,variation,Vintem
,,,variation,Vinteem
,,,variation,VINTEEM
,,,variation,VINTEAMM
,,,variation,VINTEM
,,,variation,VINTAM
,,,variation,VINTEME
,,,variation,VINTAMM
,,,variation,VINTEMAM
,,,variation,VINTEMAN
---,,,,
B09NCQ91QS,brand_name,Get Out Gear,variation,Get Out Gear
https://www.amazon.com/dp/B09NCQ91QS,,,variation,get out gear
Get Out Gear,,,variation,GetOutGear
,,,variation,Get-Out-Gear
,,,variation,GetOutGear
,,,variation,Get Oot Gear
,,,variation,Get OUt Gear
,,,variation,Get OUtGear
,,,variation,Get OotGear
,,,variation,Gat Out Gear
,,,variation,Get Out Geer
,,,variation,Get OUt Geer
,,,variation,Get Oot Geer
,,,variation,Get Oot Gearz
---,,,,
B08BCBFX3V,brand_name,Deconovo,variation,Deconovo
https://www.amazon.com/dp/B08BCBFX3V,,,variation,deconovo
Deconovo,,,variation,Decon Ovo
,,,variation,decon Ovo
,,,variation,Decon-ovo
,,,variation,Deconov
,,,variation,Deconovo
,,,variation,Deconovo
,,,variation,Dconovo
,,,variation,Deconovo
,,,variation,Deconovo
---,,,,
B0DMSG9KVG,brand_name,ChrisDowa,variation,ChrisDowa
https://www.amazon.com/dp/B0DMSG9KVG,,,variation,chrisdowa
ChrisDowa,,,variation,Chris Dowa
,,,variation,chris dowa
,,,variation,Chris-Dowa
,,,variation,ChrissDowa
,,,variation,ChrisDowa
,,,variation,ChrisDowa
,,,variation,ChrisDowa
,,,variation,ChrsDowa
,,,variation,Chridowa
,,,variation,Chridow
,,,variation,ChrsDowa
,,,variation,ChrsDowa
---,,,,
B0D99W1TJP,brand_name,DWCN,variation,DWCN
https://www.amazon.com/dp/B0D99W1TJP,,,variation,dwcn
DWCN,,,variation,Dwcn
,,,variation,DWCn
,,,variation,DWCm
,,,variation,DWCX
,,,variation,DWC
,,,variation,DWC-N
,,,variation,D.W.C.N.
,,,variation,DWCn
---,,,,
B0BWMLWP46,brand_name,DUALIFE,variation,DUALIFE
https://www.amazon.com/dp/B0BWMLWP46,,,variation,duallife
DUALIFE,,,variation,Dualife
,,,variation,DuaLife
,,,variation,Dua-Life
,,,variation,DULIFE
,,,variation,DUA-LIFE
,,,variation,DUA LIF
,,,variation,DULIFE
,,,variation,DULIFE
,,,variation,DuaLif
,,,variation,DuaLif
,,,variation,DuaLif
,,,variation,DuaLif
---,,,,
B0C2Q3FT5K,brand_name,Deconovo,variation,Deconovo
https://www.amazon.com/dp/B0C2Q3FT5K,,,variation,deconovo
Deconovo,,,variation,Decon-Ovo
,,,variation,Decon Ovo
,,,variation,Decnovo
,,,variation,Deconovo
,,,variation,Deconvo
,,,variation,Deconovo
,,,variation,Dconovo
,,,variation,Deconovo
,,,variation,Deconovo
---,,,,
B0D2VZTX4X,brand_name,Deconovo,variation,Deconovo
https://www.amazon.com/dp/B0D2VZTX4X,,,variation,deconovo
Deconovo,,,variation,Decon Ovo
,,,variation,decon Ovo
,,,variation,Decon-ovo
,,,variation,Deconov
,,,variation,Deconovo
,,,variation,Deconovo
,,,variation,Dconovo
,,,variation,Deconovo
,,,variation,Deconovo
---,,,,
B093KHQ7ZJ,brand_name,Deconovo,variation,Deconovo
https://www.amazon.com/dp/B093KHQ7ZJ,,,variation,deconovo
Deconovo,,,variation,Decon Ovo
,,,variation,decon Ovo
,,,variation,Decon-ovo
,,,variation,Deconov
,,,variation,Deconovo
,,,variation,Deconovo
,,,variation,Dconovo
,,,variation,Deconovo
,,,variation,Deconovo
---,,,,
B01L1TCJ7K,brand_name,Deconovo,variation,Deconovo
https://www.amazon.com/dp/B01L1TCJ7K,,,variation,deconovo
Deconovo,,,variation,Decon Ovo
,,,variation,decon Ovo
,,,variation,Decon-ovo
,,,variation,Deconov
,,,variation,Deconovo
,,,variation,Deconovo
,,,variation,Dconovo
,,,variation,Deconovo
,,,variation,Deconovo
---,,,,
B08B5ZK6XH,brand_name,Deconovo,variation,Deconovo
https://www.amazon.com/dp/B08B5ZK6XH,,,variation,deconovo
Deconovo,,,variation,Decon Ovo
,,,variation,decon ovo
,,,variation,Decon-ovo
,,,variation,Deconov
,,,variation,Deconovo
,,,variation,Deconvo
,,,variation,Dconovo
,,,variation,Deconovo
,,,variation,Deconovo
,,,variation,Deconovo
,,,variation,Deconovo
---,,,,
B0CQY1RX8Y,brand_name,Deconovo,variation,Deconovo
https://www.amazon.com/dp/B0CQY1RX8Y,,,variation,deconovo
Deconovo,,,variation,Decon Ovo
,,,variation,decon Ovo
,,,variation,Decon-ovo
,,,variation,Deconov
,,,variation,Deconovo
,,,variation,Deconovo
,,,variation,Dconovo
,,,variation,Deconovo
,,,variation,Deconovo
---,,,,
B08SWD1V2L,brand_name,Deconovo,variation,Deconovo
https://www.amazon.com/dp/B08SWD1V2L,,,variation,deconovo
Deconovo,,,variation,Decon Ovo
,,,variation,decon Ovo
,,,variation,Decon-ovo
,,,variation,Deconov
,,,variation,Deconovo
,,,variation,Deconovo
,,,variation,Dconovo
,,,variation,Deconovo
,,,variation,Deconovo
---,,,,
B00ST0H8BW,brand_name,Deconovo,variation,Deconovo
https://www.amazon.com/dp/B00ST0H8BW,,,variation,deconovo
Deconovo,,,variation,Decon Ovo
,,,variation,decon Ovo
,,,variation,Decon-ovo
,,,variation,Deconov
,,,variation,Deconovo
,,,variation,Deconovo
,,,variation,Dconovo
,,,variation,Deconovo
,,,variation,Deconovo
---,,,,
B07L8D7LHP,brand_name,Deconovo,variation,Deconovo
https://www.amazon.com/dp/B07L8D7LHP,,,variation,deconovo
Deconovo,,,variation,Decon Ovo
,,,variation,decon Ovo
,,,variation,Decon-ovo
,,,variation,Deconov
,,,variation,Deconovo
,,,variation,Deconovo
,,,variation,Dconovo
,,,variation,Deconovo
,,,variation,Deconovo
---,,,,
B0CNSV5R1V,brand_name,Deconovo,variation,Deconovo
https://www.amazon.com/dp/B0CNSV5R1V,,,variation,deconovo
Deconovo,,,variation,Decon Ovo
,,,variation,decon Ovo
,,,variation,Decon-ovo
,,,variation,Deconov
,,,variation,Deconovo
,,,variation,Deconovo
,,,variation,Dconovo
,,,variation,Deconovo
,,,variation,Deconovo
---,,,,
B06XRTNV68,brand_name,Deconovo,variation,Deconovo
https://www.amazon.com/dp/B06XRTNV68,,,variation,deconovo
Deconovo,,,variation,Decon Ovo
,,,variation,decon Ovo
,,,variation,Decon-ovo
,,,variation,Deconov
,,,variation,Deconovo
,,,variation,Deconovo
,,,variation,Dconovo
,,,variation,Deconovo
,,,variation,Deconovo
---,,,,
B08SQ5Y1Q2,brand_name,Deconovo,variation,Deconovo
https://www.amazon.com/dp/B08SQ5Y1Q2,,,variation,deconovo
Deconovo,,,variation,Decon Ovo
,,,variation,decon Ovo
,,,variation,Decon-ovo
,,,variation,Deconov
,,,variation,Deconovo
,,,variation,Deconovo
,,,variation,Dconovo
,,,variation,Deconovo
,,,variation,Deconovo
---,,,,
B07CZYW38W,brand_name,Deconovo,variation,Deconovo
https://www.amazon.com/dp/B07CZYW38W,,,variation,deconovo
Deconovo,,,variation,Decon Ovo
,,,variation,decon Ovo
,,,variation,Decon-ovo
,,,variation,Deconov
,,,variation,Deconovo
,,,variation,Deconovo
,,,variation,Dconovo
,,,variation,Deconovo
,,,variation,Deconovo
---,,,,
B0FKBBP749,brand_name,Higliocas,variation,Higliocas
https://www.amazon.com/dp/B0FKBBP749,,,variation,higliocas
Higliocas,,,variation,Higliocass
,,,variation,Higli-ocas
,,,variation,Higloicas
,,,variation,Higlicas
,,,variation,Higloacas
,,,variation,Higliocaz
,,,variation,Higlicoss
,,,variation,Higloacas
,,,variation,Higloacas
---,,,,
B004GBYI4I,brand_name,MCS,variation,MCS
https://www.amazon.com/dp/B004GBYI4I,,,variation,mcs
MCS,,,variation,McS
,,,variation,M-C-S
,,,variation,MCSs
,,,variation,MCS-
,,,variation,MCSs
,,,variation,MCS-
,,,variation,MCSs
,,,variation,MCSs
---,,,,
B0C1YNYBLX,brand_name,LeKaufen,variation,LeKaufen
https://www.amazon.com/dp/B0C1YNYBLX,,,variation,lekaufen
LeKaufen,,,variation,Le Kaufen
,,,variation,le kaufen
,,,variation,LeKaupen
,,,variation,LeKauven
,,,variation,LeKauwen
,,,variation,LeKaufin
,,,variation,LeKauven
,,,variation,LeKaupen
---,,,,
B002JIN7MY,brand_name,BUTCH & harold,variation,BUTCH & harold
https://www.amazon.com/dp/B002JIN7MY,,,variation,butch & harold
BUTCH & harold,,,variation,Butch&harold
,,,variation,Butch-harold
,,,variation,Butch Harold
,,,variation,ButchHarold
,,,variation,Buthc & harold
,,,variation,BUTCH & harrold
,,,variation,Butch & harelod
,,,variation,Butch & haroldd
,,,variation,Buth & harold
---,,,,
B01MAZ7OOP,brand_name,Malden,variation,Malden
https://www.amazon.com/dp/B01MAZ7OOP,,,variation,malden
Malden,,,variation,Maldn
,,,variation,Mal-dan
,,,variation,Maldin
,,,variation,Maldon
,,,variation,Maldem
,,,variation,Maldin
,,,variation,Maldan
,,,variation,Maldin
---,,,,
B0FKBDRLS2,brand_name,Higliocas,variation,Higliocas
https://www.amazon.com/dp/B0FKBDRLS2,,,variation,higliocas
Higliocas,,,variation,Higli-ocas
,,,variation,Higli Ocas
,,,variation,Higloicas
,,,variation,Higlicas
,,,variation,Higliocass
,,,variation,Higlocas
,,,variation,Higloacas
,,,variation,Higliocaz
---,,,,
B0FK5DCJ93,brand_name,Higliocas,variation,Higliocas
https://www.amazon.com/dp/B0FK5DCJ93,,,variation,higliocas
Higliocas,,,variation,Higliocass
,,,variation,Higli-ocas
,,,variation,Higloicas
,,,variation,Higlicas
,,,variation,Higloacas
,,,variation,Higliocaz
,,,variation,Higlicoss
,,,variation,Higloacas
,,,variation,Higloacas
---,,,,
B0FKBMGW11,brand_name,Higliocas,variation,Higliocas
https://www.amazon.com/dp/B0FKBMGW11,,,variation,higliocas
Higliocas,,,variation,Higliocass
,,,variation,Higli-ocas
,,,variation,Higloicas
,,,variation,Higlicas
,,,variation,Higloacas
,,,variation,Higliocaz
,,,variation,Higlicoss
,,,variation,Higloacas
,,,variation,Higloacas
---,,,,
B0FKBCT8CR,brand_name,Higliocas,variation,Higliocas
https://www.amazon.com/dp/B0FKBCT8CR,,,variation,higliocas
Higliocas,,,variation,Higli-ocas
,,,variation,Higli Ocas
,,,variation,Higloicas
,,,variation,Higliocass
,,,variation,Higlicas
,,,variation,Higlocas
,,,variation,Higloacas
,,,variation,Higliocaz
---,,,,
B0FKBCR5XH,brand_name,Higliocas,variation,Higliocas
https://www.amazon.com/dp/B0FKBCR5XH,,,variation,higliocas
Higliocas,,,variation,Higli-ocas
,,,variation,Higli Ocas
,,,variation,Higloicas
,,,variation,Higlicas
,,,variation,Higliocass
,,,variation,Higlocas
,,,variation,Higloacas
,,,variation,Higliocaz
---,,,,
B0C1YNYXH3,brand_name,LeKaufen,variation,LeKaufen
https://www.amazon.com/dp/B0C1YNYXH3,,,variation,lekaufen
LeKaufen,,,variation,Le Kaufen
,,,variation,le kaufen
,,,variation,LeKaupen
,,,variation,LeKauven
,,,variation,LeKauwen
,,,variation,LeKauven
,,,variation,LeKaupn
,,,variation,LeKaupen
---,,,,
B0C9JLX4FF,brand_name,Holyfire,variation,Holyfire
https://www.amazon.com/dp/B0C9JLX4FF,,,variation,holyfire
Holyfire,,,variation,Holy Fire
,,,variation,Holy-Fire
,,,variation,Holifire
,,,variation,Hollyfire
,,,variation,Hollyfir
,,,variation,Holiifre
,,,variation,Hollyfier
,,,variation,Holi fire
---,,,,
B001I6F38Y,brand_name,MCS,variation,MCS
https://www.amazon.com/dp/B001I6F38Y,,,variation,mcs
MCS,,,variation,McS
,,,variation,M-C-S
,,,variation,MCSs
,,,variation,MCSs
,,,variation,MCS
,,,variation,MCS-
,,,variation,MCS-
,,,variation,MCS-
,,,variation,MCS-
,,,variation,MCS-
,,,variation,MCS-
,,,variation,MCS-
---,,,,
B0CC4KYXMD,brand_name,LeKaufen,variation,LeKaufen
https://www.amazon.com/dp/B0CC4KYXMD,,,variation,lekaufen
LeKaufen,,,variation,Le Kaufen
,,,variation,le kaufen
,,,variation,LeKaupen
,,,variation,LeKauven
,,,variation,LeKauwen
,,,variation,LeKauven
,,,variation,LeKaupn
,,,variation,LeKaupen
---,,,,
B0CC4K84WT,brand_name,LeKaufen,variation,LeKaufen
https://www.amazon.com/dp/B0CC4K84WT,,,variation,lekaufen
LeKaufen,,,variation,Le Kaufen
,,,variation,le kaufen
,,,variation,LeKaupen
,,,variation,LeKauven
,,,variation,LeKauwen
,,,variation,LeKaufin
,,,variation,LeKauven
,,,variation,LeKaupen
---,,,,
