ASIN / Brand,Input Field,Input Value,Type,Variation
B0BV17VLYG,brand_name,DEWALT,variation,DEWALT
https://www.amazon.com/dp/B0BV17VLYG,,,variation,dewalt
DEWALT,,,variation,Dewalt
,,,variation,D-E-W-A-L-T
,,,variation,DEWALT-
,,,variation,DEWALT-Tools
,,,variation,DEWALT-Tools
,,,variation,DEWALTt
,,,variation,DEWALTQ
,,,variation,DEWALT1
,,,variation,DEWALT-1
,,,variation,DEWALT-Tools
,,,variation,DEWALT-Tools
,,,variation,DEWALT-Tools
---,,,,
B014A1Z92I,brand_name,Milescraft,variation,Milescraft
https://www.amazon.com/dp/B014A1Z92I,,,variation,milescraft
Milescraft,,,variation,Miles Craft
,,,variation,miles craft
,,,variation,Milecraft
,,,variation,Milecraf
,,,variation,Miescraft
,,,variation,Milescrat
,,,variation,Milescraf
,,,variation,Milecrafte
,,,variation,Milecraf
,,,variation,Milecrafte
---,,,,
B0DFXKPNB1,brand_name,PULITUO,variation,PULITUO
https://www.amazon.com/dp/B0DFXKPNB1,,,variation,pulituo
PULITUO,,,variation,Pulituo
,,,variation,PULITOO
,,,variation,PULITOU
,,,variation,PULIT0
,,,variation,PULIT0U
,,,variation,PULITOU
,,,variation,PULITOO
,,,variation,PULIT0O
---,,,,
B0872JZ9PF,brand_name,Ingersoll Rand,variation,Ingersoll Rand
https://www.amazon.com/dp/B0872JZ9PF,,,variation,ingersoll rand
Ingersoll Rand,,,variation,IngersollRand
,,,variation,Ingersoll-Rand
,,,variation,Ingersoll
,,,variation,Ingersoll Rnd
,,,variation,Ingersoll Rnad
,,,variation,Ingersoll Rnad
,,,variation,Ingersoll Rnd
,,,variation,Ingersoll Rnd
,,,variation,Ingersoll Rnd
---,,,,
B07HSX1TTK,brand_name,Milwaukee,variation,Milwaukee
https://www.amazon.com/dp/B07HSX1TTK,,,variation,milwaukee
Milwaukee,,,variation,Milwaukie
,,,variation,Milwaki
,,,variation,Milwawkee
,,,variation,Milwaukiee
,,,variation,Milwauk
,,,variation,Milwakiie
,,,variation,Miluakee
,,,variation,Milwauk
,,,variation,Milwaukkee
---,,,,
B085DCG4JV,brand_name,BLACK+DECKER,variation,BLACK+DECKER
https://www.amazon.com/dp/B085DCG4JV,,,variation,black+decker
BLACK+DECKER,,,variation,BlackDecker
,,,variation,Black-Decker
,,,variation,BLACKDECKER
,,,variation,Black Decker
,,,variation,black deker
,,,variation,BLCK+DECKER
,,,variation,BLACK+DEKAR
,,,variation,BLACK+DEKOR
,,,variation,BLCKDECKER
,,,variation,BLAK+DECKER
---,,,,
B06ZZK5MDB,brand_name,DEWALT,variation,DEWALT
https://www.amazon.com/dp/B06ZZK5MDB,,,variation,dewalt
DEWALT,,,variation,Dewalt
,,,variation,D-E-W-A-L-T
,,,variation,DEWALT-Tools
,,,variation,DewaltTools
,,,variation,DEWALTt
,,,variation,DEWALT1
,,,variation,DEWALT-Tool
,,,variation,DEWALTt
,,,variation,DEWALT-Toolz
---,,,,
B0C3TGRLLM,brand_name,DEWALT,variation,DEWALT
https://www.amazon.com/dp/B0C3TGRLLM,,,variation,dewalt
DEWALT,,,variation,Dewalt
,,,variation,DEW-ALT
,,,variation,DEWALT-
,,,variation,DEWAL
,,,variation,DEWALTt
,,,variation,DEWALT1
,,,variation,DEWALT-1
,,,variation,DEWALT-2
,,,variation,DEWALT-3
---,,,,
B097GQW5LC,brand_name,DEWALT,variation,DEWALT
https://www.amazon.com/dp/B097GQW5LC,,,variation,dewalt
DEWALT,,,variation,Dewalt
,,,variation,DEW-ALT
,,,variation,DEWALT-
,,,variation,DEWALT1
,,,variation,DEWAL
,,,variation,DEWALTt
,,,variation,DEWALT 
,,,variation,DEWALT-1
---,,,,
B0BY184ZY2,brand_name,DEWALT,variation,DEWALT
https://www.amazon.com/dp/B0BY184ZY2,,,variation,dewalt
DEWALT,,,variation,Dewalt
,,,variation,DEWALT-Tools
,,,variation,DEWALT Tools
,,,variation,Dewalt-Tools
,,,variation,DewaltTools
,,,variation,DEWALTt
,,,variation,DEWALt
,,,variation,DEWALT-Tool
---,,,,
B08K9C5MCD,brand_name,DEWALT,variation,DEWALT
https://www.amazon.com/dp/B08K9C5MCD,,,variation,dewalt
DEWALT,,,variation,Dewalt
,,,variation,DE-WALT
,,,variation,DEWALT-
,,,variation,DEWALT-
,,,variation,DEWALT1
,,,variation,DEWALT2
,,,variation,DEWALT3
,,,variation,DEWALT4
,,,variation,DEWALT5
,,,variation,DEWALT6
,,,variation,DEWALT7
,,,variation,DEWALT8
---,,,,
B0BQCWH5KF,brand_name,DEWALT,variation,DEWALT
https://www.amazon.com/dp/B0BQCWH5KF,,,variation,dewalt
DEWALT,,,variation,Dewalt
,,,variation,D-E-W-A-L-T
,,,variation,DEWALT-Tools
,,,variation,DEWALT Tools
,,,variation,DEWALTt
,,,variation,DEWALt
,,,variation,DEWALT1
,,,variation,DEWALT-Tool
,,,variation,DEWALTt
,,,variation,DEWALT-Too
,,,variation,DEWALTt
,,,variation,DEWALT-Too
---,,,,
B0C4KQSSZ8,brand_name,PULITUO,variation,PULITUO
https://www.amazon.com/dp/B0C4KQSSZ8,,,variation,pulituo
PULITUO,,,variation,Pulituo
,,,variation,PULITOO
,,,variation,PULITOU
,,,variation,PULIT0
,,,variation,PULITOOO
,,,variation,PULITOUO
,,,variation,PULITOOO
,,,variation,PULITOUO
---,,,,
B0DFXMK5YZ,brand_name,PULITUO,variation,PULITUO
https://www.amazon.com/dp/B0DFXMK5YZ,,,variation,pulituo
PULITUO,,,variation,Pulituo
,,,variation,PULITOO
,,,variation,PULITOU
,,,variation,PULIT0
,,,variation,PULIT0U
,,,variation,PULITOOO
,,,variation,PULITOUO
,,,variation,PULITOOO
---,,,,
B0DFSW93WM,brand_name,PULITUO,variation,PULITUO
https://www.amazon.com/dp/B0DFSW93WM,,,variation,pulituo
PULITUO,,,variation,Pulituo
,,,variation,PULITOO
,,,variation,PULITOU
,,,variation,PULITQO
,,,variation,PULITOOO
,,,variation,PULITOUO
,,,variation,PULITUO-
,,,variation,PULIT-UO
---,,,,
B0DCVRFQ9F,brand_name,PULITUO,variation,PULITUO
https://www.amazon.com/dp/B0DCVRFQ9F,,,variation,pulituo
PULITUO,,,variation,Pulituo
,,,variation,PULITOO
,,,variation,PULITOU
,,,variation,PULIT0
,,,variation,PULIT0U
,,,variation,PULITOOO
,,,variation,PULITOUO
,,,variation,Pulitio
---,,,,
B0872HW91C,brand_name,Ingersoll Rand,variation,Ingersoll Rand
https://www.amazon.com/dp/B0872HW91C,,,variation,ingersoll rand
Ingersoll Rand,,,variation,IngersollRand
,,,variation,Ingersoll-Rand
,,,variation,Ingersoll
,,,variation,Ingersoll Rnd
,,,variation,Ingersoll Rnad
,,,variation,Ingersoll Rnad
,,,variation,Ingersoll Rnd
,,,variation,Ingersoll Rnd
,,,variation,Ingersoll Rnd
---,,,,
B0183RLW8A,brand_name,DEWALT,variation,DEWALT
https://www.amazon.com/dp/B0183RLW8A,,,variation,dewalt
DEWALT,,,variation,Dewalt
,,,variation,DEWALT-
,,,variation,DEWALT-
,,,variation,DEWALT1
,,,variation,DEWAL
,,,variation,DEWALTt
,,,variation,DEWALT-1
,,,variation,DEWALT-2
,,,variation,DEWALT-3
,,,variation,DEWALT-4
,,,variation,DEWALT-5
,,,variation,DEWALT-6
---,,,,
B0DCVPF96K,brand_name,PULITUO,variation,PULITUO
https://www.amazon.com/dp/B0DCVPF96K,,,variation,pulituo
PULITUO,,,variation,Pulituo
,,,variation,PULITOO
,,,variation,PULITOU
,,,variation,PULIT0
,,,variation,PULIT0U
,,,variation,PULITOOO
,,,variation,PULITOUO
,,,variation,Pulitio
---,,,,
B0DFXLWYQ9,brand_name,PULITUO,variation,PULITUO
https://www.amazon.com/dp/B0DFXLWYQ9,,,variation,pulituo
PULITUO,,,variation,Pulituo
,,,variation,PULITOO
,,,variation,PULITOU
,,,variation,PULITQO
,,,variation,PULITOOO
,,,variation,PULITOUO
,,,variation,PULITUOQ
,,,variation,PULITUO1
---,,,,
B08YNFRSQ3,brand_name,PTSTEL,variation,PTSTEL
https://www.amazon.com/dp/B08YNFRSQ3,,,variation,ptstel
PTSTEL,,,variation,Ptstel
,,,variation,P-T-STEL
,,,variation,P T S T E L
,,,variation,PTSTELl
,,,variation,PTSTELR
,,,variation,PTSTELD
,,,variation,PTSTELT
,,,variation,PTSTELQ
,,,variation,PTSTELW
,,,variation,PTSTELX
,,,variation,PTSTELZ
---,,,,
B09MFCR328,brand_name,JOHAHTANG,variation,JOHAHTANG
https://www.amazon.com/dp/B09MFCR328,,,variation,johahtang
JOHAHTANG,,,variation,Johahtang
,,,variation,Joha-Tang
,,,variation,Joha Tang
,,,variation,JHAHTANG
,,,variation,JOHATANG
,,,variation,JOHATNG
,,,variation,JOHATANGG
,,,variation,Johahtng
---,,,,
B0F2FSH8F7,brand_name,GDHSWJ,variation,GDHSWJ
https://www.amazon.com/dp/B0F2FSH8F7,,,variation,gdhswj
GDHSWJ,,,variation,Gdhswj
,,,variation,G-D-H-S-W-J
,,,variation,G D H S W J
,,,variation,GDSHWJ
,,,variation,GDHSW
,,,variation,GDHSWJY
,,,variation,GDHSWJX
,,,variation,GDHSWJZ
---,,,,
B00E6TA6Q4,brand_name,Olympia Tools,variation,Olympia Tools
https://www.amazon.com/dp/B00E6TA6Q4,,,variation,olympia tools
Olympia Tools,,,variation,OlympiaTools
,,,variation,Olympia-Tools
,,,variation,Olympia
,,,variation,Olmpia Tools
,,,variation,Olypmia Tools
,,,variation,Olympia Tols
,,,variation,Olymipa Tools
,,,variation,Olympia Toolz
,,,variation,Olymipa Tols
,,,variation,Olymipa
,,,variation,Olymnia Tools
---,,,,
B0BGQYNKS8,brand_name,PTSTEL,variation,PTSTEL
https://www.amazon.com/dp/B0BGQYNKS8,,,variation,ptstel
PTSTEL,,,variation,Ptstel
,,,variation,PSTEL
,,,variation,PTSTL
,,,variation,PTSTELl
,,,variation,PTSTEL1
,,,variation,PTSTEL-
,,,variation,PTSTEL_
,,,variation,PTSTEL.
---,,,,
B09H73R3Z7,brand_name,PTSTEL,variation,PTSTEL
https://www.amazon.com/dp/B09H73R3Z7,,,variation,ptstel
PTSTEL,,,variation,Ptstel
,,,variation,P-T-STEL
,,,variation,P T S T E L
,,,variation,PTSTELl
,,,variation,PTSTELR
,,,variation,PTSTELD
,,,variation,PTSTELT
,,,variation,PTSTELQ
,,,variation,PTSTELW
,,,variation,PTSTELX
,,,variation,PTSTELZ
---,,,,
B00EFL0SHA,brand_name,Crescent,variation,Crescent
https://www.amazon.com/dp/B00EFL0SHA,,,variation,crescent
Crescent,,,variation,Cresnt
,,,variation,Cres-cent
,,,variation,Crescentt
,,,variation,Crescentt
,,,variation,Crescentt
,,,variation,Crescentt
,,,variation,Crescentt
,,,variation,Crescentt
---,,,,
B0BXVTPG19,brand_name,CMOOD,variation,CMOOD
https://www.amazon.com/dp/B0BXVTPG19,,,variation,cmood
CMOOD,,,variation,CMood
,,,variation,C-MOOD
,,,variation,C MOOD
,,,variation,CMO0D
,,,variation,CMO0D
,,,variation,CMOAD
,,,variation,CMOUD
,,,variation,CMOODS
---,,,,
B004Q05MXK,brand_name,Superior Tool,variation,Superior Tool
https://www.amazon.com/dp/B004Q05MXK,,,variation,superior tool
Superior Tool,,,variation,SuperiorTool
,,,variation,Superior-Tool
,,,variation,Superior
,,,variation,Suprior Tool
,,,variation,Supeior Tool
,,,variation,Superior Tooll
,,,variation,Superior Toool
,,,variation,Suuprior Tool
---,,,,
B002YDPK92,brand_name,Eklind Tool,variation,Eklind Tool
https://www.amazon.com/dp/B002YDPK92,,,variation,eklind tool
Eklind Tool,,,variation,EklindTool
,,,variation,Eklind-Tool
,,,variation,Eklind
,,,variation,Eklind Tooll
,,,variation,Eklind Toool
,,,variation,Eklind Tols
,,,variation,Eklind Tole
,,,variation,Eklind Tole
---,,,,
B00EFZQVU4,brand_name,Crescent,variation,Crescent
https://www.amazon.com/dp/B00EFZQVU4,,,variation,crescent
Crescent,,,variation,Cresnt
,,,variation,Cres-cent
,,,variation,Crescentt
,,,variation,Crescentt
,,,variation,Crescentt
,,,variation,Crescentt
,,,variation,Crescentt
,,,variation,Crescentt
---,,,,
B0CH7QVFWK,brand_name,PTSTEL,variation,PTSTEL
https://www.amazon.com/dp/B0CH7QVFWK,,,variation,ptstel
PTSTEL,,,variation,Ptstel
,,,variation,PSTEL
,,,variation,PTSTL
,,,variation,PTSTELl
,,,variation,PTSTEL1
,,,variation,PTSTEL-
,,,variation,PTSTEL_
,,,variation,PTSTEL.
---,,,,
B001V69QNY,brand_name,Fulton Woodworking Tools,variation,Fulton Woodworking Tools
https://www.amazon.com/dp/B001V69QNY,,,variation,fulton woodworking tools
Fulton Woodworking Tools,,,variation,FultonWoodworkingTools
,,,variation,Fulton-Woodworking-Tools
,,,variation,Fulton
,,,variation,Fultn Woodworking Tools
,,,variation,Fulton Woodwrking Tools
,,,variation,Fultn Woodwrking Tools
,,,variation,Fulton Wodworking Tools
,,,variation,Fulton Woodworking Tols
---,,,,
B08MT5Z1KN,brand_name,LEIMO KPARTS,variation,LEIMO KPARTS
https://www.amazon.com/dp/B08MT5Z1KN,,,variation,leimo kparts
LEIMO KPARTS,,,variation,LeimoKPARTS
,,,variation,Leimo-KPARTS
,,,variation,LEIMO-KPARTS
,,,variation,Leimo K Parts
,,,variation,Leimo Kparts
,,,variation,LIMO KPARTS
,,,variation,LEIMO KPATS
,,,variation,LEIMO KPART
,,,variation,LEIMO KPARTS
,,,variation,Leimo KPart
,,,variation,Leimo KPartz
,,,variation,Leimo Kparst
---,,,,
B08KD6RF8N,brand_name,KAKO,variation,KAKO
https://www.amazon.com/dp/B08KD6RF8N,,,variation,kako
KAKO,,,variation,K-A-K-O
,,,variation,KAK-O
,,,variation,Kakko
,,,variation,Kakoo
,,,variation,KAKOe
,,,variation,KAKO1
,,,variation,KAKO!
,,,variation,KAKO_
---,,,,
B007BI7IJA,brand_name,Superior Tool,variation,Superior Tool
https://www.amazon.com/dp/B007BI7IJA,,,variation,superior tool
Superior Tool,,,variation,SuperiorTool
,,,variation,Superior-Tool
,,,variation,Superior
,,,variation,Suprior Tool
,,,variation,Supeior Tool
,,,variation,Superior Tooll
,,,variation,Superior Toool
,,,variation,Superir Tool
---,,,,
B0B93957QC,brand_name,BRZOXIN,variation,BRZOXIN
https://www.amazon.com/dp/B0B93957QC,,,variation,brzoxin
BRZOXIN,,,variation,Brzoxin
,,,variation,B-R-Z-O-X-I-N
,,,variation,BRZOKSIN
,,,variation,BRZOXINN
,,,variation,BRZOXINg
,,,variation,BRZ0XIN
,,,variation,Bzroxin
,,,variation,Brzoxen
---,,,,
B0BBLW44ZZ,brand_name,PTSTEL,variation,PTSTEL
https://www.amazon.com/dp/B0BBLW44ZZ,,,variation,ptstel
PTSTEL,,,variation,Ptstel
,,,variation,PSTEL
,,,variation,PTSTL
,,,variation,PTSTELl
,,,variation,PTSTEL1
,,,variation,PTSTEL-
,,,variation,PTSTEL_
,,,variation,PTSTEL.
---,,,,
B00004Z2WK,brand_name,Vaughan,variation,Vaughan
https://www.amazon.com/dp/B00004Z2WK,,,variation,vaughan
Vaughan,,,variation,Vaughn
,,,variation,Vaugn
,,,variation,Vaughan-
,,,variation,Vaughn
,,,variation,Vaugan
,,,variation,Vaughn
,,,variation,Vaugn
,,,variation,Vaughn
,,,variation,Vaughn
---,,,,
B00004Z2LN,brand_name,Great Neck,variation,Great Neck
https://www.amazon.com/dp/B00004Z2LN,,,variation,great neck
Great Neck,,,variation,GreatNeck
,,,variation,Great-Neck
,,,variation,GreatNek
,,,variation,Grate Neck
,,,variation,Great Nack
,,,variation,Gret Neck
,,,variation,Grea Neck
,,,variation,Gret Nack
,,,variation,GreaNek
,,,variation,GretNek
,,,variation,GretNek
,,,variation,GretNek
---,,,,
B00QZCXALS,brand_name,Vaughan,variation,Vaughan
https://www.amazon.com/dp/B00QZCXALS,,,variation,vaughan
Vaughan,,,variation,Vaughn
,,,variation,Vaugh-an
,,,variation,Vaugn
,,,variation,Vaughn
,,,variation,Vauhan
,,,variation,Vaugn
,,,variation,Vaughn
,,,variation,Vaughn
---,,,,
B000H5W63M,brand_name,MARSHALLTOWN,variation,MARSHALLTOWN
https://www.amazon.com/dp/B000H5W63M,,,variation,marshalltown
MARSHALLTOWN,,,variation,Marshalltown
,,,variation,Marshall-Town
,,,variation,Marshlltown
,,,variation,Marshaltown
,,,variation,MARSHAL-TOWN
,,,variation,MARSHAL-TWON
,,,variation,MARSHAULTOWN
,,,variation,MARSHALLTOWNN
---,,,,
B00004RAIR,brand_name,True Temper,variation,True Temper
https://www.amazon.com/dp/B00004RAIR,,,variation,true temper
True Temper,,,variation,TrueTemper
,,,variation,True-Temper
,,,variation,True
,,,variation,Tru Temper
,,,variation,Tru Tember
,,,variation,Tru Tempr
,,,variation,Ture Temper
,,,variation,True Tember
---,,,,
B0CST4W4BB,brand_name,LIYYOO,variation,LIYYOO
https://www.amazon.com/dp/B0CST4W4BB,,,variation,liyyoo
LIYYOO,,,variation,Liyyoo
,,,variation,LiyYoo
,,,variation,Liyoo
,,,variation,LIYOOO
,,,variation,LIYOO
,,,variation,LIYOOO
,,,variation,Liyoo
,,,variation,Liyyo
---,,,,
B000VYKPTG,brand_name,Vaughan,variation,Vaughan
https://www.amazon.com/dp/B000VYKPTG,,,variation,vaughan
Vaughan,,,variation,Vaughn
,,,variation,Vaughan-
,,,variation,Vaugn
,,,variation,Vaughn
,,,variation,Vauhan
,,,variation,Vaugn
,,,variation,Vaughn
,,,variation,Vaughn 
,,,variation,Vaugnn
,,,variation,Vaughn 
,,,variation,Vaughn-
---,,,,
B0DSG22RLG,brand_name,Hutigertech,variation,Hutigertech
https://www.amazon.com/dp/B0DSG22RLG,,,variation,hutigertech
Hutigertech,,,variation,Hutiger Tech
,,,variation,Hutiger-Tech
,,,variation,Hutiger
,,,variation,Hutigerteck
,,,variation,Hutigertechh
,,,variation,Hutigerteh
,,,variation,Hutigertec
,,,variation,Hutigertechs
---,,,,
B000FK3W0K,brand_name,Spring Tools,variation,Spring Tools
https://www.amazon.com/dp/B000FK3W0K,,,variation,spring tools
Spring Tools,,,variation,SpringTools
,,,variation,Spring-Tools
,,,variation,Spring
,,,variation,Sprng Tools
,,,variation,Springg Tools
,,,variation,Sping Tools
,,,variation,Spring Tols
,,,variation,Sprng Tols
,,,variation,Sprng Tols
,,,variation,Spring Toolz
,,,variation,Sprng Toolz
,,,variation,Spring Tols
---,,,,
B00004Z2WT,brand_name,Vaughan,variation,Vaughan
https://www.amazon.com/dp/B00004Z2WT,,,variation,vaughan
Vaughan,,,variation,Vaughn
,,,variation,Vaugn
,,,variation,Vaughan-
,,,variation,Vaughn
,,,variation,Vaugan
,,,variation,Vauhan
,,,variation,Vaughn
,,,variation,Vaughn 
,,,variation,Vaugnn
,,,variation,Vaughn 
,,,variation,Vaugn
---,,,,
B00100DY84,brand_name,Vaughan,variation,Vaughan
https://www.amazon.com/dp/B00100DY84,,,variation,vaughan
Vaughan,,,variation,Vaughn
,,,variation,Vaugn
,,,variation,Vaughn
,,,variation,Vauhan
,,,variation,Vaghn
,,,variation,Vaughn
,,,variation,Vaughn
,,,variation,Vaugn
---,,,,
B00004RAJH,brand_name,True Temper,variation,True Temper
https://www.amazon.com/dp/B00004RAJH,,,variation,true temper
True Temper,,,variation,TrueTemper
,,,variation,True-Temper
,,,variation,True
,,,variation,Tru Temper
,,,variation,Tru Tember
,,,variation,Tru Tempr
,,,variation,Ture Temper
,,,variation,True Tember
,,,variation,Tru Tempur
,,,variation,Tru Tempr
,,,variation,Tru Tmper
,,,variation,Tru Tempr
---,,,,
B000H5XOAG,brand_name,Vaughan,variation,Vaughan
https://www.amazon.com/dp/B000H5XOAG,,,variation,vaughan
Vaughan,,,variation,Vaughn
,,,variation,Vaugn
,,,variation,Vaughn
,,,variation,Vaughn
,,,variation,Vaugan
,,,variation,Vauhan
,,,variation,Vaughn
,,,variation,Vaugn
---,,,,
B002M35RWY,brand_name,Vaughan,variation,Vaughan
https://www.amazon.com/dp/B002M35RWY,,,variation,vaughan
Vaughan,,,variation,Vaughn
,,,variation,Vaugn
,,,variation,Vaughn
,,,variation,Vaughn
,,,variation,Vauhan
,,,variation,Vaughn
,,,variation,Vaugn
,,,variation,Vaughn
,,,variation,Vaugn
---,,,,
B0CST44QLG,brand_name,LIYYOO,variation,LIYYOO
https://www.amazon.com/dp/B0CST44QLG,,,variation,liyyoo
LIYYOO,,,variation,Liyyoo
,,,variation,LiyYoo
,,,variation,Liyoo
,,,variation,LIYOOO
,,,variation,LIYOO
,,,variation,LIYOOO
,,,variation,Liyyo
,,,variation,Liyoo
,,,variation,Liyyo
---,,,,
B078Z2Y3P6,brand_name,Crescent,variation,Crescent
https://www.amazon.com/dp/B078Z2Y3P6,,,variation,crescent
Crescent,,,variation,Cresnt
,,,variation,Cres-cent
,,,variation,Crescentt
,,,variation,Crescentt
,,,variation,Crescentt
,,,variation,Crescentt
,,,variation,Crescentt
,,,variation,Crescentt
---,,,,
B08TM5TRR2,brand_name,JIMIHOME,variation,JIMIHOME
https://www.amazon.com/dp/B08TM5TRR2,,,variation,jimi home
JIMIHOME,,,variation,jimiHome
,,,variation,JIMI-HOME
,,,variation,JimiHome
,,,variation,JIMIHOEM
,,,variation,JIMIHOEME
,,,variation,JIMIHOEM
,,,variation,JIMI HOM
,,,variation,JIMI HME
,,,variation,JIMI H0ME
---,,,,
B07GKXXRLC,brand_name,TOPEMAI,variation,TOPEMAI
https://www.amazon.com/dp/B07GKXXRLC,,,variation,topemai
TOPEMAI,,,variation,Topemai
,,,variation,Tope-Mai
,,,variation,T0PEMAI
,,,variation,TOPEMAI1
,,,variation,Topemaii
,,,variation,Topemaiy
,,,variation,T0PEMAI
,,,variation,T0PE-MAI
---,,,,
B087ZLGRGB,brand_name,KAKO,variation,KAKO
https://www.amazon.com/dp/B087ZLGRGB,,,variation,kako
KAKO,,,variation,K-A-K-O
,,,variation,KAK-O
,,,variation,Kakko
,,,variation,KAKOe
,,,variation,KAKO1
,,,variation,KAKO!
,,,variation,KAKO_
,,,variation,KAKO-
---,,,,
B0B5GMJGZY,brand_name,Merdia,variation,Merdia
https://www.amazon.com/dp/B0B5GMJGZY,,,variation,merdia
Merdia,,,variation,Merdiaa
,,,variation,Merdia-
,,,variation,Merdia 
,,,variation,Merida
,,,variation,Merdiaa
,,,variation,Merdia
,,,variation,Merdia
,,,variation,Merdia
---,,,,
B07MF1M7CQ,brand_name,Merdia,variation,Merdia
https://www.amazon.com/dp/B07MF1M7CQ,,,variation,merdia
Merdia,,,variation,Merdia-
,,,variation,Merida
,,,variation,Merdiaa
,,,variation,Merdia
,,,variation,Merdiaa
,,,variation,Merdia
,,,variation,Merdia
,,,variation,Merdia
---,,,,
B07Q48KVK3,brand_name,LIYYOO,variation,LIYYOO
https://www.amazon.com/dp/B07Q48KVK3,,,variation,liyyoo
LIYYOO,,,variation,Liyyoo
,,,variation,LiyYoo
,,,variation,Liyoo
,,,variation,LIYOOO
,,,variation,LIYOO
,,,variation,LIYOOO
,,,variation,LIYOOO
,,,variation,Liyoo
---,,,,
B08TLMT9MV,brand_name,JIMIHOME,variation,JIMIHOME
https://www.amazon.com/dp/B08TLMT9MV,,,variation,jimihome
JIMIHOME,,,variation,Jimi Home
,,,variation,JimiHome
,,,variation,JIMI-HOME
,,,variation,JIMIHOEM
,,,variation,JIMIHOEME
,,,variation,JIMIHOEM
,,,variation,JIMIHOMEE
,,,variation,JIMI HOM
,,,variation,JIMI HME
,,,variation,JIMI H0ME
,,,variation,JIMI H0M
---,,,,
B087CGM78X,brand_name,KAKO,variation,KAKO
https://www.amazon.com/dp/B087CGM78X,,,variation,kako
KAKO,,,variation,K-A-K-O
,,,variation,Kak-O
,,,variation,Kakoo
,,,variation,KAKOQ
,,,variation,KAKO1
,,,variation,KAKO!
,,,variation,KAKO_
,,,variation,KAKO-
---,,,,
B002YLV0WA,brand_name,Vaughan,variation,Vaughan
https://www.amazon.com/dp/B002YLV0WA,,,variation,vaughan
Vaughan,,,variation,Vaughn
,,,variation,Vaugn
,,,variation,Vaughan-
,,,variation,Vaughn
,,,variation,Vaugan
,,,variation,Vauhan
,,,variation,Vaughn
,,,variation,Vaughn 
,,,variation,Vaugnn
,,,variation,Vaughn 
,,,variation,Vaugn
---,,,,
B0D1K9HZ6K,brand_name,ASDFGHT,variation,ASDFGHT
https://www.amazon.com/dp/B0D1K9HZ6K,,,variation,asdfght
ASDFGHT,,,variation,ASDFGht
,,,variation,ASDF-GHT
,,,variation,ASDF GHT
,,,variation,ASDFGHTT
,,,variation,ASDFGHTY
,,,variation,ASDFGHTE
,,,variation,ASDFGHTD
,,,variation,ASDFGHTH
---,,,,
B0016A2U9M,brand_name,Komelon,variation,Komelon
https://www.amazon.com/dp/B0016A2U9M,,,variation,komelon
Komelon,,,variation,Kome lon
,,,variation,Kome-lon
,,,variation,Komelom
,,,variation,Komelonn
,,,variation,Komelon
,,,variation,Komeon
,,,variation,Komeon
,,,variation,Komelom
---,,,,
B00KG38R56,brand_name,"Swanson Tool Co., Inc",variation,"Swanson Tool Co., Inc"
https://www.amazon.com/dp/B00KG38R56,,,variation,"swanson tool co., inc"
"Swanson Tool Co., Inc",,,variation,SwansonToolCoInc
,,,variation,Swanson-Tool-Co-Inc
,,,variation,Swanson
,,,variation,"Swansn Tool Co., Inc"
,,,variation,Swanson Tool Co Inc
,,,variation,Swansn Tool Co Inc
,,,variation,Swanson Tool Co
,,,variation,"Swanson Tool Co, Inc"
,,,variation,Swansn Tool Co
,,,variation,Swanson Tool Co.
---,,,,
B0B4WLGWY6,brand_name,IVONNEY,variation,IVONNEY
https://www.amazon.com/dp/B0B4WLGWY6,,,variation,ivonney
IVONNEY,,,variation,Ivonney
,,,variation,Ivoenney
,,,variation,IVONNY
,,,variation,IVONNAY
,,,variation,IVONNEY
,,,variation,IVONNIE
,,,variation,Ivoney
,,,variation,Ivonny
---,,,,
B0D1K2FKQ2,brand_name,ASDFGHT,variation,ASDFGHT
https://www.amazon.com/dp/B0D1K2FKQ2,,,variation,asdfght
ASDFGHT,,,variation,ASDFGht
,,,variation,ASDF-GHT
,,,variation,ASDF GHT
,,,variation,ASDFGHTT
,,,variation,ASDFGHTY
,,,variation,ASDFGHTE
,,,variation,ASDFGHTD
,,,variation,ASDFGHTH
---,,,,
B000BQ7WGI,brand_name,Komelon,variation,Komelon
https://www.amazon.com/dp/B000BQ7WGI,,,variation,komelon
Komelon,,,variation,Kome lon
,,,variation,Kome-lon
,,,variation,Komelom
,,,variation,Komelon
,,,variation,Komelonn
,,,variation,Komeloin
,,,variation,Komeon
,,,variation,Komeon
---,,,,
B0016A72BI,brand_name,Komelon,variation,Komelon
https://www.amazon.com/dp/B0016A72BI,,,variation,komelon
Komelon,,,variation,Kome lon
,,,variation,Kome-lon
,,,variation,Komelom
,,,variation,Komelom
,,,variation,Komelom
,,,variation,Komeon
,,,variation,Komeon
,,,variation,Komeon
,,,variation,Komeon
---,,,,
B0BGH6TN89,brand_name,ASDFGHT,variation,ASDFGHT
https://www.amazon.com/dp/B0BGH6TN89,,,variation,asdfght
ASDFGHT,,,variation,Asdfght
,,,variation,ASDF-GHT
,,,variation,ASDF GHT
,,,variation,ASDFGHTT
,,,variation,ASDFGHTY
,,,variation,ASDFGHTH
,,,variation,ASDFGHTJ
,,,variation,ASDFGHTK
---,,,,
