ASIN / Brand,Input Field,Input Value,Type,Variation
B08TQMG7P4,brand_name,Multipet,variation,Multipet
https://www.amazon.com/dp/B08TQMG7P4,,,variation,multipet
Multipet,,,variation,MultiPet
,,,variation,Multi-pet
,,,variation,Mulpitet
,,,variation,Mulpit
,,,variation,Multipet
,,,variation,Multipet
,,,variation,Mupipet
,,,variation,Mulpipet
,,,variation,Mulpit
,,,variation,Mupit
,,,variation,Mulpit
,,,variation,Mupipet
---,,,,
B06XFN1TKL,brand_name,Cool Pup,variation,Cool Pup
https://www.amazon.com/dp/B06XFN1TKL,,,variation,cool pup
Cool Pup,,,variation,CoolPup
,,,variation,Cool-Pup
,,,variation,CoolPup
,,,variation,Coo Pup
,,,variation,CooPup
,,,variation,Cool Pups
,,,variation,Coolpupp
,,,variation,CooPupp
---,,,,
B0046LFZO0,brand_name,Patchwork Pet,variation,Patchwork Pet
https://www.amazon.com/dp/B0046LFZO0,,,variation,patchwork pet
Patchwork Pet,,,variation,PatchworkPet
,,,variation,Patchwork-Pet
,,,variation,Patchwork
,,,variation,Pachwork Pet
,,,variation,Patchwrok Pet
,,,variation,Patchwork Pwt
,,,variation,PachworkPwt
,,,variation,Patchwok Pet
,,,variation,Patchwork PEt
,,,variation,PachworkPett
,,,variation,PatchwrokPett
,,,variation,Patchwrok Pet
---,,,,
B07KJQGGJM,brand_name,Zanies,variation,Zanies
https://www.amazon.com/dp/B07KJQGGJM,,,variation,zanies
Zanies,,,variation,Zanie
,,,variation,Zanise
,,,variation,Zanise
,,,variation,Zaniz
,,,variation,Zanise
,,,variation,Zaniess
,,,variation,Zanies-
,,,variation,Zanies-
,,,variation,Zanizs
,,,variation,Zanise
,,,variation,Zaniz
,,,variation,Zanise
---,,,,
B0C2XTN7BJ,brand_name,Petbobi,variation,Petbobi
https://www.amazon.com/dp/B0C2XTN7BJ,,,variation,petbobi
Petbobi,,,variation,Pet Bobi
,,,variation,pet Bobi
,,,variation,PetboBi
,,,variation,Pettbobi
,,,variation,Petbobi
,,,variation,Pettobi
,,,variation,Petbobi
,,,variation,Petbobi
,,,variation,Petbobi
---,,,,
B00G8FWDQ0,brand_name,Booda,variation,Booda
https://www.amazon.com/dp/B00G8FWDQ0,,,variation,booda
Booda,,,variation,Boda
,,,variation,Booda-
,,,variation,Booda 
,,,variation,Bodda
,,,variation,Boodah
,,,variation,Bodah
,,,variation,Bodaa
,,,variation,Boodo
---,,,,
B0C8T3DFLS,brand_name,Petbobi,variation,Petbobi
https://www.amazon.com/dp/B0C8T3DFLS,,,variation,petbobi
Petbobi,,,variation,Pet Bobi
,,,variation,pet Bobi
,,,variation,Pettbobi
,,,variation,Petbobi
,,,variation,Pettobi
,,,variation,Petbobi
,,,variation,Pebobi
,,,variation,Petbobi
,,,variation,Petbobi
,,,variation,Petbobi
---,,,,
B001ZWQUTC,brand_name,Jolly Pets,variation,Jolly Pets
https://www.amazon.com/dp/B001ZWQUTC,,,variation,jolly pets
Jolly Pets,,,variation,JollyPets
,,,variation,Jolly-Pets
,,,variation,Jolly
,,,variation,Jolly Perts
,,,variation,Jolly Pits
,,,variation,Jolly Ptes
,,,variation,Jolly Ptes
,,,variation,Jolly Petz
,,,variation,Jolly Pits
,,,variation,Jolly Pits
,,,variation,Jolly Pits
,,,variation,Jolly Pits
---,,,,
B0BTDYMPBJ,brand_name,Multipet,variation,Multipet
https://www.amazon.com/dp/B0BTDYMPBJ,,,variation,multipet
Multipet,,,variation,MultiPet
,,,variation,Multi-pet
,,,variation,Mulpipet
,,,variation,Mulpit
,,,variation,Multipet
,,,variation,Multipett
,,,variation,Mulpipet
,,,variation,Mupipet
,,,variation,Mulpipet
---,,,,
B00GY5ZZ7S,brand_name,Petmate,variation,Petmate
https://www.amazon.com/dp/B00GY5ZZ7S,,,variation,petmate
Petmate,,,variation,Pet Mate
,,,variation,pet mate
,,,variation,Petma
,,,variation,Pemate
,,,variation,Petmte
,,,variation,Pemate
,,,variation,Petmatt
,,,variation,Petmatee
---,,,,
B01I5J0CBE,brand_name,Grriggles,variation,Grriggles
https://www.amazon.com/dp/B01I5J0CBE,,,variation,grriggles
Grriggles,,,variation,Grrigles
,,,variation,Grrig-gles
,,,variation,Grriggles
,,,variation,Grriggle
,,,variation,Grrigles
,,,variation,Grriggls
,,,variation,Grriggles
,,,variation,Grrigglez
,,,variation,Grriggles
,,,variation,Grriggles
,,,variation,Grriggles
,,,variation,Grriggles
---,,,,
B00CI50KXW,brand_name,Chuckit!,variation,Chuckit!
https://www.amazon.com/dp/B00CI50KXW,,,variation,chuckit!
Chuckit!,,,variation,Chuckit
,,,variation,Chuck-it
,,,variation,Chuck it
,,,variation,Chukit!
,,,variation,Chukit
,,,variation,Chuk-it
,,,variation,Chuk it
,,,variation,Cuckit!
,,,variation,Chukcit!
,,,variation,Chukit!
,,,variation,Chuckit1
,,,variation,Chuckit!1
---,,,,
B0D8JYLM2B,brand_name,MIGHTY CHEWZ,variation,MIGHTY CHEWZ
https://www.amazon.com/dp/B0D8JYLM2B,,,variation,mighty chewz
MIGHTY CHEWZ,,,variation,MIGHTYCHEWZ
,,,variation,MIGHTY-CHEWZ
,,,variation,MIGHTY
,,,variation,MIGHTY CHEWS
,,,variation,MIGTHY CHEWZ
,,,variation,MIGHTY CHEWES
,,,variation,MIGHTY CHWZ
,,,variation,MIGHTY CHEWZz
---,,,,
B0FMNRLN43,brand_name,Taikcsut,variation,Taikcsut
https://www.amazon.com/dp/B0FMNRLN43,,,variation,taikcsut
Taikcsut,,,variation,Taik-Csut
,,,variation,Taik csut
,,,variation,Taik
,,,variation,Taikcut
,,,variation,Taikc sut
,,,variation,Taikcstut
,,,variation,Taikcstut
,,,variation,Taikcsut
,,,variation,Taikcst
---,,,,
B007R8L47G,brand_name,Zanies,variation,Zanies
https://www.amazon.com/dp/B007R8L47G,,,variation,zanies
Zanies,,,variation,Zanie
,,,variation,Zanise
,,,variation,Zanise
,,,variation,Zaniz
,,,variation,Zanise
,,,variation,Zaniz
,,,variation,Zaniess
,,,variation,Zanies-
,,,variation,Zanise-
,,,variation,Zanies-
,,,variation,Zaniz-
,,,variation,Zaniess-
---,,,,
B005FTMWLG,brand_name,Mammoth Pet Products,variation,Mammoth Pet Products
https://www.amazon.com/dp/B005FTMWLG,,,variation,mammoth pet products
Mammoth Pet Products,,,variation,MammothPetProducts
,,,variation,Mammoth-Pet-Products
,,,variation,Mammoth
,,,variation,Mammoth Pet Prodcts
,,,variation,Mammoth Pet Producs
,,,variation,Mammoth Pwt Products
,,,variation,Mammoth Pet Prducts
,,,variation,Mammoth Pet Producs
---,,,,
B0C8SZPRC3,brand_name,Petbobi,variation,Petbobi
https://www.amazon.com/dp/B0C8SZPRC3,,,variation,petbobi
Petbobi,,,variation,Pet Bobi
,,,variation,pet Bobi
,,,variation,Petbobi
,,,variation,Pettbobi
,,,variation,Petbobi
,,,variation,Pettobi
,,,variation,Petbobi
,,,variation,Petbobi
,,,variation,Peybobi
,,,variation,Petbobi
,,,variation,Petbobi
,,,variation,Petbobi
---,,,,
B0FPLDJSWY,brand_name,Petbobi,variation,Petbobi
https://www.amazon.com/dp/B0FPLDJSWY,,,variation,petbobi
Petbobi,,,variation,Pet Bobi
,,,variation,pet Bobi
,,,variation,Pettbobi
,,,variation,Petbobi
,,,variation,Pettobi
,,,variation,Petbobi
,,,variation,Pebobi
,,,variation,Petbobi
,,,variation,Petbobi
,,,variation,Petbobi
---,,,,
B00GGHJPLG,brand_name,Fluval,variation,Fluval
https://www.amazon.com/dp/B00GGHJPLG,,,variation,fluval
Fluval,,,variation,Fluval-
,,,variation,Fluval 
,,,variation,Fluvall
,,,variation,Fluvalq
,,,variation,Fluvl
,,,variation,Fluvalz
,,,variation,Fluval1
,,,variation,Fluval2
---,,,,
B01KIRZJ3C,brand_name,Boss Pet,variation,Boss Pet
https://www.amazon.com/dp/B01KIRZJ3C,,,variation,boss pet
Boss Pet,,,variation,BossPet
,,,variation,Boss-Pet
,,,variation,BossPet
,,,variation,Bos Pet
,,,variation,Bss Pet
,,,variation,Boss PEt
,,,variation,Bosspet
,,,variation,B0ss Pet
---,,,,
B0CQX3JM9F,brand_name,Sebaoyu,variation,Sebaoyu
https://www.amazon.com/dp/B0CQX3JM9F,,,variation,sebaoyu
Sebaoyu,,,variation,Sebaoyou
,,,variation,Seba-oyu
,,,variation,Sebaoy
,,,variation,Seboyu
,,,variation,Sebaou
,,,variation,Sebaoy
,,,variation,Sebaoyy
,,,variation,Sebaouy
---,,,,
B003AC1Z4A,brand_name,Guardian Gear,variation,Guardian Gear
https://www.amazon.com/dp/B003AC1Z4A,,,variation,guardian gear
Guardian Gear,,,variation,GuardianGear
,,,variation,Guardian-Gear
,,,variation,Guardian
,,,variation,Guadian Gear
,,,variation,Guaridan Gear
,,,variation,Guradian Gear
,,,variation,Gurdian Gear
,,,variation,Guradian Geer
---,,,,
B00TEEGNG8,brand_name,Pets First,variation,Pets First
https://www.amazon.com/dp/B00TEEGNG8,,,variation,pets first
Pets First,,,variation,PetsFirst
,,,variation,Pets-First
,,,variation,PetsFirst
,,,variation,Pet First
,,,variation,Petz First
,,,variation,Pets Frist
,,,variation,Pets FIrst
,,,variation,Pets Firat
,,,variation,Petz FIrst
,,,variation,Petz First
,,,variation,Petz Frist
---,,,,
B0BXGR2HJ6,brand_name,Yikeyo,variation,Yikeyo
https://www.amazon.com/dp/B0BXGR2HJ6,,,variation,yikeyo
Yikeyo,,,variation,Yik eyo
,,,variation,Yikeyo
,,,variation,Yikeyo
,,,variation,Yikeyo
,,,variation,Yikeyo
,,,variation,Yikeyo
,,,variation,Yikeyo
,,,variation,Yikeyo
---,,,,
B004FVS39A,brand_name,Zack & Zoey,variation,Zack & Zoey
https://www.amazon.com/dp/B004FVS39A,,,variation,zack & zoey
Zack & Zoey,,,variation,ZackandZoey
,,,variation,Zack-Zoey
,,,variation,Zack Zoey
,,,variation,Zack
,,,variation,Zack & Zoy
,,,variation,Zack & Zoyy
,,,variation,Zack & Zoeyy
,,,variation,Zack & Zoeyy
---,,,,
B0CQX5BBJ1,brand_name,Sebaoyu,variation,Sebaoyu
https://www.amazon.com/dp/B0CQX5BBJ1,,,variation,sebaoyu
Sebaoyu,,,variation,Sebaoyou
,,,variation,Seba-oyu
,,,variation,Seb-oyu
,,,variation,Sebaou
,,,variation,Sebaoy
,,,variation,Sebaoyy
,,,variation,Sebaouy
,,,variation,Sebaoyou
,,,variation,Sebaoyuu
,,,variation,Sebaoy
,,,variation,Sebaouu
---,,,,
B0CQX4HKV4,brand_name,Sebaoyu,variation,Sebaoyu
https://www.amazon.com/dp/B0CQX4HKV4,,,variation,sebaoyu
Sebaoyu,,,variation,Sebaoyou
,,,variation,Seba-yu
,,,variation,Sebaou
,,,variation,Sebaoy
,,,variation,Sebaoyuu
,,,variation,Sebaoy
,,,variation,Sebaouy
,,,variation,Sebaoy
---,,,,
B00TEEGM82,brand_name,Pets First,variation,Pets First
https://www.amazon.com/dp/B00TEEGM82,,,variation,pets first
Pets First,,,variation,PetsFirst
,,,variation,Pets-First
,,,variation,PetsFirst
,,,variation,Pet First
,,,variation,Petz First
,,,variation,Pets FIrst
,,,variation,Pets FIrstt
,,,variation,Pets Firrst
,,,variation,Petz FIrst
,,,variation,Petz First
,,,variation,Petz FIrstt
---,,,,
B091CRZ673,brand_name,Yikeyo,variation,Yikeyo
https://www.amazon.com/dp/B091CRZ673,,,variation,yikeyo
Yikeyo,,,variation,Yik eyo
,,,variation,Yikeyo
,,,variation,Yikeyo
,,,variation,Yikeyo
,,,variation,Yikeyo
,,,variation,Yikeyo
,,,variation,Yikeyo
,,,variation,Yikeyo
---,,,,
B0CQX5SQBF,brand_name,Sebaoyu,variation,Sebaoyu
https://www.amazon.com/dp/B0CQX5SQBF,,,variation,sebaoyu
Sebaoyu,,,variation,Sebaoyou
,,,variation,Seba-oyu
,,,variation,Sebao-yu
,,,variation,Sebaou
,,,variation,Sebaoy
,,,variation,Sebaoyy
,,,variation,Sebaouy
,,,variation,Sebaoyou
---,,,,
B09VBYQJZJ,brand_name,Sebaoyu,variation,Sebaoyu
https://www.amazon.com/dp/B09VBYQJZJ,,,variation,sebaoyu
Sebaoyu,,,variation,Sebaoyou
,,,variation,Seba-oyu
,,,variation,Sebao-yu
,,,variation,Sebaoy
,,,variation,Sebauyu
,,,variation,Sebaou
,,,variation,Sebaoy
,,,variation,Sebaoyy
,,,variation,Sebaouy
---,,,,
B001B4SIDU,brand_name,Coastal,variation,Coastal
https://www.amazon.com/dp/B001B4SIDU,,,variation,coastal
Coastal,,,variation,Coastal-
,,,variation,Coastal 
,,,variation,Coastl
,,,variation,Coastel
,,,variation,Coadtal
,,,variation,Coastal
,,,variation,Coastl
,,,variation,Cotal
---,,,,
B0CQX68G4W,brand_name,Sebaoyu,variation,Sebaoyu
https://www.amazon.com/dp/B0CQX68G4W,,,variation,sebaoyu
Sebaoyu,,,variation,Sebaoyou
,,,variation,Seba-oyu
,,,variation,Seb-oyu
,,,variation,Sebaou
,,,variation,Sebaoy
,,,variation,Sebaoyt
,,,variation,Sebaoyq
,,,variation,Sebaouy
,,,variation,Sebaoyuu
,,,variation,Sebaoy
,,,variation,Sebaoyou
---,,,,
B0CQX3RPYS,brand_name,Sebaoyu,variation,Sebaoyu
https://www.amazon.com/dp/B0CQX3RPYS,,,variation,sebaoyu
Sebaoyu,,,variation,Sebaoyou
,,,variation,Seba-oyu
,,,variation,Seb-oyu
,,,variation,Sebaou
,,,variation,Sebaoy
,,,variation,Sebaoyy
,,,variation,Sebaouy
,,,variation,Sebaoyou
,,,variation,Sebaoy
,,,variation,Sebaouu
---,,,,
B0CQX4SCV3,brand_name,Sebaoyu,variation,Sebaoyu
https://www.amazon.com/dp/B0CQX4SCV3,,,variation,sebaoyu
Sebaoyu,,,variation,Sebaoyou
,,,variation,Seba-oyu
,,,variation,Sebao-yu
,,,variation,Sebaoy
,,,variation,Sebauyu
,,,variation,Sebaou
,,,variation,Sebaoy
,,,variation,Sebaoyy
,,,variation,Sebaouy
,,,variation,Sebaoyou
---,,,,
B0CQX5YDQG,brand_name,Sebaoyu,variation,Sebaoyu
https://www.amazon.com/dp/B0CQX5YDQG,,,variation,sebaoyu
Sebaoyu,,,variation,Sebaoyou
,,,variation,Seba-oyu
,,,variation,Seb-oyu
,,,variation,Sebaou
,,,variation,Sebaoy
,,,variation,Sebaoyy
,,,variation,Sebaouy
,,,variation,Sebaoyou
,,,variation,Sebaoy
,,,variation,Sebaouu
---,,,,
B0CQX67WRJ,brand_name,Sebaoyu,variation,Sebaoyu
https://www.amazon.com/dp/B0CQX67WRJ,,,variation,sebaoyu
Sebaoyu,,,variation,Sebaoyou
,,,variation,Seba-oyu
,,,variation,Sebao-yu
,,,variation,Sebaoy
,,,variation,Sebauyu
,,,variation,Sebaou
,,,variation,Sebaoy
,,,variation,Sebaoyy
,,,variation,Sebaouy
,,,variation,Sebaoyou
---,,,,
B0CQX4QTY6,brand_name,Sebaoyu,variation,Sebaoyu
https://www.amazon.com/dp/B0CQX4QTY6,,,variation,sebaoyu
Sebaoyu,,,variation,Sebaoyou
,,,variation,Seba-oyu
,,,variation,Seb-oyu
,,,variation,Sebaou
,,,variation,Sebaoy
,,,variation,Sebaoyt
,,,variation,Sebaoyq
,,,variation,Sebaoyl
,,,variation,Sebaouy
,,,variation,Sebaoyuu
,,,variation,Sebaoy
,,,variation,Sebaouyu
---,,,,
B004LODILE,brand_name,Coastal,variation,Coastal
https://www.amazon.com/dp/B004LODILE,,,variation,coastal
Coastal,,,variation,Coastal-
,,,variation,Coast-al
,,,variation,Coastl
,,,variation,Coastl
,,,variation,Cotal
,,,variation,Coastel
,,,variation,Coastl
,,,variation,Coustal
,,,variation,Coastel
,,,variation,Coustel
,,,variation,Cotal
---,,,,
B0CQX43FHZ,brand_name,Sebaoyu,variation,Sebaoyu
https://www.amazon.com/dp/B0CQX43FHZ,,,variation,sebaoyu
Sebaoyu,,,variation,Sebaoyou
,,,variation,Seba-oyu
,,,variation,Sebao-yu
,,,variation,Sebaoy
,,,variation,Sebauyu
,,,variation,Sebaou
,,,variation,Sebaoy
,,,variation,Sebaoyy
,,,variation,Sebaouy
,,,variation,Sebaoyou
---,,,,
B0DB2377Y1,brand_name,Yikeyo,variation,Yikeyo
https://www.amazon.com/dp/B0DB2377Y1,,,variation,yikeyo
Yikeyo,,,variation,Yik eyo
,,,variation,Yikeyo
,,,variation,Yikeyo
,,,variation,Yikeyo
,,,variation,Yikeyo
,,,variation,Yikeyo
,,,variation,Yikeyo
,,,variation,Yikeyo
---,,,,
B0CFKM6P5V,brand_name,Sebaoyu,variation,Sebaoyu
https://www.amazon.com/dp/B0CFKM6P5V,,,variation,sebaoyu
Sebaoyu,,,variation,Sebaoyou
,,,variation,Seba-oyu
,,,variation,Sebao-yu
,,,variation,Sebaoy
,,,variation,Sebauyu
,,,variation,Sebaou
,,,variation,Sebaoy
,,,variation,Sebaouy
---,,,,
B0CM8P42CX,brand_name,Wansommy,variation,Wansommy
https://www.amazon.com/dp/B0CM8P42CX,,,variation,wansommy
Wansommy,,,variation,Wansomy
,,,variation,Wansommy
,,,variation,Wansomy
,,,variation,Wansomy
,,,variation,Wansomm
,,,variation,Wansomy
,,,variation,Wansomy
,,,variation,Wansomy
,,,variation,Wansomy
---,,,,
B000W5UYUO,brand_name,Casual Canine,variation,Casual Canine
https://www.amazon.com/dp/B000W5UYUO,,,variation,casual canine
Casual Canine,,,variation,CasualCanine
,,,variation,Casual-Canine
,,,variation,Casual
,,,variation,Casul Canine
,,,variation,Causal Canine
,,,variation,Casuall Canine
,,,variation,Casu Canine
,,,variation,Casual Canin
,,,variation,Casuall Canin
,,,variation,Casuall Canine
,,,variation,Casu Canin
---,,,,
B09VC7JS3Y,brand_name,Firpus,variation,Firpus
https://www.amazon.com/dp/B09VC7JS3Y,,,variation,firpus
Firpus,,,variation,FirPus
,,,variation,Fir-pus
,,,variation,Firpuss
,,,variation,Firpuz
,,,variation,Firpys
,,,variation,Firpux
,,,variation,Firpys
,,,variation,Firpuz
---,,,,
B0BG8NBF6P,brand_name,Sebaoyu,variation,Sebaoyu
https://www.amazon.com/dp/B0BG8NBF6P,,,variation,sebaoyu
Sebaoyu,,,variation,Sebaoyou
,,,variation,Seba-oyu
,,,variation,Sebao-yu
,,,variation,Sebaoy
,,,variation,Sebauyu
,,,variation,Sebaou
,,,variation,Sebaoy
,,,variation,Sebaoyy
,,,variation,Sebaouy
---,,,,
B0BRXKG65Q,brand_name,Sebaoyu,variation,Sebaoyu
https://www.amazon.com/dp/B0BRXKG65Q,,,variation,sebaoyu
Sebaoyu,,,variation,Sebaoyou
,,,variation,Seba-oyu
,,,variation,Sebaoy
,,,variation,Seboyu
,,,variation,Sebaou
,,,variation,Sebaoyy
,,,variation,Sebaoy
,,,variation,Sebaouy
---,,,,
B09S9R4VKZ,brand_name,Sebaoyu,variation,Sebaoyu
https://www.amazon.com/dp/B09S9R4VKZ,,,variation,sebaoyu
Sebaoyu,,,variation,Sebaoyou
,,,variation,Seba-oyu
,,,variation,Sebao-yu
,,,variation,Sebaoy
,,,variation,Sebauyu
,,,variation,Sebaou
,,,variation,Sebaoy
,,,variation,Sebaoyy
---,,,,
B0FQB18ZLF,brand_name,Yikeyo,variation,Yikeyo
https://www.amazon.com/dp/B0FQB18ZLF,,,variation,yikeyo
Yikeyo,,,variation,Yik eyo
,,,variation,Yikeyo-
,,,variation,Yikeyo1
,,,variation,Yikeyo2
,,,variation,Yikeyo3
,,,variation,Yikeyo4
,,,variation,Yikeyo5
,,,variation,Yikeyo6
,,,variation,Yikeyo7
,,,variation,Yikeyo8
,,,variation,Yikeyo9
,,,variation,Yikeyo0
---,,,,
B09SQ3QKJL,brand_name,Sebaoyu,variation,Sebaoyu
https://www.amazon.com/dp/B09SQ3QKJL,,,variation,sebaoyu
Sebaoyu,,,variation,Sebaoyou
,,,variation,Seba-oyu
,,,variation,Sebao-yu
,,,variation,Sebaou
,,,variation,Sebaoy
,,,variation,Sebaoyy
,,,variation,Sebaouy
,,,variation,Sebaoyou
---,,,,
B0FSQ6LCNC,brand_name,Sebaoyu,variation,Sebaoyu
https://www.amazon.com/dp/B0FSQ6LCNC,,,variation,sebaoyu
Sebaoyu,,,variation,Sebaoyou
,,,variation,Seba-oyu
,,,variation,Sebao-yu
,,,variation,Sebaou
,,,variation,Sebaoy
,,,variation,Sebaoyy
,,,variation,Sebaouy
,,,variation,Sebaoyou
---,,,,
B0BG8PDGQB,brand_name,Sebaoyu,variation,Sebaoyu
https://www.amazon.com/dp/B0BG8PDGQB,,,variation,sebaoyu
Sebaoyu,,,variation,Sebaoy
,,,variation,Seba-oyu
,,,variation,Sebao-yu
,,,variation,Sebaou
,,,variation,Sebaoy
,,,variation,Sebaoyy
,,,variation,Sebaouy
,,,variation,Sebaoyou
---,,,,
B0DSB8DR34,brand_name,Yikeyo,variation,Yikeyo
https://www.amazon.com/dp/B0DSB8DR34,,,variation,yikeyo
Yikeyo,,,variation,Yik eyo
,,,variation,Yikeyo-
,,,variation,Yikeyo1
,,,variation,Yikeyo2
,,,variation,Yikeyo3
,,,variation,Yikeyo4
,,,variation,Yikeyo5
,,,variation,Yikeyo6
,,,variation,Yikeyo7
,,,variation,Yikeyo8
,,,variation,Yikeyo9
,,,variation,Yikeyo0
---,,,,
B0D93PRVZQ,brand_name,Sebaoyu,variation,Sebaoyu
https://www.amazon.com/dp/B0D93PRVZQ,,,variation,sebaoyu
Sebaoyu,,,variation,Sebaoyou
,,,variation,Seba-oyu
,,,variation,Seb-oyu
,,,variation,Sebaou
,,,variation,Sebaoy
,,,variation,Sebaoyy
,,,variation,Sebaouy
,,,variation,Sebaoyou
,,,variation,Sebaoy
,,,variation,Sebaouu
---,,,,
B09J8NPC1Q,brand_name,Yikeyo,variation,Yikeyo
https://www.amazon.com/dp/B09J8NPC1Q,,,variation,yikeyo
Yikeyo,,,variation,Yik eyo
,,,variation,Yikeyo-
,,,variation,Yikeyo1
,,,variation,Yikeyo-1
,,,variation,Yikeyo-2
,,,variation,Yikeyo-3
,,,variation,Yikeyo-4
,,,variation,Yikeyo-5
,,,variation,Yikeyo-6
,,,variation,Yikeyo-7
,,,variation,Yikeyo-8
,,,variation,Yikeyo-9
---,,,,
B0CY1VC8KZ,brand_name,Yikeyo,variation,Yikeyo
https://www.amazon.com/dp/B0CY1VC8KZ,,,variation,yikeyo
Yikeyo,,,variation,Yik eyo
,,,variation,Yikeyo-
,,,variation,Yikeyo1
,,,variation,Yikeyo-1
,,,variation,Yikeyo1
,,,variation,Yikeyo1
,,,variation,Yikeyo1
,,,variation,Yikeyo1
---,,,,
B0BTH3VY87,brand_name,Yikeyo,variation,Yikeyo
https://www.amazon.com/dp/B0BTH3VY87,,,variation,yikeyo
Yikeyo,,,variation,Yik eyo
,,,variation,Yikeyo
,,,variation,Yikeyo
,,,variation,Yikeyo
,,,variation,Yikeyo
,,,variation,Yikeyo
,,,variation,Yikeyo
,,,variation,Yikeyo
---,,,,
B08Y9449LP,brand_name,Sebaoyu,variation,Sebaoyu
https://www.amazon.com/dp/B08Y9449LP,,,variation,sebaoyu
Sebaoyu,,,variation,Sebaoyou
,,,variation,Seba-oyu
,,,variation,Sebao-yu
,,,variation,Sebaoy
,,,variation,Sebauyu
,,,variation,Sebaou
,,,variation,Sebaoy
,,,variation,Sebaoyou
---,,,,
B09FLPR7CP,brand_name,Sebaoyu,variation,Sebaoyu
https://www.amazon.com/dp/B09FLPR7CP,,,variation,sebaoyu
Sebaoyu,,,variation,Sebaoyou
,,,variation,Seba-oyu
,,,variation,Sebao-yu
,,,variation,Sebaoy
,,,variation,Sebauyu
,,,variation,Sebaou
,,,variation,Sebaoy
,,,variation,Sebaoyy
,,,variation,Sebaouy
,,,variation,Sebaoyou
---,,,,
B0BTH1793B,brand_name,Yikeyo,variation,Yikeyo
https://www.amazon.com/dp/B0BTH1793B,,,variation,yikeyo
Yikeyo,,,variation,Yik eyo
,,,variation,Yik-eyo
,,,variation,Yikeyo
,,,variation,Yikeyo
,,,variation,Yikeyo
,,,variation,Yikeyo
,,,variation,Yikeyo
,,,variation,Yikeyo
---,,,,
B071L5K18X,brand_name,Vita Bone,variation,Vita Bone
https://www.amazon.com/dp/B071L5K18X,,,variation,vita bone
Vita Bone,,,variation,VitaBone
,,,variation,Vita-Bone
,,,variation,Vita
,,,variation,Vita Bne
,,,variation,Vita Bne
,,,variation,Vita Bne
,,,variation,Vita Bne
,,,variation,Vita Bne
,,,variation,Vita Bne
,,,variation,Vita Bne
,,,variation,Vita Bne
,,,variation,Vita Bne
---,,,,
B0C5HFYQ7Z,brand_name,MIGHTY CHEWZ,variation,MIGHTY CHEWZ
https://www.amazon.com/dp/B0C5HFYQ7Z,,,variation,mighty chewz
MIGHTY CHEWZ,,,variation,MIGHTYCHEWZ
,,,variation,MIGHTY-CHEWZ
,,,variation,MIGHTY
,,,variation,MIGHTY CHEWS
,,,variation,MIGHTY CHEW
,,,variation,MIGHTY CHWZ
,,,variation,MIGTHY CHEWZ
,,,variation,MIGHTY CHEWZz
,,,variation,MIGHTY CHEWZs
,,,variation,MIGHTY CHEWZ!
,,,variation,MIGHTY CHEWZ1
---,,,,
B01CPR12SO,brand_name,Seachem,variation,Seachem
https://www.amazon.com/dp/B01CPR12SO,,,variation,seachem
Seachem,,,variation,Seachm
,,,variation,Seacm
,,,variation,Seachemm
,,,variation,Seachem
,,,variation,Seacheem
,,,variation,Sachem
,,,variation,Seacchem
,,,variation,Seacham
,,,variation,Seachemn
,,,variation,Seachm
,,,variation,Seachem
,,,variation,Seachem
---,,,,
B0013AZYKW,brand_name,Audubon Park,variation,Audubon Park
https://www.amazon.com/dp/B0013AZYKW,,,variation,audubon park
Audubon Park,,,variation,AudubonPark
,,,variation,Audubon-Park
,,,variation,Audubon
,,,variation,Audubon PArk
,,,variation,Audubom Park
,,,variation,Audubon PAr
,,,variation,Audubon Pk
,,,variation,Audubonpar
---,,,,
B006OP4U10,brand_name,Stewart,variation,Stewart
https://www.amazon.com/dp/B006OP4U10,,,variation,stewart
Stewart,,,variation,Stewart-
,,,variation,Stewart 
,,,variation,Stewrt
,,,variation,Stewartt
,,,variation,Stewarrt
,,,variation,Stewrat
,,,variation,Sewart
,,,variation,Stewartt
,,,variation,Stewrtw
---,,,,
B01NA9AJPS,brand_name,Supreme Petfoods,variation,Supreme Petfoods
https://www.amazon.com/dp/B01NA9AJPS,,,variation,supreme petfoods
Supreme Petfoods,,,variation,SupremePetfoods
,,,variation,Supreme-Petfoods
,,,variation,Supreme
,,,variation,Suprme Petfoods
,,,variation,Supreme Petfods
,,,variation,Supreme Peffoods
,,,variation,Sopreme Petfoods
,,,variation,Supreme Petfoos
---,,,,
B0C5HFKRPQ,brand_name,MIGHTY CHEWZ,variation,MIGHTY CHEWZ
https://www.amazon.com/dp/B0C5HFKRPQ,,,variation,mighty chewz
MIGHTY CHEWZ,,,variation,MightyChewz
,,,variation,Mighty-Chewz
,,,variation,Mighty
,,,variation,MIGHTY CHWZ
,,,variation,MIGHTY CHEW
,,,variation,MIGHTY CHEWZZ
,,,variation,MIGHTY CHEWZz
,,,variation,MIGHTY CHEWZ1
---,,,,
B07PXMHQ5H,brand_name,Supreme Source,variation,Supreme Source
https://www.amazon.com/dp/B07PXMHQ5H,,,variation,supreme source
Supreme Source,,,variation,SupremeSource
,,,variation,Supreme-Source
,,,variation,Supreme
,,,variation,Suprme Source
,,,variation,Supreme Soruce
,,,variation,Supreme Sourc
,,,variation,Sopreme Source
,,,variation,Supreme Sorce
,,,variation,Sourc Supreme
,,,variation,Supreme Sourcce
,,,variation,Sourc Suprem
---,,,,
B0002DILTM,brand_name,Nekton,variation,Nekton
https://www.amazon.com/dp/B0002DILTM,,,variation,nekton
Nekton,,,variation,Nekton-
,,,variation,Nekton 
,,,variation,Nektonn
,,,variation,Nektonn
,,,variation,Nektonn
,,,variation,Nektonn
,,,variation,Nektonn
,,,variation,Nektonn
---,,,,
B0037UZZVE,brand_name,Audubon Park,variation,Audubon Park
https://www.amazon.com/dp/B0037UZZVE,,,variation,audubon park
Audubon Park,,,variation,AudubonPark
,,,variation,Audubon-Park
,,,variation,Audubon
,,,variation,Audubon PArk
,,,variation,Audubom Park
,,,variation,Audubon PAr
,,,variation,Audubon Pk
,,,variation,Audubon Par
---,,,,
B002DZK442,brand_name,Zoo Med,variation,Zoo Med
https://www.amazon.com/dp/B002DZK442,,,variation,zoo med
Zoo Med,,,variation,ZooMed
,,,variation,Zoo-Med
,,,variation,ZooMed
,,,variation,ZooMedd
,,,variation,Zoo Meed
,,,variation,Zoo Medd
,,,variation,ZooMEd
,,,variation,ZooMEd
,,,variation,Z0o Med
,,,variation,Z0oMEd
,,,variation,Zou Med
---,,,,
B097HYTT5K,brand_name,Hero (Caitec),variation,Hero
https://www.amazon.com/dp/B097HYTT5K,,,variation,hero
Hero (Caitec),,,variation,HeRo
,,,variation,Hero-
,,,variation,Hro
,,,variation,Heroe
,,,variation,Heroo
,,,variation,Heroq
,,,variation,Hiro
,,,variation,Hero Caitec
,,,variation,Haro
,,,variation,Heroe Caitec
,,,variation,Haro Caitec
,,,variation,Hiro Caitec
---,,,,
B002DW0FI0,brand_name,OSI,variation,OSI
https://www.amazon.com/dp/B002DW0FI0,,,variation,osi
OSI,,,variation,OsI
,,,variation,O-S-I
,,,variation,Osi
,,,variation,Osiq
,,,variation,OSIi
,,,variation,OIS
,,,variation,O-SI
,,,variation,O-S-I
,,,variation,Osiq
,,,variation,Osi
,,,variation,Osi-
---,,,,
B07SNWNSSD,brand_name,Twistix,variation,Twistix
https://www.amazon.com/dp/B07SNWNSSD,,,variation,twistix
Twistix,,,variation,Twist-ix
,,,variation,Twist ix
,,,variation,Twistixx
,,,variation,Twistixs
,,,variation,Twistixc
,,,variation,Tiwstix
,,,variation,Twistx
,,,variation,Twistik
---,,,,
B00FBNMJAU,brand_name,Nylabone,variation,Nylabone
https://www.amazon.com/dp/B00FBNMJAU,,,variation,nylabone
Nylabone,,,variation,NylaBone
,,,variation,Nyla-bone
,,,variation,Nyla Bone
,,,variation,Nylabn
,,,variation,Nylabonee
,,,variation,Nylabonee
,,,variation,Nylabone
,,,variation,Nylabone
,,,variation,Nylabone
---,,,,
B004PB924A,brand_name,Zoo Med,variation,Zoo Med
https://www.amazon.com/dp/B004PB924A,,,variation,zoo med
Zoo Med,,,variation,ZooMed
,,,variation,Zoo-Med
,,,variation,ZooMed
,,,variation,ZooMedd
,,,variation,Zoo Medd
,,,variation,Z0o Med
,,,variation,ZooMEd
,,,variation,Z0oMEd
,,,variation,Z0o-Med
,,,variation,Z0oMed
,,,variation,Z0o-Medd
---,,,,
B07YLLDC1H,brand_name,Vitakraft,variation,Vitakraft
https://www.amazon.com/dp/B07YLLDC1H,,,variation,vitakraft
Vitakraft,,,variation,Vitak raf
,,,variation,Vita kraft
,,,variation,Vitakraftt
,,,variation,Vitakraftd
,,,variation,Vitakraftf
,,,variation,Vitakraftt
,,,variation,Vtakraft
,,,variation,Vitakraftt
---,,,,
B0842ZX7K8,brand_name,FFKQBH,variation,FFKQBH
https://www.amazon.com/dp/B0842ZX7K8,,,variation,ffkqbh
FFKQBH,,,variation,Ffkqbh
,,,variation,F-F-K-Q-B-H
,,,variation,F F K Q B H
,,,variation,FFKQBHh
,,,variation,FFKQBH1
,,,variation,FFKQBH!
,,,variation,FFKQBH@
,,,variation,FFKQBH#
---,,,,
B00BUFZ96E,brand_name,Python,variation,Python
https://www.amazon.com/dp/B00BUFZ96E,,,variation,python
Python,,,variation,Pythn
,,,variation,Pyth-on
,,,variation,Python
,,,variation,Pythn
,,,variation,Pythn
,,,variation,Pithon
,,,variation,Pythn
,,,variation,Pythn
---,,,,
B0DK3BGMHL,brand_name,Deconovo,variation,Deconovo
https://www.amazon.com/dp/B0DK3BGMHL,,,variation,deconovo
Deconovo,,,variation,Decon Ovo
,,,variation,decon ovo
,,,variation,Decon-ovo
,,,variation,Deconov
,,,variation,Deconovo
,,,variation,Deconvo
,,,variation,Dconovo
,,,variation,Deconovo
,,,variation,Deconovo
,,,variation,Deconovo
---,,,,
B0928B6H3J,brand_name,Sweet Goodbye,variation,Sweet Goodbye
https://www.amazon.com/dp/B0928B6H3J,,,variation,sweet goodbye
Sweet Goodbye,,,variation,SweetGoodbye
,,,variation,Sweet-Goodbye
,,,variation,Sweet
,,,variation,Sweeet Goodbye
,,,variation,Swet Goodbye
,,,variation,Swt Goodbye
,,,variation,Swee Goodbye
,,,variation,Sweeet Goodby
---,,,,
B0DDPHV6D4,brand_name,CHARMMA,variation,CHARMMA
https://www.amazon.com/dp/B0DDPHV6D4,,,variation,charmma
CHARMMA,,,variation,Charmma
,,,variation,Charm-Ma
,,,variation,Charma
,,,variation,Charrmma
,,,variation,CHAMMA
,,,variation,CHARMMAA
,,,variation,CHRMMA
,,,variation,CHAMRMA
---,,,,
B092D3YDHF,brand_name,KingCamp,variation,KingCamp
https://www.amazon.com/dp/B092D3YDHF,,,variation,kingcamp
KingCamp,,,variation,King Camp
,,,variation,king Camp
,,,variation,KIngCamp
,,,variation,KIng-Camp
,,,variation,KIngCamp
,,,variation,KngCamp
,,,variation,KingCmap
,,,variation,KIngCmap
,,,variation,KIng-Camp
,,,variation,Kng-Camp
,,,variation,Kng-Camp
,,,variation,KIng-Camp
---,,,,
B0DGG513DX,brand_name,Deconovo,variation,Deconovo
https://www.amazon.com/dp/B0DGG513DX,,,variation,deconovo
Deconovo,,,variation,Decon Ovo
,,,variation,decon ovo
,,,variation,Decon-ovo
,,,variation,Deconov
,,,variation,Deconovo
,,,variation,Deconovo
,,,variation,Dconovo
,,,variation,Deconvo
,,,variation,Deconovo
,,,variation,Deconovo
,,,variation,Deconovo
,,,variation,Deconovo
---,,,,
B0DK3C6M1D,brand_name,Deconovo,variation,Deconovo
https://www.amazon.com/dp/B0DK3C6M1D,,,variation,deconovo
Deconovo,,,variation,Decon Ovo
,,,variation,decon ovo
,,,variation,Decon-ovo
,,,variation,Deconov
,,,variation,Deconovo
,,,variation,Deconovo
,,,variation,Dconovo
,,,variation,Deconvo
,,,variation,Deconovo
,,,variation,Deconovo
,,,variation,Deconovo
,,,variation,Deconovo
---,,,,
B07BD4KS1X,brand_name,Sweet Goodbye,variation,Sweet Goodbye
https://www.amazon.com/dp/B07BD4KS1X,,,variation,sweet goodbye
Sweet Goodbye,,,variation,SweetGoodbye
,,,variation,Sweet-Goodbye
,,,variation,Sweet
,,,variation,Sweeet Goodbye
,,,variation,Swet Goodbye
,,,variation,Swt Goodbye
,,,variation,Swee Goodbye
,,,variation,Sweeet Goodby
---,,,,
B0928B24WK,brand_name,Sweet Goodbye,variation,Sweet Goodbye
https://www.amazon.com/dp/B0928B24WK,,,variation,sweet goodbye
Sweet Goodbye,,,variation,SweetGoodbye
,,,variation,Sweet-Goodbye
,,,variation,Sweet
,,,variation,Sweeet Goodbye
,,,variation,Swet Goodbye
,,,variation,Swt Goodbye
,,,variation,Swee Goodbye
,,,variation,Sweeet Goodby
---,,,,
B0DFM16VD4,brand_name,Deconovo,variation,Deconovo
https://www.amazon.com/dp/B0DFM16VD4,,,variation,deconovo
Deconovo,,,variation,Decon Ovo
,,,variation,decon Ovo
,,,variation,Decon-ovo
,,,variation,Deconov
,,,variation,Deconovo
,,,variation,Deconovo
,,,variation,Dconovo
,,,variation,Deconovo
,,,variation,Deconovo
---,,,,
B0DPYN9WZB,brand_name,Deconovo,variation,Deconovo
https://www.amazon.com/dp/B0DPYN9WZB,,,variation,deconovo
Deconovo,,,variation,Decon Ovo
,,,variation,decon ovo
,,,variation,Decon-ovo
,,,variation,Deconov
,,,variation,Deconovo
,,,variation,Deconovo
,,,variation,Dconovo
,,,variation,Deconovo
,,,variation,Deconovo
---,,,,
B0DPX32MXS,brand_name,Deconovo,variation,Deconovo
https://www.amazon.com/dp/B0DPX32MXS,,,variation,deconovo
Deconovo,,,variation,Decon Ovo
,,,variation,decon Ovo
,,,variation,Decon-ovo
,,,variation,Deconov
,,,variation,Deconovo
,,,variation,Deconovo
,,,variation,Dconovo
,,,variation,Deconovo
,,,variation,Deconovo
---,,,,
B0928933J4,brand_name,Sweet Goodbye,variation,Sweet Goodbye
https://www.amazon.com/dp/B0928933J4,,,variation,sweet goodbye
Sweet Goodbye,,,variation,SweetGoodbye
,,,variation,Sweet-Goodbye
,,,variation,Sweet
,,,variation,Sweeet Goodbye
,,,variation,Swet Goodbye
,,,variation,Swt Goodbye
,,,variation,Swee Goodbye
,,,variation,Sweeet Goodby
---,,,,
B0DFM4527H,brand_name,Deconovo,variation,Deconovo
https://www.amazon.com/dp/B0DFM4527H,,,variation,deconovo
Deconovo,,,variation,Decon Ovo
,,,variation,decon ovo
,,,variation,Decon-ovo
,,,variation,Deconov
,,,variation,Deconovo
,,,variation,Deconovo
,,,variation,Dconovo
,,,variation,Deconvo
,,,variation,Deconovo
,,,variation,Deconovo
,,,variation,Deconovo
,,,variation,Deconovo
---,,,,
B0DPX2X9PW,brand_name,Deconovo,variation,Deconovo
https://www.amazon.com/dp/B0DPX2X9PW,,,variation,deconovo
Deconovo,,,variation,Decon Ovo
,,,variation,decon ovo
,,,variation,Decon-ovo
,,,variation,Deconov
,,,variation,Deconovo
,,,variation,Deconvo
,,,variation,Dconovo
,,,variation,Deconovo
,,,variation,Deconovo
,,,variation,Deconovo
---,,,,
B0DPX469L6,brand_name,Deconovo,variation,Deconovo
https://www.amazon.com/dp/B0DPX469L6,,,variation,deconovo
Deconovo,,,variation,Decon Ovo
,,,variation,decon Ovo
,,,variation,Decon-ovo
,,,variation,Deconov
,,,variation,Deconovo
,,,variation,Deconovo
,,,variation,Dconovo
,,,variation,Deconovo
,,,variation,Deconovo
---,,,,
B0DPX3ZC25,brand_name,Deconovo,variation,Deconovo
https://www.amazon.com/dp/B0DPX3ZC25,,,variation,deconovo
Deconovo,,,variation,Decon Ovo
,,,variation,decon ovo
,,,variation,Decon-ovo
,,,variation,Deconov
,,,variation,Deconovo
,,,variation,Deconovo
,,,variation,Dconovo
,,,variation,Deconvo
,,,variation,Deconovo
,,,variation,Deconovo
,,,variation,Deconovo
,,,variation,Deconovo
---,,,,
B0DGG6QGPK,brand_name,Deconovo,variation,Deconovo
https://www.amazon.com/dp/B0DGG6QGPK,,,variation,deconovo
Deconovo,,,variation,Decon Ovo
,,,variation,decon Ovo
,,,variation,Decon-ovo
,,,variation,Deconov
,,,variation,Deconovo
,,,variation,Deconovo
,,,variation,Dconovo
,,,variation,Deconovo
,,,variation,Deconovo
---,,,,
B0DPYMFV93,brand_name,Deconovo,variation,Deconovo
https://www.amazon.com/dp/B0DPYMFV93,,,variation,deconovo
Deconovo,,,variation,Decon Ovo
,,,variation,decon Ovo
,,,variation,Decon-ovo
,,,variation,Deconov
,,,variation,Deconovo
,,,variation,Deconovo
,,,variation,Dconovo
,,,variation,Deconovo
,,,variation,Deconovo
---,,,,
B09289GNB9,brand_name,Sweet Goodbye,variation,Sweet Goodbye
https://www.amazon.com/dp/B09289GNB9,,,variation,sweet goodbye
Sweet Goodbye,,,variation,SweetGoodbye
,,,variation,Sweet-Goodbye
,,,variation,Sweet
,,,variation,Sweeet Goodbye
,,,variation,Swet Goodbye
,,,variation,Swt Goodbye
,,,variation,Swee Goodbye
,,,variation,Sweeet Goodby
---,,,,
