ASIN / Brand,Input Field,Input Value,Output Type,Entity
B08TQMG7P4,brand_name,Multipet,entity,Multipet
https://www.amazon.com/dp/B08TQMG7P4,product_data,—,entity,multipet
Multipet,,,entity,Mulpit
,,,entity,Mulpett
,,,entity,Multipett
,,,entity,MiniPet
,,,entity,Minipet
,,,entity,MiniPett
,,,entity,MiniPetty
---,,,,
B06XFN1TKL,brand_name,Cool Pup,entity,Cool Pup
https://www.amazon.com/dp/B06XFN1TKL,product_data,—,entity,cool pup
Cool Pup,,,entity,Coo Pup
,,,entity,CoolPup
,,,entity,CoolPupp
,,,entity,CoolPupz
,,,entity,PupCool
,,,entity,CoolPupToy
,,,entity,CoolPupMini
,,,entity,CoolPupPopsicle
---,,,,
B0046LFZO0,brand_name,Patchwork Pet,entity,Patchwork Pet
https://www.amazon.com/dp/B0046LFZO0,product_data,—,entity,patchwork pet
Patchwork Pet,,,entity,PatchworkPet
,,,entity,Patchwrork Pet
,,,entity,Patchwork PEt
,,,entity,PatchworkPett
,,,entity,Patchwork Petz
,,,entity,Patchwork Distribution
,,,entity,Patchwork Distribution Inc
---,,,,
B07KJQGGJM,brand_name,Zanies,entity,Zanies
https://www.amazon.com/dp/B07KJQGGJM,product_data,—,entity,zanies
Zanies,,,entity,Zanie
,,,entity,Zaniz
,,,entity,Zaneys
,,,entity,Zanies Rock Monsters
,,,entity,PetEdge
---,,,,
B0C2XTN7BJ,brand_name,Petbobi,,
https://www.amazon.com/dp/B0C2XTN7BJ,product_data,—,,
Petbobi,,,,
---,,,,
B00G8FWDQ0,brand_name,Booda,entity,Booda
https://www.amazon.com/dp/B00G8FWDQ0,product_data,—,entity,booda
Booda,,,entity,Boda
,,,entity,Booda Brand
,,,entity,Booda Brand Nasty Scarie
,,,entity,Booda Brand Nasty Scarie Dog Toy
,,,entity,Booda Brand Nasty Scarie Dog
,,,entity,Booda Brand Nasty Scarie Toy
---,,,,
B0C8T3DFLS,brand_name,Petbobi,entity,Petbobi
https://www.amazon.com/dp/B0C8T3DFLS,product_data,—,entity,petbobi
Petbobi,,,entity,Petbobi
,,,entity,Petbobi
,,,entity,Pettbobi
,,,entity,Petbobi
,,,entity,Pettboby
,,,entity,Petbobi
,,,entity,Petbobi
,,,entity,Petbobi
---,,,,
B001ZWQUTC,brand_name,Jolly Pets,entity,Jolly Pets
https://www.amazon.com/dp/B001ZWQUTC,product_data,—,entity,jolly pets
Jolly Pets,,,entity,JollyPet
,,,entity,JollyPetz
,,,entity,JollyPetz
,,,entity,JollyFlex
,,,entity,Bounce-N-Play
,,,entity,BounceNPlay
,,,entity,BounceN-Play
,,,entity,JollyBall
,,,entity,Jolly Ball
,,,entity,Tug-N-Toss
,,,entity,TugNToss
---,,,,
B0BTDYMPBJ,brand_name,Multipet,entity,Multipet
https://www.amazon.com/dp/B0BTDYMPBJ,product_data,—,entity,multipet
Multipet,,,entity,Mulpit
,,,entity,Mulpett
,,,entity,Multipett
,,,entity,Multipet Polka Dot
,,,entity,Polka Dot Balls
---,,,,
B00GY5ZZ7S,brand_name,Petmate,entity,Petmate
https://www.amazon.com/dp/B00GY5ZZ7S,product_data,—,entity,petmate
Petmate,,,entity,Petmat
,,,entity,Petmaate
,,,entity,Chuck-It
,,,entity,Chuckit
,,,entity,Chuckit!
,,,entity,Chuckit
,,,entity,Chuck It
,,,entity,Chuckit Flying Squirrel
---,,,,
B01I5J0CBE,brand_name,Grriggles,entity,Grriggles
https://www.amazon.com/dp/B01I5J0CBE,product_data,—,entity,grriggles
Grriggles,,,entity,Grrigles
,,,entity,Grriggls
,,,entity,Grrigglesa
,,,entity,Grriggles
,,,entity,GRRIE
---,,,,
B00CI50KXW,brand_name,Chuckit!,entity,Chuckit!
https://www.amazon.com/dp/B00CI50KXW,product_data,—,entity,chuckit!
Chuckit!,,,entity,Chuckit
,,,entity,Chukit
,,,entity,Chuckit1
,,,entity,Chuckit!!
,,,entity,Tug
,,,entity,Shake
,,,entity,Toss
---,,,,
B0D8JYLM2B,brand_name,MIGHTY CHEWZ,entity,MIGHTY CHEWZ
https://www.amazon.com/dp/B0D8JYLM2B,product_data,—,entity,mighty chewz
MIGHTY CHEWZ,,,entity,Mighty Chews
,,,entity,MIGHTY CHEWZ
,,,entity,Mighty Chewz
,,,entity,MightyChewz
,,,entity,MightyChewz
,,,entity,Mighty Chewz
,,,entity,Mighty Chewz Screw
,,,entity,Mighty Chewz Bully Stick Holder
---,,,,
B0FMNRLN43,brand_name,Taikcsut,entity,Taikcsut
https://www.amazon.com/dp/B0FMNRLN43,product_data,—,entity,taikcsut
Taikcsut,,,entity,Taikcut
,,,entity,Taikcsut
,,,entity,Taikcstut
,,,entity,Taikcsut
,,,entity,Taikcsut
,,,entity,Taikcstut
---,,,,
B005FTMWLG,brand_name,Mammoth Pet Products,entity,Mammoth Pet Products
https://www.amazon.com/dp/B005FTMWLG,product_data,—,entity,Mammoth
Mammoth Pet Products,,,entity,mammoth pet products
,,,entity,mammoth
,,,entity,Mammoth Pet Product
,,,entity,Mammoth Pet Prodcts
,,,entity,Mammoth Pet Producs
,,,entity,Mammoth Pet Prodcts
,,,entity,Mammoth Pet Producs
---,,,,
B0C8SZPRC3,brand_name,Petbobi,entity,Petbobi
https://www.amazon.com/dp/B0C8SZPRC3,product_data,—,entity,petbobi
Petbobi,,,entity,Pettbobi
,,,entity,Petbobi
,,,entity,Petboby
,,,entity,Petbobi
,,,entity,Pettboby
,,,entity,Petbobi
,,,entity,Petbobi
,,,entity,Petbobi
,,,entity,Petbobi
---,,,,
B0FPLDJSWY,brand_name,Petbobi,entity,Petbobi
https://www.amazon.com/dp/B0FPLDJSWY,product_data,—,entity,petbobi
Petbobi,,,entity,Pettbobi
,,,entity,Petbobi
,,,entity,Petboby
,,,entity,Petbobi Interactive
,,,entity,Petbobi Toys
---,,,,
B00GGHJPLG,brand_name,Fluval,entity,Fluval
https://www.amazon.com/dp/B00GGHJPLG,product_data,—,entity,fluval
Fluval,,,entity,Fluvall
,,,entity,Fluval U3
,,,entity,Fluval U3 Poly Carbon
,,,entity,Fluval U3 Poly/Carbon
,,,entity,Fluval U3 Cartridge
,,,entity,R C Hagen
---,,,,
B01KIRZJ3C,brand_name,Boss Pet,entity,Boss Pet
https://www.amazon.com/dp/B01KIRZJ3C,product_data,—,entity,boss pet
Boss Pet,,,entity,Bos Pet
,,,entity,B0ss Pet
,,,entity,BossPett
,,,entity,Boss Pet Products
,,,entity,Chomper
---,,,,
B0CQX3JM9F,brand_name,Sebaoyu,entity,Sebaoyu
https://www.amazon.com/dp/B0CQX3JM9F,product_data,—,entity,sebaoyu
Sebaoyu,,,entity,Seboyu
,,,entity,Sebaoy
,,,entity,Sebaou
,,,entity,Sebaoyou
---,,,,
B003AC1Z4A,brand_name,Guardian Gear,entity,Guardian Gear
https://www.amazon.com/dp/B003AC1Z4A,product_data,—,entity,guardian gear
Guardian Gear,,,entity,Guardiann Gear
,,,entity,Guardiann Geer
,,,entity,Guradian Gear
,,,entity,Guardian Geer
,,,entity,Guardian Gaar
,,,entity,Guradian Geer
,,,entity,Guradian Gaar
---,,,,
B00TEEGNG8,brand_name,Pets First,entity,Pets First
https://www.amazon.com/dp/B00TEEGNG8,product_data,—,entity,pets first
Pets First,,,entity,PetsFurst
,,,entity,Petz First
,,,entity,Pets Firstt
,,,entity,PetsFurstt
,,,entity,MLB
,,,entity,Major League Baseball
---,,,,
B0BXGR2HJ6,brand_name,Yikeyo,entity,Yikeyo
https://www.amazon.com/dp/B0BXGR2HJ6,product_data,—,entity,yikeyo
Yikeyo,,,entity,Yikeyo
,,,entity,Yikeyo
,,,entity,Yikeyo
,,,entity,Yikeyo
,,,entity,Yikeyo
---,,,,
B004FVS39A,brand_name,Zack & Zoey,entity,Zack & Zoey
https://www.amazon.com/dp/B004FVS39A,product_data,—,entity,zack & zoey
Zack & Zoey,,,entity,Zack & Zoey
,,,entity,Zack&Zoey
,,,entity,ZackZoey
,,,entity,Zack n Zoey
,,,entity,Zack and Zoey
,,,entity,Zack & Zoee
,,,entity,Zack & Zoey Collars
,,,entity,Zack & Zoey Leads
,,,entity,Zack & Zoey Harnesses
,,,entity,Zack & Zoey Nylon
---,,,,
B0CQX5BBJ1,brand_name,Sebaoyu,entity,Sebaoyu
https://www.amazon.com/dp/B0CQX5BBJ1,product_data,—,entity,sebaoyu
Sebaoyu,,,entity,Seboyu
,,,entity,Sebaoy
,,,entity,Sebaou
,,,entity,Sebaoyou
,,,entity,Sebaoyu
,,,entity,Bling
,,,entity,ID Brand
---,,,,
B0CQX4HKV4,brand_name,Sebaoyu,entity,Sebaoyu
https://www.amazon.com/dp/B0CQX4HKV4,product_data,—,entity,sebaoyu
Sebaoyu,,,entity,Seboyu
,,,entity,Sebaoy
,,,entity,Sebaou
,,,entity,Sebaoyou
---,,,,
B00TEEGM82,brand_name,Pets First,entity,Pets First
https://www.amazon.com/dp/B00TEEGM82,product_data,—,entity,pets first
Pets First,,,entity,PetsFurst
,,,entity,PetsFurst
,,,entity,Petz First
,,,entity,Pets Firstt
,,,entity,Pets Firsts
,,,entity,MLB
,,,entity,Major League Baseball
,,,entity,Texas Rangers
,,,entity,Rangers
,,,entity,MLB CAT COLLAR
,,,entity,MLB PET PRODUCTS
---,,,,
B091CRZ673,brand_name,Yikeyo,entity,Yikeyo
https://www.amazon.com/dp/B091CRZ673,product_data,—,entity,yikeyo
Yikeyo,,,entity,Yikeyo
,,,entity,Yikyo
,,,entity,Yikeyo
,,,entity,Yikeyo
,,,entity,Yikeyo
,,,entity,Yikeyo
,,,entity,Yikeyo
,,,entity,Yikeyo
---,,,,
B0CQX5SQBF,brand_name,Sebaoyu,entity,Sebaoyu
https://www.amazon.com/dp/B0CQX5SQBF,product_data,—,entity,sebaoyu
Sebaoyu,,,entity,Seboyu
,,,entity,Sebaoy
,,,entity,Sebaou
,,,entity,Sebaoyou
---,,,,
B09VBYQJZJ,brand_name,Sebaoyu,entity,Sebaoyu
https://www.amazon.com/dp/B09VBYQJZJ,product_data,—,entity,sebaoyu
Sebaoyu,,,entity,Seboyu
,,,entity,Sebaoyou
,,,entity,Sebaou
,,,entity,Sebaoy
---,,,,
B001B4SIDU,brand_name,Coastal,entity,Coastal
https://www.amazon.com/dp/B001B4SIDU,product_data,—,entity,coastal
Coastal,,,entity,Coastl
,,,entity,Coastel
,,,entity,Coastall
,,,entity,Titan
,,,entity,Titan Comfort
,,,entity,Titan Vinyl Comfort
,,,entity,Titan Comfort Tips
---,,,,
B0CQX68G4W,brand_name,Sebaoyu,entity,Sebaoyu
https://www.amazon.com/dp/B0CQX68G4W,product_data,—,entity,sebaoyu
Sebaoyu,,,entity,Seboyu
,,,entity,Sebaoy
,,,entity,Sebaou
,,,entity,Sebaoyou
,,,entity,Sebaoyu
,,,entity,Bling
,,,entity,ID Brand
---,,,,
B0CQX3RPYS,brand_name,Sebaoyu,entity,Sebaoyu
https://www.amazon.com/dp/B0CQX3RPYS,product_data,—,entity,sebaoyu
Sebaoyu,,,entity,Seboyu
,,,entity,Sebaoy
,,,entity,Sebaou
,,,entity,Sebaoyou
---,,,,
B0CQX4SCV3,brand_name,Sebaoyu,entity,Sebaoyu
https://www.amazon.com/dp/B0CQX4SCV3,product_data,—,entity,sebaoyu
Sebaoyu,,,entity,Sebayo
,,,entity,Sebaoy
,,,entity,Sebaou
,,,entity,Sebaouy
,,,entity,Sebaoyu
---,,,,
B0CQX5YDQG,brand_name,Sebaoyu,entity,Sebaoyu
https://www.amazon.com/dp/B0CQX5YDQG,product_data,—,entity,sebaoyu
Sebaoyu,,,entity,Seboyu
,,,entity,Sebaoy
,,,entity,Sebaou
,,,entity,Sebaoyou
,,,entity,Sebaoyu
,,,entity,Bling
,,,entity,ID Brand
---,,,,
B0CQX67WRJ,brand_name,Sebaoyu,entity,Sebaoyu
https://www.amazon.com/dp/B0CQX67WRJ,product_data,—,entity,sebaoyu
Sebaoyu,,,entity,Seboyu
,,,entity,Sebaoy
,,,entity,Sebaou
,,,entity,Sebaoyou
,,,entity,Sebaoyu
,,,entity,Sebaoyu's
,,,entity,Sebaoyu Collar
---,,,,
B0CQX4QTY6,brand_name,Sebaoyu,entity,Sebaoyu
https://www.amazon.com/dp/B0CQX4QTY6,product_data,—,entity,sebaoyu
Sebaoyu,,,entity,Seboyu
,,,entity,Sebaoy
,,,entity,Sebaou
,,,entity,Sebaoyou
,,,entity,Sebaoyu
---,,,,
B004LODILE,brand_name,Coastal,entity,Coastal
https://www.amazon.com/dp/B004LODILE,product_data,—,entity,coastal
Coastal,,,entity,Coastl
,,,entity,Coastel
,,,entity,CoastalPet
,,,entity,Coastal Pet
,,,entity,CoastalPet
,,,entity,CoastalPett
,,,entity,CoastalP
,,,entity,CoastalT
,,,entity,Titan
---,,,,
B0CQX43FHZ,brand_name,Sebaoyu,entity,Sebaoyu
https://www.amazon.com/dp/B0CQX43FHZ,product_data,—,entity,sebaoyu
Sebaoyu,,,entity,Sebayo
,,,entity,Sebaoy
,,,entity,Sebaou
,,,entity,Sebaouy
,,,entity,Sebaoyu
---,,,,
B0DB2377Y1,brand_name,Yikeyo,,
https://www.amazon.com/dp/B0DB2377Y1,product_data,—,,
Yikeyo,,,,
---,,,,
B0CFKM6P5V,brand_name,Sebaoyu,entity,Sebaoyu
https://www.amazon.com/dp/B0CFKM6P5V,product_data,—,entity,sebaoyu
Sebaoyu,,,entity,Seboyu
,,,entity,Sebaoyou
,,,entity,Sebaou
,,,entity,Sebaoy
,,,entity,Sebaoyuu
---,,,,
B0CM8P42CX,brand_name,Wansommy,,
https://www.amazon.com/dp/B0CM8P42CX,product_data,—,,
Wansommy,,,,
---,,,,
B000W5UYUO,brand_name,Casual Canine,entity,Casual Canine
https://www.amazon.com/dp/B000W5UYUO,product_data,—,entity,casual canine
Casual Canine,,,entity,Casual Canin
,,,entity,Casual Caninee
,,,entity,Casual Canin
,,,entity,Casual Canin
,,,entity,Cazual Canine
,,,entity,Cazual Canin
,,,entity,PetEdge
---,,,,
B09VC7JS3Y,brand_name,Firpus,entity,Firpus
https://www.amazon.com/dp/B09VC7JS3Y,product_data,—,entity,firpus
Firpus,,,entity,Firpuss
,,,entity,Firpusss
,,,entity,Firpusz
,,,entity,Firpusx
,,,entity,Firpus dog dress
,,,entity,Firpus pet clothes
---,,,,
B0BG8NBF6P,brand_name,Sebaoyu,entity,Sebaoyu
https://www.amazon.com/dp/B0BG8NBF6P,product_data,—,entity,sebaoyu
Sebaoyu,,,entity,Seboyu
,,,entity,Sebaoy
,,,entity,Sebaou
,,,entity,Sebaoyou
---,,,,
B0BRXKG65Q,brand_name,Sebaoyu,entity,Sebaoyu
https://www.amazon.com/dp/B0BRXKG65Q,product_data,—,entity,sebaoyu
Sebaoyu,,,entity,Seboyu
,,,entity,Sebaoy
,,,entity,Sebaou
,,,entity,Sebaoyou
,,,entity,Sebaoyu
,,,entity,Sebaoyu's
,,,entity,Sebaoyu's Dresses
---,,,,
B09S9R4VKZ,brand_name,Sebaoyu,entity,Sebaoyu
https://www.amazon.com/dp/B09S9R4VKZ,product_data,—,entity,sebaoyu
Sebaoyu,,,entity,Seboyu
,,,entity,Sebaoy
,,,entity,Sebaou
,,,entity,Sebaoyuu
---,,,,
B0FQB18ZLF,brand_name,Yikeyo,,
https://www.amazon.com/dp/B0FQB18ZLF,product_data,—,,
Yikeyo,,,,
---,,,,
B09SQ3QKJL,brand_name,Sebaoyu,entity,Sebaoyu
https://www.amazon.com/dp/B09SQ3QKJL,product_data,—,entity,sebaoyu
Sebaoyu,,,entity,Seboyu
,,,entity,Sebaoy
,,,entity,Sebaou
,,,entity,Sebaoyou
,,,entity,Sebaoyu
---,,,,
B0FSQ6LCNC,brand_name,Sebaoyu,entity,Sebaoyu
https://www.amazon.com/dp/B0FSQ6LCNC,product_data,—,entity,sebaoyu
Sebaoyu,,,entity,Seboyu
,,,entity,Sebaoy
,,,entity,Sebaoyou
,,,entity,Sebaoyu
,,,entity,Sebaoyu's
,,,entity,Sebaoyu Pajamas
---,,,,
B0BG8PDGQB,brand_name,Sebaoyu,entity,Sebaoyu
https://www.amazon.com/dp/B0BG8PDGQB,product_data,—,entity,sebaoyu
Sebaoyu,,,entity,Seboyu
,,,entity,Sebaoyou
,,,entity,Sebaou
,,,entity,Sebaoy
,,,entity,Sebaoyu Dog Pajamas
---,,,,
B0DSB8DR34,brand_name,Yikeyo,entity,Yikeyo
https://www.amazon.com/dp/B0DSB8DR34,product_data,—,entity,yikeyo
Yikeyo,,,entity,Yikeyo
,,,entity,Yikeyo
,,,entity,Yikyo
,,,entity,Yikeyo
,,,entity,Yikeyo
,,,entity,Yikeyo
,,,entity,Yikeyo
,,,entity,Yikeyo
,,,entity,Yikeyo
,,,entity,Yikeyo
---,,,,
B0D93PRVZQ,brand_name,Sebaoyu,entity,Sebaoyu
https://www.amazon.com/dp/B0D93PRVZQ,product_data,—,entity,sebaoyu
Sebaoyu,,,entity,Seboyu
,,,entity,Sebaoy
,,,entity,Sebaou
,,,entity,Sebaoyuu
,,,entity,Sebaoyu Dog Pajamas
---,,,,
B09J8NPC1Q,brand_name,Yikeyo,entity,Yikeyo
https://www.amazon.com/dp/B09J8NPC1Q,product_data,—,entity,yikeyo
Yikeyo,,,entity,Yikeyo
,,,entity,Yikyo
,,,entity,Yikeyo
,,,entity,Yikeyo
,,,entity,Yikeyo
,,,entity,Yikeyo
,,,entity,Yikeyo
,,,entity,Yikeyo
---,,,,
B0CY1VC8KZ,brand_name,Yikeyo,entity,Yikeyo
https://www.amazon.com/dp/B0CY1VC8KZ,product_data,—,entity,yikeyo
Yikeyo,,,entity,Yikyo
,,,entity,Yikeyo
,,,entity,Yikeyo
,,,entity,Yikeyo
,,,entity,Yikeyo
,,,entity,Yikeyo
,,,entity,Yikeyo
,,,entity,Yikeyo
---,,,,
B0BTH3VY87,brand_name,Yikeyo,,
https://www.amazon.com/dp/B0BTH3VY87,product_data,—,,
Yikeyo,,,,
---,,,,
B08Y9449LP,brand_name,Sebaoyu,entity,Sebaoyu
https://www.amazon.com/dp/B08Y9449LP,product_data,—,entity,sebaoyu
Sebaoyu,,,entity,Sebayo
,,,entity,Sebaoy
,,,entity,Sebaoyou
,,,entity,SebaoyuX
,,,entity,SebaoyuXs
,,,entity,SebaoyuXS
---,,,,
B09FLPR7CP,brand_name,Sebaoyu,entity,Sebaoyu
https://www.amazon.com/dp/B09FLPR7CP,product_data,—,entity,sebaoyu
Sebaoyu,,,entity,Sebayo
,,,entity,Sebaoyou
,,,entity,Sebaou
,,,entity,Sebaoy
,,,entity,Sebaoyu
---,,,,
B0BTH1793B,brand_name,Yikeyo,,
https://www.amazon.com/dp/B0BTH1793B,product_data,—,,
Yikeyo,,,,
---,,,,
B071L5K18X,brand_name,Vita Bone,entity,Vita Bone
https://www.amazon.com/dp/B071L5K18X,product_data,—,entity,vita bone
Vita Bone,,,entity,VitaBone
,,,entity,VitaBonn
,,,entity,Vita Bonee
,,,entity,VitaBown
,,,entity,Artisan Inspired
,,,entity,ArtisanInspired
,,,entity,VitaBoneTreats
,,,entity,VitaBoneBiscuits
,,,entity,American Pet Nutrition
---,,,,
B0C5HFYQ7Z,brand_name,MIGHTY CHEWZ,entity,MIGHTY CHEWZ
https://www.amazon.com/dp/B0C5HFYQ7Z,product_data,—,entity,mighty chewz
MIGHTY CHEWZ,,,entity,Mighty Chewz
,,,entity,MIGHTY CHEWZ
,,,entity,MIGHTY CHEWZ bully sticks
,,,entity,Mighty Chewz Bully Sticks
,,,entity,Mighty Chewz Bully Bone
,,,entity,Mighty Chewz Holder
,,,entity,Mighty Chewz Thick
,,,entity,Mighty Chewz Jumbo
,,,entity,Mighty Chewz Standard
,,,entity,Mighty Chewz Thin
---,,,,
B01CPR12SO,brand_name,Seachem,entity,Seachem
https://www.amazon.com/dp/B01CPR12SO,product_data,—,entity,seachem
Seachem,,,entity,Seachm
,,,entity,Seacm
,,,entity,Seachemm
,,,entity,NutriDiet
,,,entity,NutriDiet Marine Plus
,,,entity,Entice
,,,entity,Entice™
,,,entity,GarlicGuard
,,,entity,GarlicGuard™
,,,entity,Marine Plus Flakes
---,,,,
B0013AZYKW,brand_name,Audubon Park,entity,Audubon Park
https://www.amazon.com/dp/B0013AZYKW,product_data,—,entity,audubon park
Audubon Park,,,entity,AudubonParks
,,,entity,AudubonPArk
,,,entity,AudubonPArck
,,,entity,Audubon Parkk
,,,entity,NutriThrive
---,,,,
B006OP4U10,brand_name,Stewart,entity,Stewart
https://www.amazon.com/dp/B006OP4U10,product_data,—,entity,stewart
Stewart,,,entity,Stewartt
,,,entity,Stewartt
,,,entity,Stewrt
,,,entity,Stewarrt
,,,entity,Pro-Treat
---,,,,
B01NA9AJPS,brand_name,Supreme Petfoods,entity,Supreme Petfoods
https://www.amazon.com/dp/B01NA9AJPS,product_data,—,entity,supreme petfoods
Supreme Petfoods,,,entity,Supreme Petfood
,,,entity,Supreme Petfoodz
,,,entity,Supreme Petfuds
,,,entity,Supreme Petfooods
,,,entity,Selective Naturals
---,,,,
B0C5HFKRPQ,brand_name,MIGHTY CHEWZ,,
https://www.amazon.com/dp/B0C5HFKRPQ,product_data,—,,
MIGHTY CHEWZ,,,,
---,,,,
B07PXMHQ5H,brand_name,Supreme Source,entity,Supreme Source
https://www.amazon.com/dp/B07PXMHQ5H,product_data,—,entity,supreme source
Supreme Source,,,entity,SupremeSorce
,,,entity,Supreme Sourc
,,,entity,Supreme Soorce
,,,entity,Supreme Sourcce
,,,entity,Supreme Source Pet Food
,,,entity,ANI BRAND
---,,,,
B0002DILTM,brand_name,Nekton,entity,Nekton
https://www.amazon.com/dp/B0002DILTM,product_data,—,entity,nekton
Nekton,,,entity,Nektonn
,,,entity,Nekton-S
,,,entity,Nekton S
,,,entity,Nekton-Ss
,,,entity,Nekton Multi-Vitamin
,,,entity,Nekton MultiVitamin
---,,,,
B0037UZZVE,brand_name,Audubon Park,entity,Audubon Park
https://www.amazon.com/dp/B0037UZZVE,product_data,—,entity,audubon park
Audubon Park,,,entity,AudubonParks
,,,entity,AudubonPArk
,,,entity,AudubonPArk
,,,entity,Audubon Parkk
,,,entity,Audubon Park 12226
,,,entity,Global Harvest Foods
---,,,,
B002DZK442,brand_name,Zoo Med,entity,Zoo Med
https://www.amazon.com/dp/B002DZK442,product_data,—,entity,zoo med
Zoo Med,,,entity,ZooMed
,,,entity,ZOO MED
,,,entity,ZOO MED LABORATORIES
,,,entity,Zoo Med Laboratories
,,,entity,ZOO MED LABS
,,,entity,ZOO MED LAB
,,,entity,ZOO MEDS
,,,entity,ZOO MEDS LAB
,,,entity,ZOO MEDS LABORATORIES
---,,,,
B097HYTT5K,brand_name,Hero (Caitec),entity,Hero
https://www.amazon.com/dp/B097HYTT5K,product_data,—,entity,hero
Hero (Caitec),,,entity,Hiro
,,,entity,Hro
,,,entity,Heo
,,,entity,Heroe
,,,entity,Caitec
,,,entity,Caitec
,,,entity,Caitic
,,,entity,Caitic
,,,entity,Caitic
---,,,,
B002DW0FI0,brand_name,OSI,entity,OSI
https://www.amazon.com/dp/B002DW0FI0,product_data,—,entity,O.S.I.
OSI,,,entity,Ocean Star International
,,,entity,Osi
,,,entity,O.S.I
,,,entity,Osi Marine Lab
,,,entity,Osi Marine Lab Inc
,,,entity,Osi Cichlid
,,,entity,Osi Cichlid Flakes
,,,entity,Osi Cichlid Food
---,,,,
B07SNWNSSD,brand_name,Twistix,entity,Twistix
https://www.amazon.com/dp/B07SNWNSSD,product_data,—,entity,twistix
Twistix,,,entity,Twistx
,,,entity,Twistiks
,,,entity,Twistixx
,,,entity,Twistixs
---,,,,
B00FBNMJAU,brand_name,Nylabone,entity,Nylabone
https://www.amazon.com/dp/B00FBNMJAU,product_data,—,entity,nylabone
Nylabone,,,entity,Nylabne
,,,entity,Nylbone
,,,entity,Nylabonee
---,,,,
B004PB924A,brand_name,Zoo Med,entity,Zoo Med
https://www.amazon.com/dp/B004PB924A,product_data,—,entity,zoo med
Zoo Med,,,entity,ZooMead
,,,entity,Zou Med
,,,entity,ZooMedd
,,,entity,Zoo Meds
,,,entity,Natural Forest Tortoise Food
,,,entity,Natural Grassland Tortoise Food
---,,,,
B07YLLDC1H,brand_name,Vitakraft,entity,Vitakraft
https://www.amazon.com/dp/B07YLLDC1H,product_data,—,entity,vitakraft
Vitakraft,,,entity,Vitakrafft
,,,entity,Vitakraftt
,,,entity,Vitakraaf
,,,entity,Vitakraft Sun Seed
,,,entity,Meaty Morsels
---,,,,
B0842ZX7K8,brand_name,FFKQBH,entity,FFKQBH
https://www.amazon.com/dp/B0842ZX7K8,product_data,—,entity,ffkqbh
FFKQBH,,,entity,FfKqBh
,,,entity,FQKQBH
,,,entity,FFKQBHh
,,,entity,Purina
,,,entity,Purina Cat Chow
---,,,,
B00BUFZ96E,brand_name,Python,entity,Python
https://www.amazon.com/dp/B00BUFZ96E,product_data,—,entity,python
Python,,,entity,Pythn
,,,entity,Pythn
,,,entity,Pythonn
,,,entity,Pythn No Spill
,,,entity,No Spill
,,,entity,No Spill Clean 'N Fill
---,,,,
B0DK3BGMHL,brand_name,Deconovo,entity,Deconovo
https://www.amazon.com/dp/B0DK3BGMHL,product_data,—,entity,deconovo
Deconovo,,,entity,Deconvo
,,,entity,Deconovo Dog Bed
,,,entity,Deconovo Sofa Dog Bed
,,,entity,Deconovo L-Shape
,,,entity,Deconovo Eggrate Foam
,,,entity,Deconovo Waterproof
,,,entity,Deconovo Washable Cover
---,,,,
B0928B6H3J,brand_name,Sweet Goodbye,entity,Sweet Goodbye
https://www.amazon.com/dp/B0928B6H3J,product_data,—,entity,sweet goodbye
Sweet Goodbye,,,entity,Sweeet Goodbye
,,,entity,Swt Goodbye
,,,entity,Sweet Goodby
,,,entity,Sweet Goodbyee
,,,entity,SweetGoodbye
,,,entity,Cocoon
---,,,,
B0DDPHV6D4,brand_name,CHARMMA,entity,CHARMMA
https://www.amazon.com/dp/B0DDPHV6D4,product_data,—,entity,charmma
CHARMMA,,,entity,Charmma
,,,entity,Charma
,,,entity,CHRMMA
,,,entity,CHARMMAA
,,,entity,CHARMMA Pet Bed
,,,entity,CHARMMA Dog Couch
,,,entity,CHARMMA Sofa
---,,,,
B092D3YDHF,brand_name,KingCamp,entity,KingCamp
https://www.amazon.com/dp/B092D3YDHF,product_data,—,entity,kingcamp
KingCamp,,,entity,KIngCamp
,,,entity,KIngCmap
,,,entity,KingCmap
,,,entity,KingCampz
,,,entity,KINGCAMP
---,,,,
B0DGG513DX,brand_name,Deconovo,entity,Deconovo
https://www.amazon.com/dp/B0DGG513DX,product_data,—,entity,deconovo
Deconovo,,,entity,Deconvo
,,,entity,Deconovo
,,,entity,Deconov
,,,entity,Deconovoo
,,,entity,Deconovo Orthopedic
,,,entity,Deconovo Dog Bed
---,,,,
B0DK3C6M1D,brand_name,Deconovo,entity,Deconovo
https://www.amazon.com/dp/B0DK3C6M1D,product_data,—,entity,deconovo
Deconovo,,,entity,Deconvo
,,,entity,Deconovo
,,,entity,Deconov
,,,entity,Deconovoa
,,,entity,Deconovoo
---,,,,
B07BD4KS1X,brand_name,Sweet Goodbye,entity,Sweet Goodbye
https://www.amazon.com/dp/B07BD4KS1X,product_data,—,entity,sweet goodbye
Sweet Goodbye,,,entity,Sweeet Goodbye
,,,entity,Swt Goodbye
,,,entity,Sweet Goodby
,,,entity,Sweet Goodbyee
,,,entity,Cocoon
---,,,,
B0928B24WK,brand_name,Sweet Goodbye,entity,Sweet Goodbye
https://www.amazon.com/dp/B0928B24WK,product_data,—,entity,sweet goodbye
Sweet Goodbye,,,entity,Sweeet Goodbye
,,,entity,Sweet Goodby
,,,entity,Sweet Goodbyee
,,,entity,Sweet Goodby
,,,entity,Sweet Goodbye Cocoon
,,,entity,Sweet Goodbye Cocoon®
---,,,,
B0DFM16VD4,brand_name,Deconovo,entity,Deconovo
https://www.amazon.com/dp/B0DFM16VD4,product_data,—,entity,deconovo
Deconovo,,,entity,Deconvo
,,,entity,Deconovoa
,,,entity,Deconov
,,,entity,Deconovo Bed
,,,entity,Deconovo Dog Bed
---,,,,
B0DPYN9WZB,brand_name,Deconovo,entity,Deconovo
https://www.amazon.com/dp/B0DPYN9WZB,product_data,—,entity,deconovo
Deconovo,,,entity,Deconvo
,,,entity,Deconovo
,,,entity,Deconov
,,,entity,Deconovoa
,,,entity,Deconovoo
---,,,,
B0DPX32MXS,brand_name,Deconovo,entity,Deconovo
https://www.amazon.com/dp/B0DPX32MXS,product_data,—,entity,deconovo
Deconovo,,,entity,Deconvo
,,,entity,Deconovoa
,,,entity,Deconov
,,,entity,Deconovo Dog Bed
,,,entity,Deconovo Calming Donut Dog Bed
---,,,,
B0928933J4,brand_name,Sweet Goodbye,entity,Sweet Goodbye
https://www.amazon.com/dp/B0928933J4,product_data,—,entity,sweet goodbye
Sweet Goodbye,,,entity,Sweeet Goodbye
,,,entity,Swt Goodbye
,,,entity,Sweet Gbye
,,,entity,Sweet Goodby
,,,entity,Sweet Goodbyee
,,,entity,Cocoon
---,,,,
B0DFM4527H,brand_name,Deconovo,entity,Deconovo
https://www.amazon.com/dp/B0DFM4527H,product_data,—,entity,deconovo
Deconovo,,,entity,Deconvo
,,,entity,Deconovoa
,,,entity,Deconov
,,,entity,Deconovo Bed
,,,entity,Deconovo Dog Bed
---,,,,
B0DPX2X9PW,brand_name,Deconovo,entity,Deconovo
https://www.amazon.com/dp/B0DPX2X9PW,product_data,—,entity,deconovo
Deconovo,,,entity,Deconvo
,,,entity,Deconovo
,,,entity,Deconov
,,,entity,Deconovoa
,,,entity,Deconovoo
---,,,,
B0DPX469L6,brand_name,Deconovo,entity,Deconovo
https://www.amazon.com/dp/B0DPX469L6,product_data,—,entity,deconovo
Deconovo,,,entity,Deconvo
,,,entity,Deconovo
,,,entity,Deconov
,,,entity,Deconovoa
,,,entity,Deconovoo
---,,,,
B0DPX3ZC25,brand_name,Deconovo,entity,Deconovo
https://www.amazon.com/dp/B0DPX3ZC25,product_data,—,entity,deconovo
Deconovo,,,entity,Deconvo
,,,entity,Deconovo
,,,entity,Deconov
,,,entity,Deconovoa
,,,entity,Deconovoo
---,,,,
B0DGG6QGPK,brand_name,Deconovo,entity,Deconovo
https://www.amazon.com/dp/B0DGG6QGPK,product_data,—,entity,deconovo
Deconovo,,,entity,Deconvo
,,,entity,Deconovo
,,,entity,Deconov
,,,entity,Deconovoo
,,,entity,Deconovo Orthopedic
,,,entity,Deconovo Dog Bed
---,,,,
B0DPYMFV93,brand_name,Deconovo,entity,Deconovo
https://www.amazon.com/dp/B0DPYMFV93,product_data,—,entity,deconovo
Deconovo,,,entity,Deconvo
,,,entity,Deconovo
,,,entity,Deconov
,,,entity,Deconovoa
,,,entity,Deconovoo
---,,,,
B09289GNB9,brand_name,Sweet Goodbye,entity,Sweet Goodbye
https://www.amazon.com/dp/B09289GNB9,product_data,—,entity,sweet goodbye
Sweet Goodbye,,,entity,Sweeet Goodbye
,,,entity,Sweet Goodby
,,,entity,Sweet Goodbyee
,,,entity,Sweet Goodby
,,,entity,Sweet Goodbye Cocoon
,,,entity,Sweet Goodbye Cocoon®
---,,,,
