ASIN / Brand,Input Field,Input Value,Output Type,Entity
,brand_name,—,,
,product_data,—,,
,,,,
---,,,,
,brand_name,—,,
,product_data,—,,
,,,,
---,,,,
,brand_name,—,,
,product_data,—,,
,,,,
---,,,,
,brand_name,—,,
,product_data,—,,
,,,,
---,,,,
,brand_name,—,,
,product_data,—,,
,,,,
---,,,,
,brand_name,—,,
,product_data,—,,
,,,,
---,,,,
,brand_name,—,,
,product_data,—,,
,,,,
---,,,,
,brand_name,—,,
,product_data,—,,
,,,,
---,,,,
,brand_name,—,,
,product_data,—,,
,,,,
---,,,,
,brand_name,—,,
,product_data,—,,
,,,,
---,,,,
,brand_name,—,,
,product_data,—,,
,,,,
---,,,,
,brand_name,—,,
,product_data,—,,
,,,,
---,,,,
,brand_name,—,,
,product_data,—,,
,,,,
---,,,,
,brand_name,—,,
,product_data,—,,
,,,,
---,,,,
,brand_name,—,,
,product_data,—,,
,,,,
---,,,,
,brand_name,—,,
,product_data,—,,
,,,,
---,,,,
,brand_name,—,,
,product_data,—,,
,,,,
---,,,,
,brand_name,—,,
,product_data,—,,
,,,,
---,,,,
,brand_name,JBL,entity,JBL
,product_data,—,entity,jbl
JBL,,,entity,JBLl
,,,entity,JBLl
,,,entity,JBL
,,,entity,Vibe
,,,entity,Vibe
,,,entity,Vibe
,,,entity,Vibe
,,,entity,Vibe
,,,entity,Vibe
,,,entity,Vibe
,,,entity,Vibe
,,,entity,Vibe
,,,entity,Vibe
,,,entity,Vibe
,,,entity,Vibe
,,,entity,Vibe
,,,entity,Vibe
,,,entity,Vibe
,,,entity,Vibe
,,,entity,Vibe
,,,entity,Vibe
,,,entity,Vibe
,,,entity,Vibe
---,,,,
,brand_name,Owala,entity,Owala
,product_data,—,entity,owala
Owala,,,entity,Owla
,,,entity,Owwala
,,,entity,Owalaa
,,,entity,FreeSip
,,,entity,freesip
,,,entity,FreeSip
,,,entity,Freesip
,,,entity,BlenderBottle
,,,entity,blenderbottle
---,,,,
,brand_name,Cisily,entity,Cisily
,product_data,—,entity,cisily
Cisily,,,entity,Cisly
,,,entity,Cisilyy
,,,entity,Cisily
,,,entity,Cisily
,,,entity,Cisily
,,,entity,Cisily
,,,entity,Cisily
,,,entity,Cisily
---,,,,
,brand_name,Pioneer Camp,entity,Pioneer Camp
,product_data,—,entity,pioneer camp
Pioneer Camp,,,entity,Pioneercamp
,,,entity,Pioner Camp
,,,entity,PioneerCmap
,,,entity,PioneerC
,,,entity,Pioneer
,,,entity,pioneer
---,,,,
,brand_name,Jikasho,entity,Jikasho
,product_data,—,entity,jikasho
Jikasho,,,entity,Jikash
,,,entity,Jikashoo
,,,entity,Jikashu
,,,entity,Jikash
,,,entity,Jikashoo
---,,,,
,brand_name,Antarctic Star,entity,Antarctic Star
,product_data,—,entity,antarctic star
Antarctic Star,,,entity,AntarcticStr
,,,entity,Antarctc Star
,,,entity,AntarcticStr
,,,entity,AntarctcStr
,,,entity,AntarcticStarr
---,,,,
,brand_name,REVLON,entity,Revlon
,product_data,—,entity,revlon
REVLON,,,entity,Revon
,,,entity,Revlon
,,,entity,Revln
,,,entity,ColorStay
,,,entity,colorstay
,,,entity,ColrStay
,,,entity,Revlon Consumer Products Corporation
---,,,,
,brand_name,KitchenAid,entity,KitchenAid
,product_data,—,entity,kitchenaid
KitchenAid,,,entity,Kitchenaid
,,,entity,KitchnAid
,,,entity,KitchnAyd
,,,entity,Kitchenaid
,,,entity,Town & Country Living
,,,entity,town & country living
,,,entity,TownCountryLiving
,,,entity,Twn & Country Lving
---,,,,
,brand_name,WEBACOO,entity,WEBACOO
,product_data,—,entity,webacoo
WEBACOO,,,entity,WEBACOOO
,,,entity,WEBACOOO
,,,entity,WABACOO
,,,entity,Sachsen-Us
,,,entity,sachsen-us
---,,,,
,brand_name,JBL,entity,JBL
,product_data,—,entity,jbl
JBL,,,entity,JBLl
,,,entity,JBLl
,,,entity,JBL
,,,entity,Vibe
,,,entity,Vibe
,,,entity,Vibe
,,,entity,Vibe
,,,entity,Vibe
,,,entity,Vibe
,,,entity,Vibe
,,,entity,Vibe
,,,entity,Vibe
,,,entity,Vibe
,,,entity,Vibe
,,,entity,Vibe
,,,entity,Vibe
,,,entity,Vibe
,,,entity,Vibe
,,,entity,Vibe
,,,entity,Vibe
,,,entity,Vibe
,,,entity,Vibe
,,,entity,Vibe
---,,,,
,brand_name,Owala,entity,Owala
,product_data,—,entity,owala
Owala,,,entity,Owla
,,,entity,Owwala
,,,entity,Owalaa
,,,entity,FreeSip
,,,entity,freesip
,,,entity,FreeSip
,,,entity,Freesip
,,,entity,BlenderBottle
,,,entity,blenderbottle
---,,,,
,brand_name,Cisily,entity,Cisily
,product_data,—,entity,cisily
Cisily,,,entity,Cisly
,,,entity,Cisilyy
,,,entity,Cisily
,,,entity,Cisily
,,,entity,Cisily
,,,entity,Cisily
,,,entity,Cisily
,,,entity,Cisily
---,,,,
,brand_name,Pioneer Camp,entity,Pioneer Camp
,product_data,—,entity,pioneer camp
Pioneer Camp,,,entity,Pioneercamp
,,,entity,Pioner Camp
,,,entity,PioneerCmap
,,,entity,PioneerC
,,,entity,Pioneer
,,,entity,pioneer
---,,,,
,brand_name,Jikasho,entity,Jikasho
,product_data,—,entity,jikasho
Jikasho,,,entity,Jikash
,,,entity,Jikashoo
,,,entity,Jikashu
,,,entity,Jikash
,,,entity,Jikashoo
---,,,,
,brand_name,Antarctic Star,entity,Antarctic Star
,product_data,—,entity,antarctic star
Antarctic Star,,,entity,AntarcticStr
,,,entity,Antarctc Star
,,,entity,AntarcticStr
,,,entity,AntarctcStr
,,,entity,AntarcticStarr
---,,,,
,brand_name,REVLON,entity,Revlon
,product_data,—,entity,revlon
REVLON,,,entity,Revon
,,,entity,Revlon
,,,entity,Revln
,,,entity,ColorStay
,,,entity,colorstay
,,,entity,ColrStay
,,,entity,Revlon Consumer Products Corporation
---,,,,
,brand_name,KitchenAid,entity,KitchenAid
,product_data,—,entity,kitchenaid
KitchenAid,,,entity,Kitchenaid
,,,entity,KitchnAid
,,,entity,KitchnAyd
,,,entity,Kitchenaid
,,,entity,Town & Country Living
,,,entity,town & country living
,,,entity,TownCountryLiving
,,,entity,Twn & Country Lving
---,,,,
,brand_name,WEBACOO,entity,WEBACOO
,product_data,—,entity,webacoo
WEBACOO,,,entity,WEBACOOO
,,,entity,WEBACOOO
,,,entity,WABACOO
,,,entity,Sachsen-Us
,,,entity,sachsen-us
---,,,,
,brand_name,—,,
,product_data,—,,
,,,,
---,,,,
,brand_name,—,,
,product_data,—,,
,,,,
---,,,,
,brand_name,—,,
,product_data,—,,
,,,,
---,,,,
,brand_name,—,,
,product_data,—,,
,,,,
---,,,,
,brand_name,—,,
,product_data,—,,
,,,,
---,,,,
,brand_name,—,,
,product_data,—,,
,,,,
---,,,,
,brand_name,—,,
,product_data,—,,
,,,,
---,,,,
,brand_name,—,,
,product_data,—,,
,,,,
---,,,,
,brand_name,—,,
,product_data,—,,
,,,,
---,,,,
,brand_name,—,,
,product_data,—,,
,,,,
---,,,,
,brand_name,—,,
,product_data,—,,
,,,,
---,,,,
,brand_name,—,,
,product_data,—,,
,,,,
---,,,,
,brand_name,—,,
,product_data,—,,
,,,,
---,,,,
,brand_name,—,,
,product_data,—,,
,,,,
---,,,,
,brand_name,—,,
,product_data,—,,
,,,,
---,,,,
,brand_name,—,,
,product_data,—,,
,,,,
---,,,,
,brand_name,—,,
,product_data,—,,
,,,,
---,,,,
,brand_name,—,,
,product_data,—,,
,,,,
---,,,,
,brand_name,—,,
,product_data,—,,
,,,,
---,,,,
,brand_name,—,,
,product_data,—,,
,,,,
---,,,,
,brand_name,Transformers,entity,Transformers
,product_data,—,entity,transformers
Transformers,,,entity,Transfomers
,,,entity,Tranfomers
,,,entity,Transformerss
,,,entity,Optimus Prime
,,,entity,optimus prime
,,,entity,OptimusPrim
,,,entity,OptimusPrme
,,,entity,Hasbro
,,,entity,hasbro
---,,,,
,brand_name,Rx Crush,entity,Rx Crush
,product_data,—,entity,rx crush
Rx Crush,,,entity,RxCrush
,,,entity,RxCrsh
,,,entity,Rxcush
,,,entity,Vesco Medical
,,,entity,vesco medical
---,,,,
,brand_name,Rx Crush,entity,Rx Crush
,product_data,—,entity,rx crush
Rx Crush,,,entity,RxCrush
,,,entity,RxCrsh
,,,entity,RxCrus
,,,entity,Resolve Designs
,,,entity,resolve designs
---,,,,
,brand_name,Rx Crush,entity,Rx Crush
,product_data,—,entity,rx crush
Rx Crush,,,entity,RxCrush
,,,entity,RxCrsh
,,,entity,RxCrus
,,,entity,Resolve Designs
,,,entity,resolve designs
---,,,,
,brand_name,Rx Crush,entity,Rx Crush
,product_data,—,entity,rx crush
Rx Crush,,,entity,RxCrush
,,,entity,RxCrsh
,,,entity,RxCrus
,,,entity,Pill Pouch
,,,entity,pill pouch
,,,entity,PillPouch
,,,entity,PillPoch
,,,entity,Resolve Designs
,,,entity,resolve designs
---,,,,
,brand_name,iOttie,entity,iOttie
,product_data,—,entity,iotie
iOttie,,,entity,iOttie
,,,entity,iOtty
,,,entity,iOtte
,,,entity,Easy One Touch
,,,entity,EasyOneTouch
,,,entity,EasyOneTouch5
---,,,,
,brand_name,Apple,entity,Apple
,product_data,—,entity,apple
Apple,,,entity,Appl
,,,entity,Aple
,,,entity,Applle
,,,entity,AirPods
,,,entity,airpods
,,,entity,AriPods
,,,entity,AirPod
,,,entity,AirPodz
---,,,,
,brand_name,THERMOS,entity,THERMOS
,product_data,—,entity,thermos
THERMOS,,,entity,THERMO
,,,entity,THERMUS
,,,entity,THERMOSS
,,,entity,ALTA
,,,entity,alta
,,,entity,ALTA SERIES
,,,entity,Alta Series
---,,,,
,brand_name,OXO,entity,OXO
,product_data,—,entity,oxo
OXO,,,entity,OXO
,,,entity,OXXO
,,,entity,OXO
,,,entity,Good Grips
,,,entity,GoodGrips
,,,entity,GoodGrips
,,,entity,Good Grips
,,,entity,GoodGrips
,,,entity,Good Grips
---,,,,
,brand_name,The North Face,entity,The North Face
,product_data,—,entity,the north face
The North Face,,,entity,The North Facee
,,,entity,The Nort Face
,,,entity,The North Fac
,,,entity,North Face
,,,entity,north face
,,,entity,Nort Face
,,,entity,Noth Face
---,,,,
,brand_name,Transformers,entity,Transformers
,product_data,—,entity,transformers
Transformers,,,entity,Transfomers
,,,entity,Tranfomers
,,,entity,Transformerss
,,,entity,Optimus Prime
,,,entity,optimus prime
,,,entity,OptimusPrim
,,,entity,OptimusPrme
,,,entity,Hasbro
,,,entity,hasbro
---,,,,
,brand_name,Rx Crush,entity,Rx Crush
,product_data,—,entity,rx crush
Rx Crush,,,entity,RxCrush
,,,entity,RxCrsh
,,,entity,Rxcush
,,,entity,Vesco Medical
,,,entity,vesco medical
---,,,,
,brand_name,Rx Crush,entity,Rx Crush
,product_data,—,entity,rx crush
Rx Crush,,,entity,RxCrush
,,,entity,RxCrsh
,,,entity,RxCrus
,,,entity,Resolve Designs
,,,entity,resolve designs
---,,,,
,brand_name,Rx Crush,entity,Rx Crush
,product_data,—,entity,rx crush
Rx Crush,,,entity,RxCrush
,,,entity,RxCrsh
,,,entity,RxCrus
,,,entity,Resolve Designs
,,,entity,resolve designs
---,,,,
,brand_name,Rx Crush,entity,Rx Crush
,product_data,—,entity,rx crush
Rx Crush,,,entity,RxCrush
,,,entity,RxCrsh
,,,entity,RxCrus
,,,entity,Pill Pouch
,,,entity,pill pouch
,,,entity,PillPouch
,,,entity,PillPoch
,,,entity,Resolve Designs
,,,entity,resolve designs
---,,,,
,brand_name,iOttie,entity,iOttie
,product_data,—,entity,iotie
iOttie,,,entity,iOttie
,,,entity,iOtty
,,,entity,iOtte
,,,entity,Easy One Touch
,,,entity,EasyOneTouch
,,,entity,EasyOneTouch5
---,,,,
,brand_name,Apple,entity,Apple
,product_data,—,entity,apple
Apple,,,entity,Appl
,,,entity,Aple
,,,entity,Applle
,,,entity,AirPods
,,,entity,airpods
,,,entity,AriPods
,,,entity,AirPod
,,,entity,AirPodz
---,,,,
,brand_name,THERMOS,entity,THERMOS
,product_data,—,entity,thermos
THERMOS,,,entity,THERMO
,,,entity,THERMUS
,,,entity,THERMOSS
,,,entity,ALTA
,,,entity,alta
,,,entity,ALTA SERIES
,,,entity,Alta Series
---,,,,
,brand_name,OXO,entity,OXO
,product_data,—,entity,oxo
OXO,,,entity,OXO
,,,entity,OXXO
,,,entity,OXO
,,,entity,Good Grips
,,,entity,GoodGrips
,,,entity,GoodGrips
,,,entity,Good Grips
,,,entity,GoodGrips
,,,entity,Good Grips
---,,,,
,brand_name,The North Face,entity,The North Face
,product_data,—,entity,the north face
The North Face,,,entity,The North Facee
,,,entity,The Nort Face
,,,entity,The North Fac
,,,entity,North Face
,,,entity,north face
,,,entity,Nort Face
,,,entity,Noth Face
---,,,,
,brand_name,—,,
,product_data,—,,
,,,,
---,,,,
,brand_name,—,,
,product_data,—,,
,,,,
---,,,,
,brand_name,—,,
,product_data,—,,
,,,,
---,,,,
,brand_name,—,,
,product_data,—,,
,,,,
---,,,,
,brand_name,—,,
,product_data,—,,
,,,,
---,,,,
,brand_name,—,,
,product_data,—,,
,,,,
---,,,,
,brand_name,—,,
,product_data,—,,
,,,,
---,,,,
,brand_name,—,,
,product_data,—,,
,,,,
---,,,,
,brand_name,—,,
,product_data,—,,
,,,,
---,,,,
,brand_name,—,,
,product_data,—,,
,,,,
---,,,,
,brand_name,—,,
,product_data,—,,
,,,,
---,,,,
,brand_name,—,,
,product_data,—,,
,,,,
---,,,,
,brand_name,—,,
,product_data,—,,
,,,,
---,,,,
,brand_name,—,,
,product_data,—,,
,,,,
---,,,,
,brand_name,—,,
,product_data,—,,
,,,,
---,,,,
,brand_name,—,,
,product_data,—,,
,,,,
---,,,,
,brand_name,—,,
,product_data,—,,
,,,,
---,,,,
,brand_name,—,,
,product_data,—,,
,,,,
---,,,,
,brand_name,—,,
,product_data,—,,
,,,,
---,,,,
,brand_name,—,,
,product_data,—,,
,,,,
---,,,,
,brand_name,Frigidaire,entity,Frigidaire
,product_data,—,entity,frigidaire
Frigidaire,,,entity,Frigidare
,,,entity,Frigidaer
,,,entity,Frigidairee
,,,entity,EFIC117
,,,entity,efic117
,,,entity,EIC117
,,,entity,Curtis
,,,entity,curtis
---,,,,
,brand_name,Clinique,entity,Clinique
,product_data,—,entity,clinique
Clinique,,,entity,Cliniqe
,,,entity,Cliniqu
,,,entity,Clinque
,,,entity,Quickliner
,,,entity,Quicklinr
,,,entity,Quicklin
,,,entity,Cliniq
,,,entity,Clinque
---,,,,
,brand_name,Big Red House,entity,Big Red House
,product_data,—,entity,big red house
Big Red House,,,entity,BigRedHouse
,,,entity,BigRedHous
,,,entity,BigRedHse
,,,entity,Big Red
,,,entity,big red
,,,entity,BigReddHouse
,,,entity,BigRedHous
,,,entity,BigRedHse
---,,,,
,brand_name,Lenox,entity,Lenox
,product_data,—,entity,lenox
Lenox,,,entity,Leno
,,,entity,Lenx
,,,entity,Lenoex
,,,entity,Blue Bay
,,,entity,BlueBay
,,,entity,Blu Bay
,,,entity,BluBay
,,,entity,LENOX
---,,,,
,brand_name,McFarlane Toys,entity,McFarlane Toys
,product_data,—,entity,mcfarlane toys
McFarlane Toys,,,entity,McFarlane Toy
,,,entity,McFarlane
,,,entity,McFarlne
,,,entity,McFarlaneToys
,,,entity,McFarlaneToys
,,,entity,McFarlaneToys
,,,entity,McFarlaneToys
,,,entity,McFarlaneToys
,,,entity,McFarlaneToys
,,,entity,McFarlaneToys
,,,entity,McFarlaneToys
,,,entity,McFarlaneToys
,,,entity,McFarlaneToys
,,,entity,McFarlaneToys
,,,entity,McFarlaneToys
,,,entity,McFarlaneToys
,,,entity,McFarlaneToys
,,,entity,McFarlaneToys
,,,entity,McFarlaneToys
,,,entity,McFarlaneToys
,,,entity,McFarlaneToys
,,,entity,McFarlaneToys
,,,entity,McFarlaneToys
---,,,,
,brand_name,Vesco Medical,entity,Vesco Medical
,product_data,—,entity,vesco medical
Vesco Medical,,,entity,Vesco Medcal
,,,entity,Vesco Medicl
,,,entity,Vesco Med
,,,entity,ENFIT
,,,entity,ENFIT
,,,entity,ENFIT
,,,entity,EnFIT
,,,entity,Enfit
---,,,,
,brand_name,MYHELP,entity,MYHELP
,product_data,—,entity,myhelp
MYHELP,,,entity,MYHELP
,,,entity,MYHLP
,,,entity,MYHEL
,,,entity,MyHelp
,,,entity,MyHel
,,,entity,MyHlp
---,,,,
,brand_name,Binmotor,entity,Binmotor
,product_data,—,entity,binmotor
Binmotor,,,entity,Bimotor
,,,entity,Binmotr
,,,entity,Binmoto
,,,entity,Binmotr
,,,entity,Binmotor
,,,entity,Binmotor
,,,entity,Binmotor
---,,,,
,brand_name,VAHOIALD,entity,VAHOIALD
,product_data,—,entity,vahoiald
VAHOIALD,,,entity,VAHOIALD
,,,entity,VHOIALD
,,,entity,VAHOIALD
,,,entity,VHOIALD
,,,entity,VAHOIALD
,,,entity,VHOIALD
---,,,,
,brand_name,SnailBread,entity,SnailBread
,product_data,—,entity,snailbread
SnailBread,,,entity,SnailBred
,,,entity,SnailBrea
,,,entity,SnaillBread
,,,entity,SnaillBrea
,,,entity,SnaillBred
---,,,,
,brand_name,Frigidaire,entity,Frigidaire
,product_data,—,entity,frigidaire
Frigidaire,,,entity,Frigidare
,,,entity,Frigidaer
,,,entity,Frigidairee
,,,entity,EFIC117
,,,entity,efic117
,,,entity,EIC117
,,,entity,Curtis
,,,entity,curtis
---,,,,
,brand_name,Clinique,entity,Clinique
,product_data,—,entity,clinique
Clinique,,,entity,Cliniqe
,,,entity,Cliniqu
,,,entity,Clinque
,,,entity,Quickliner
,,,entity,Quicklinr
,,,entity,Quicklin
,,,entity,Cliniq
,,,entity,Clinque
---,,,,
,brand_name,Big Red House,entity,Big Red House
,product_data,—,entity,big red house
Big Red House,,,entity,BigRedHouse
,,,entity,BigRedHous
,,,entity,BigRedHse
,,,entity,Big Red
,,,entity,big red
,,,entity,BigReddHouse
,,,entity,BigRedHous
,,,entity,BigRedHse
---,,,,
,brand_name,Lenox,entity,Lenox
,product_data,—,entity,lenox
Lenox,,,entity,Leno
,,,entity,Lenx
,,,entity,Lenoex
,,,entity,Blue Bay
,,,entity,BlueBay
,,,entity,Blu Bay
,,,entity,BluBay
,,,entity,LENOX
---,,,,
,brand_name,McFarlane Toys,entity,McFarlane Toys
,product_data,—,entity,mcfarlane toys
McFarlane Toys,,,entity,McFarlane Toy
,,,entity,McFarlane
,,,entity,McFarlne
,,,entity,McFarlaneToys
,,,entity,McFarlaneToys
,,,entity,McFarlaneToys
,,,entity,McFarlaneToys
,,,entity,McFarlaneToys
,,,entity,McFarlaneToys
,,,entity,McFarlaneToys
,,,entity,McFarlaneToys
,,,entity,McFarlaneToys
,,,entity,McFarlaneToys
,,,entity,McFarlaneToys
,,,entity,McFarlaneToys
,,,entity,McFarlaneToys
,,,entity,McFarlaneToys
,,,entity,McFarlaneToys
,,,entity,McFarlaneToys
,,,entity,McFarlaneToys
,,,entity,McFarlaneToys
,,,entity,McFarlaneToys
,,,entity,McFarlaneToys
---,,,,
,brand_name,Vesco Medical,entity,Vesco Medical
,product_data,—,entity,vesco medical
Vesco Medical,,,entity,Vesco Medcal
,,,entity,Vesco Medicl
,,,entity,Vesco Med
,,,entity,ENFIT
,,,entity,ENFIT
,,,entity,ENFIT
,,,entity,EnFIT
,,,entity,Enfit
---,,,,
,brand_name,MYHELP,entity,MYHELP
,product_data,—,entity,myhelp
MYHELP,,,entity,MYHELP
,,,entity,MYHLP
,,,entity,MYHEL
,,,entity,MyHelp
,,,entity,MyHel
,,,entity,MyHlp
---,,,,
,brand_name,Binmotor,entity,Binmotor
,product_data,—,entity,binmotor
Binmotor,,,entity,Bimotor
,,,entity,Binmotr
,,,entity,Binmoto
,,,entity,Binmotr
,,,entity,Binmotor
,,,entity,Binmotor
,,,entity,Binmotor
---,,,,
,brand_name,VAHOIALD,entity,VAHOIALD
,product_data,—,entity,vahoiald
VAHOIALD,,,entity,VAHOIALD
,,,entity,VHOIALD
,,,entity,VAHOIALD
,,,entity,VHOIALD
,,,entity,VAHOIALD
,,,entity,VHOIALD
---,,,,
,brand_name,SnailBread,entity,SnailBread
,product_data,—,entity,snailbread
SnailBread,,,entity,SnailBred
,,,entity,SnailBrea
,,,entity,SnaillBread
,,,entity,SnaillBrea
,,,entity,SnaillBred
---,,,,
,brand_name,—,,
,product_data,—,,
,,,,
---,,,,
,brand_name,—,,
,product_data,—,,
,,,,
---,,,,
,brand_name,—,,
,product_data,—,,
,,,,
---,,,,
,brand_name,—,,
,product_data,—,,
,,,,
---,,,,
,brand_name,—,,
,product_data,—,,
,,,,
---,,,,
,brand_name,—,,
,product_data,—,,
,,,,
---,,,,
,brand_name,—,,
,product_data,—,,
,,,,
---,,,,
,brand_name,—,,
,product_data,—,,
,,,,
---,,,,
,brand_name,—,,
,product_data,—,,
,,,,
---,,,,
,brand_name,—,,
,product_data,—,,
,,,,
---,,,,
,brand_name,—,,
,product_data,—,,
,,,,
---,,,,
,brand_name,—,,
,product_data,—,,
,,,,
---,,,,
,brand_name,—,,
,product_data,—,,
,,,,
---,,,,
,brand_name,—,,
,product_data,—,,
,,,,
---,,,,
,brand_name,—,,
,product_data,—,,
,,,,
---,,,,
,brand_name,—,,
,product_data,—,,
,,,,
---,,,,
,brand_name,—,,
,product_data,—,,
,,,,
---,,,,
,brand_name,LCWRGS,entity,LCWRGS
,product_data,—,entity,lcwrgs
LCWRGS,,,entity,LCRGS
,,,entity,LWRGS
,,,entity,LCRG
,,,entity,LWRG
,,,entity,LCRG
,,,entity,LWRG
---,,,,
,brand_name,MiiKARE,entity,MiiKARE
,product_data,—,entity,miikare
MiiKARE,,,entity,MiikARE
,,,entity,MiikAREe
,,,entity,MiiKAREE
,,,entity,MiiKAR
,,,entity,MiiKARRE
---,,,,
,brand_name,Sony,entity,Sony
,product_data,—,entity,sony
Sony,,,entity,Soni
,,,entity,Sonny
,,,entity,Soni
,,,entity,Sny
,,,entity,WF-C510
,,,entity,WFC510
,,,entity,WFC-510
---,,,,
,brand_name,YETI,entity,YETI
,product_data,—,entity,yeti
YETI,,,entity,YETI
,,,entity,YETI
,,,entity,YETI
,,,entity,YETI
,,,entity,YETI
,,,entity,YETI
,,,entity,YETI
,,,entity,YETI
---,,,,
,brand_name,Amazon Basics,entity,Amazon Basics
,product_data,—,entity,amazon basics
Amazon Basics,,,entity,Amazn Basics
,,,entity,Amazn Baiscs
,,,entity,Amazn Basiks
,,,entity,Basics
,,,entity,basics
,,,entity,Baiscs
,,,entity,Baisk
,,,entity,Baisc
---,,,,
,brand_name,Columbia,entity,Columbia
,product_data,—,entity,columbia
Columbia,,,entity,Colmbia
,,,entity,Colmbia
,,,entity,Columiba
,,,entity,Voodoo Falls
,,,entity,VoodooFalls
,,,entity,VoodooFals
,,,entity,Voodo Falls
,,,entity,VoodoFalls
---,,,,
,brand_name,Scotsman,,
,product_data,—,,
Scotsman,,,,
---,,,,
,brand_name,L'Oreal Paris,,
,product_data,—,,
L'Oreal Paris,,,,
---,,,,
,brand_name,KitchenAid,entity,KitchenAid
,product_data,—,entity,kitchenaid
KitchenAid,,,entity,Kitchenaid
,,,entity,KitchnAid
,,,entity,KitchnAyd
,,,entity,Town & Country Living
,,,entity,town & country living
,,,entity,TownCountryLiving
,,,entity,Twn & Country Living
---,,,,
,brand_name,Godinger,entity,Godinger
,product_data,—,entity,godinger
Godinger,,,entity,Godingr
,,,entity,Godinger
,,,entity,Godinger
,,,entity,Godinger
,,,entity,Godinger
,,,entity,Godinger
,,,entity,Godinger
,,,entity,Godinger
---,,,,
,brand_name,LCWRGS,entity,LCWRGS
,product_data,—,entity,lcwrgs
LCWRGS,,,entity,LCRGS
,,,entity,LWRGS
,,,entity,LCRG
,,,entity,LWRG
,,,entity,LCRG
,,,entity,LWRG
---,,,,
,brand_name,MiiKARE,entity,MiiKARE
,product_data,—,entity,miikare
MiiKARE,,,entity,MiikARE
,,,entity,MiikAREe
,,,entity,MiiKAREE
,,,entity,MiiKAR
,,,entity,MiiKARRE
---,,,,
,brand_name,Sony,entity,Sony
,product_data,—,entity,sony
Sony,,,entity,Soni
,,,entity,Sonny
,,,entity,Soni
,,,entity,Sny
,,,entity,WF-C510
,,,entity,WFC510
,,,entity,WFC-510
---,,,,
,brand_name,YETI,entity,YETI
,product_data,—,entity,yeti
YETI,,,entity,YETI
,,,entity,YETI
,,,entity,YETI
,,,entity,YETI
,,,entity,YETI
,,,entity,YETI
,,,entity,YETI
,,,entity,YETI
---,,,,
,brand_name,Amazon Basics,entity,Amazon Basics
,product_data,—,entity,amazon basics
Amazon Basics,,,entity,Amazn Basics
,,,entity,Amazn Baiscs
,,,entity,Amazn Basiks
,,,entity,Basics
,,,entity,basics
,,,entity,Baiscs
,,,entity,Baisk
,,,entity,Baisc
---,,,,
,brand_name,Columbia,entity,Columbia
,product_data,—,entity,columbia
Columbia,,,entity,Colmbia
,,,entity,Colmbia
,,,entity,Columiba
,,,entity,Voodoo Falls
,,,entity,VoodooFalls
,,,entity,VoodooFals
,,,entity,Voodo Falls
,,,entity,VoodoFalls
---,,,,
,brand_name,Scotsman,,
,product_data,—,,
Scotsman,,,,
---,,,,
,brand_name,L'Oreal Paris,,
,product_data,—,,
L'Oreal Paris,,,,
---,,,,
,brand_name,KitchenAid,entity,KitchenAid
,product_data,—,entity,kitchenaid
KitchenAid,,,entity,Kitchenaid
,,,entity,KitchnAid
,,,entity,KitchnAyd
,,,entity,Town & Country Living
,,,entity,town & country living
,,,entity,TownCountryLiving
,,,entity,Twn & Country Living
---,,,,
,brand_name,Godinger,entity,Godinger
,product_data,—,entity,godinger
Godinger,,,entity,Godingr
,,,entity,Godinger
,,,entity,Godinger
,,,entity,Godinger
,,,entity,Godinger
,,,entity,Godinger
,,,entity,Godinger
,,,entity,Godinger
---,,,,
,brand_name,—,,
,product_data,—,,
,,,,
---,,,,
,brand_name,—,,
,product_data,—,,
,,,,
---,,,,
,brand_name,—,,
,product_data,—,,
,,,,
---,,,,
,brand_name,—,,
,product_data,—,,
,,,,
---,,,,
,brand_name,—,,
,product_data,—,,
,,,,
---,,,,
,brand_name,—,,
,product_data,—,,
,,,,
---,,,,
,brand_name,—,,
,product_data,—,,
,,,,
---,,,,
,brand_name,—,,
,product_data,—,,
,,,,
---,,,,
,brand_name,—,,
,product_data,—,,
,,,,
---,,,,
,brand_name,—,,
,product_data,—,,
,,,,
---,,,,
,brand_name,—,,
,product_data,—,,
,,,,
---,,,,
,brand_name,—,,
,product_data,—,,
,,,,
---,,,,
,brand_name,—,,
,product_data,—,,
,,,,
---,,,,
,brand_name,—,,
,product_data,—,,
,,,,
---,,,,
,brand_name,—,,
,product_data,—,,
,,,,
---,,,,
,brand_name,—,,
,product_data,—,,
,,,,
---,,,,
,brand_name,—,,
,product_data,—,,
,,,,
---,,,,
,brand_name,—,,
,product_data,—,,
,,,,
---,,,,
,brand_name,—,,
,product_data,—,,
,,,,
---,,,,
,brand_name,—,,
,product_data,—,,
,,,,
---,,,,
,brand_name,—,,
,product_data,—,,
,,,,
---,,,,
,brand_name,—,,
,product_data,—,,
,,,,
---,,,,
,brand_name,—,,
,product_data,—,,
,,,,
---,,,,
,brand_name,NECA,entity,NECA
,product_data,—,entity,neca
NECA,,,entity,NEC
,,,entity,NCA
,,,entity,NCE
,,,entity,Iron Maiden
,,,entity,iron maiden
,,,entity,IronMaidn
,,,entity,IronMaidn
,,,entity,IronMaidn
---,,,,
,brand_name,BH SUPPLIES,entity,BH SUPPLIES
,product_data,—,entity,bh supplies
BH SUPPLIES,,,entity,BH SUPPLIES
,,,entity,BH SUPPLIES
,,,entity,B SUPPLIES
,,,entity,BHSUPPLIES
,,,entity,BHSUPPLY
,,,entity,BHSUPPLY
,,,entity,BHSUPPLY
,,,entity,BHSUPPLY
---,,,,
,brand_name,MYHELP,entity,MYHELP
,product_data,—,entity,myhelp
MYHELP,,,entity,MYHELP
,,,entity,MYHEL
,,,entity,MYHLP
,,,entity,MyHelp
---,,,,
,brand_name,GINOWY,entity,GINOWY
,product_data,—,entity,ginowy
GINOWY,,,entity,GInowy
,,,entity,GInow
,,,entity,GInowy
,,,entity,GINOWY's
---,,,,
,brand_name,Krlun,entity,Krlun
,product_data,—,entity,krlun
Krlun,,,entity,Krlun
,,,entity,Krlun
,,,entity,Krlun
,,,entity,YPC
,,,entity,ypc
,,,entity,YPC
,,,entity,YPC
,,,entity,YPC
---,,,,
,brand_name,FYY,entity,FYY
,product_data,—,entity,fyy
FYY,,,entity,FY
,,,entity,FYY
,,,entity,FYYY
,,,entity,FYYW
,,,entity,FYYWARMINGMAT
---,,,,
,brand_name,OHIYO,entity,OHIYO
,product_data,—,entity,ohiyo
OHIYO,,,entity,OHIY
,,,entity,OHIY0
,,,entity,OHIY0
,,,entity,OHIYO
,,,entity,OHIYO
,,,entity,OHIYO
,,,entity,OHIYO
,,,entity,OHIYO
---,,,,
,brand_name,Marsflex,entity,Marsflex
,product_data,—,entity,marsflex
Marsflex,,,entity,Marsfex
,,,entity,Marsflx
,,,entity,Marsfleks
,,,entity,Marsmotor
,,,entity,marsmotor
---,,,,
,brand_name,Miracase,entity,Miracase
,product_data,—,entity,miracase
Miracase,,,entity,Miracse
,,,entity,Miracasee
,,,entity,Miracasee
,,,entity,Miracase
,,,entity,Miracase
,,,entity,Miracase
,,,entity,Miracase
,,,entity,Miracase
---,,,,
,brand_name,Hydro Flask,entity,Hydro Flask
,product_data,—,entity,hydro flask
Hydro Flask,,,entity,HydroFlask
,,,entity,HydroFlas
,,,entity,Hydro Flas
,,,entity,Hydr
,,,entity,Hydor
,,,entity,HydroFalsk
,,,entity,Flex Sip Lid
,,,entity,FlexSipLid
,,,entity,FlexSipLid
---,,,,
,brand_name,NECA,entity,NECA
,product_data,—,entity,neca
NECA,,,entity,NEC
,,,entity,NCA
,,,entity,NCE
,,,entity,Iron Maiden
,,,entity,iron maiden
,,,entity,IronMaidn
,,,entity,IronMaidn
,,,entity,IronMaidn
---,,,,
,brand_name,BH SUPPLIES,entity,BH SUPPLIES
,product_data,—,entity,bh supplies
BH SUPPLIES,,,entity,BH SUPPLIES
,,,entity,BH SUPPLIES
,,,entity,B SUPPLIES
,,,entity,BHSUPPLIES
,,,entity,BHSUPPLY
,,,entity,BHSUPPLY
,,,entity,BHSUPPLY
,,,entity,BHSUPPLY
---,,,,
,brand_name,MYHELP,entity,MYHELP
,product_data,—,entity,myhelp
MYHELP,,,entity,MYHELP
,,,entity,MYHEL
,,,entity,MYHLP
,,,entity,MyHelp
---,,,,
,brand_name,GINOWY,entity,GINOWY
,product_data,—,entity,ginowy
GINOWY,,,entity,GInowy
,,,entity,GInow
,,,entity,GInowy
,,,entity,GINOWY's
---,,,,
,brand_name,Krlun,entity,Krlun
,product_data,—,entity,krlun
Krlun,,,entity,Krlun
,,,entity,Krlun
,,,entity,Krlun
,,,entity,YPC
,,,entity,ypc
,,,entity,YPC
,,,entity,YPC
,,,entity,YPC
---,,,,
,brand_name,FYY,entity,FYY
,product_data,—,entity,fyy
FYY,,,entity,FY
,,,entity,FYY
,,,entity,FYYY
,,,entity,FYYW
,,,entity,FYYWARMINGMAT
---,,,,
,brand_name,OHIYO,entity,OHIYO
,product_data,—,entity,ohiyo
OHIYO,,,entity,OHIY
,,,entity,OHIY0
,,,entity,OHIY0
,,,entity,OHIYO
,,,entity,OHIYO
,,,entity,OHIYO
,,,entity,OHIYO
,,,entity,OHIYO
---,,,,
,brand_name,Marsflex,entity,Marsflex
,product_data,—,entity,marsflex
Marsflex,,,entity,Marsfex
,,,entity,Marsflx
,,,entity,Marsfleks
,,,entity,Marsmotor
,,,entity,marsmotor
---,,,,
,brand_name,Miracase,entity,Miracase
,product_data,—,entity,miracase
Miracase,,,entity,Miracse
,,,entity,Miracasee
,,,entity,Miracasee
,,,entity,Miracase
,,,entity,Miracase
,,,entity,Miracase
,,,entity,Miracase
,,,entity,Miracase
---,,,,
,brand_name,Hydro Flask,entity,Hydro Flask
,product_data,—,entity,hydro flask
Hydro Flask,,,entity,HydroFlask
,,,entity,HydroFlas
,,,entity,Hydro Flas
,,,entity,Hydr
,,,entity,Hydor
,,,entity,HydroFalsk
,,,entity,Flex Sip Lid
,,,entity,FlexSipLid
,,,entity,FlexSipLid
---,,,,
,brand_name,—,,
,product_data,—,,
,,,,
---,,,,
,brand_name,—,,
,product_data,—,,
,,,,
---,,,,
,brand_name,—,,
,product_data,—,,
,,,,
---,,,,
,brand_name,—,,
,product_data,—,,
,,,,
---,,,,
,brand_name,—,,
,product_data,—,,
,,,,
---,,,,
,brand_name,—,,
,product_data,—,,
,,,,
---,,,,
,brand_name,—,,
,product_data,—,,
,,,,
---,,,,
,brand_name,—,,
,product_data,—,,
,,,,
---,,,,
,brand_name,—,,
,product_data,—,,
,,,,
---,,,,
,brand_name,—,,
,product_data,—,,
,,,,
---,,,,
,brand_name,—,,
,product_data,—,,
,,,,
---,,,,
,brand_name,—,,
,product_data,—,,
,,,,
---,,,,
,brand_name,—,,
,product_data,—,,
,,,,
---,,,,
,brand_name,—,,
,product_data,—,,
,,,,
---,,,,
,brand_name,—,,
,product_data,—,,
,,,,
---,,,,
,brand_name,—,,
,product_data,—,,
,,,,
---,,,,
,brand_name,—,,
,product_data,—,,
,,,,
---,,,,
,brand_name,—,,
,product_data,—,,
,,,,
---,,,,
,brand_name,—,,
,product_data,—,,
,,,,
---,,,,
,brand_name,—,,
,product_data,—,,
,,,,
---,,,,
,brand_name,Simple Houseware,entity,Simple Houseware
,product_data,—,entity,simple houseware
Simple Houseware,,,entity,SimpleHouseware
,,,entity,SimpleHseware
,,,entity,Simpel Houseware
,,,entity,SimpelHseware
---,,,,
,brand_name,Patagonia,entity,Patagonia
,product_data,—,entity,patagonia
Patagonia,,,entity,Patgonia
,,,entity,Patagoniaa
,,,entity,Patgona
,,,entity,Patagonia
,,,entity,Patgonia
,,,entity,Patgona
---,,,,
,brand_name,NewAir,entity,NewAir
,product_data,—,entity,newair
NewAir,,,entity,NewAr
,,,entity,NewAirr
,,,entity,NwAir
,,,entity,NewAir
,,,entity,Newair
,,,entity,Newar
,,,entity,NewAar
,,,entity,NewAir
---,,,,
,brand_name,MAYBELLINE,entity,MAYBELLINE
,product_data,—,entity,maybelline
MAYBELLINE,,,entity,MAYBELIN
,,,entity,MAYBELINNE
,,,entity,MAYBELINE
,,,entity,Maybellin
,,,entity,Maybellin
,,,entity,Maybellin
,,,entity,Maybelline New York
,,,entity,maybelline new york
---,,,,
,brand_name,OXO,entity,OXO
,product_data,—,entity,oxo
OXO,,,entity,OXO
,,,entity,OXXO
,,,entity,OCO
,,,entity,Good Grips
,,,entity,GoodGrips
,,,entity,GoodGrips
,,,entity,Good Grips
,,,entity,GoodGrips
---,,,,
,brand_name,Mikasa,entity,Mikasa
,product_data,—,entity,mikasa
Mikasa,,,entity,Mikasa
,,,entity,Mikasa
,,,entity,Mikasa
,,,entity,Estate
,,,entity,Estte
,,,entity,Estat
,,,entity,Mikasa
,,,entity,Mikasa
,,,entity,Mikasa
---,,,,
,brand_name,Mattel,entity,Mattel
,product_data,—,entity,mattel
Mattel,,,entity,Matel
,,,entity,Mttel
,,,entity,Mattell
,,,entity,WWE
,,,entity,wwe
,,,entity,WWE
,,,entity,Wwe
---,,,,
,brand_name,BD,entity,BD
,product_data,—,entity,bd
BD,,,entity,B
,,,entity,D
,,,entity,B-D
,,,entity,B-D
,,,entity,B D
---,,,,
,brand_name,Antaly,entity,Antaly
,product_data,—,entity,antaly
Antaly,,,entity,Antlay
,,,entity,Antalyy
,,,entity,Antaly
,,,entity,Antaly
,,,entity,Antaly
,,,entity,Antaly
,,,entity,Antaly
,,,entity,Antaly
---,,,,
,brand_name,RILLEC,entity,RILLEC
,product_data,—,entity,rillec
RILLEC,,,entity,RILC
,,,entity,RILEC
,,,entity,RILIEC
,,,entity,RILEC
,,,entity,RILEC
,,,entity,RILEC
,,,entity,RILEC
,,,entity,RILEC
---,,,,
,brand_name,Simple Houseware,entity,Simple Houseware
,product_data,—,entity,simple houseware
Simple Houseware,,,entity,SimpleHouseware
,,,entity,SimpleHseware
,,,entity,Simpel Houseware
,,,entity,SimpelHseware
---,,,,
,brand_name,Patagonia,entity,Patagonia
,product_data,—,entity,patagonia
Patagonia,,,entity,Patgonia
,,,entity,Patagoniaa
,,,entity,Patgona
,,,entity,Patagonia
,,,entity,Patgonia
,,,entity,Patgona
---,,,,
,brand_name,NewAir,entity,NewAir
,product_data,—,entity,newair
NewAir,,,entity,NewAr
,,,entity,NewAirr
,,,entity,NwAir
,,,entity,NewAir
,,,entity,Newair
,,,entity,Newar
,,,entity,NewAar
,,,entity,NewAir
---,,,,
,brand_name,MAYBELLINE,entity,MAYBELLINE
,product_data,—,entity,maybelline
MAYBELLINE,,,entity,MAYBELIN
,,,entity,MAYBELINNE
,,,entity,MAYBELINE
,,,entity,Maybellin
,,,entity,Maybellin
,,,entity,Maybellin
,,,entity,Maybelline New York
,,,entity,maybelline new york
---,,,,
,brand_name,OXO,entity,OXO
,product_data,—,entity,oxo
OXO,,,entity,OXO
,,,entity,OXXO
,,,entity,OCO
,,,entity,Good Grips
,,,entity,GoodGrips
,,,entity,GoodGrips
,,,entity,Good Grips
,,,entity,GoodGrips
---,,,,
,brand_name,Mikasa,entity,Mikasa
,product_data,—,entity,mikasa
Mikasa,,,entity,Mikasa
,,,entity,Mikasa
,,,entity,Mikasa
,,,entity,Estate
,,,entity,Estte
,,,entity,Estat
,,,entity,Mikasa
,,,entity,Mikasa
,,,entity,Mikasa
---,,,,
,brand_name,Mattel,entity,Mattel
,product_data,—,entity,mattel
Mattel,,,entity,Matel
,,,entity,Mttel
,,,entity,Mattell
,,,entity,WWE
,,,entity,wwe
,,,entity,WWE
,,,entity,Wwe
---,,,,
,brand_name,BD,entity,BD
,product_data,—,entity,bd
BD,,,entity,B
,,,entity,D
,,,entity,B-D
,,,entity,B-D
,,,entity,B D
---,,,,
,brand_name,Antaly,entity,Antaly
,product_data,—,entity,antaly
Antaly,,,entity,Antlay
,,,entity,Antalyy
,,,entity,Antaly
,,,entity,Antaly
,,,entity,Antaly
,,,entity,Antaly
,,,entity,Antaly
,,,entity,Antaly
---,,,,
,brand_name,RILLEC,entity,RILLEC
,product_data,—,entity,rillec
RILLEC,,,entity,RILC
,,,entity,RILEC
,,,entity,RILIEC
,,,entity,RILEC
,,,entity,RILEC
,,,entity,RILEC
,,,entity,RILEC
,,,entity,RILEC
---,,,,
,brand_name,—,,
,product_data,—,,
,,,,
---,,,,
,brand_name,—,,
,product_data,—,,
,,,,
---,,,,
,brand_name,—,,
,product_data,—,,
,,,,
---,,,,
,brand_name,—,,
,product_data,—,,
,,,,
---,,,,
,brand_name,—,,
,product_data,—,,
,,,,
---,,,,
,brand_name,—,,
,product_data,—,,
,,,,
---,,,,
,brand_name,—,,
,product_data,—,,
,,,,
---,,,,
,brand_name,—,,
,product_data,—,,
,,,,
---,,,,
,brand_name,—,,
,product_data,—,,
,,,,
---,,,,
,brand_name,—,,
,product_data,—,,
,,,,
---,,,,
,brand_name,—,,
,product_data,—,,
,,,,
---,,,,
,brand_name,—,,
,product_data,—,,
,,,,
---,,,,
,brand_name,—,,
,product_data,—,,
,,,,
---,,,,
,brand_name,—,,
,product_data,—,,
,,,,
---,,,,
,brand_name,—,,
,product_data,—,,
,,,,
---,,,,
,brand_name,—,,
,product_data,—,,
,,,,
---,,,,
,brand_name,—,,
,product_data,—,,
,,,,
---,,,,
,brand_name,—,,
,product_data,—,,
,,,,
---,,,,
,brand_name,—,,
,product_data,—,,
,,,,
---,,,,
,brand_name,—,,
,product_data,—,,
,,,,
---,,,,
,brand_name,Gtonster,entity,Gtonster
,product_data,—,entity,gtonster
Gtonster,,,entity,Gtonstr
,,,entity,Gtonster
,,,entity,Gtonste
,,,entity,Gtonst
,,,entity,Gtonster
,,,entity,Gtonster
---,,,,
,brand_name,FYY,entity,FYY
,product_data,—,entity,fyy
FYY,,,entity,FY
,,,entity,FYYW
,,,entity,FYYW
,,,entity,FYYW
,,,entity,FYYW
,,,entity,FYYW
,,,entity,FYYW
,,,entity,FYYW
---,,,,
,brand_name,NANYI,entity,NANYI
,product_data,—,entity,nanyi
NANYI,,,entity,NAYNI
,,,entity,NANY
,,,entity,NAYI
,,,entity,NANYI
,,,entity,NANYI
---,,,,
,brand_name,POHILA,entity,POHILA
,product_data,—,entity,pohila
POHILA,,,entity,POHIL
,,,entity,POHILA
,,,entity,POHILA
,,,entity,POHILA
,,,entity,POHILA
---,,,,
,brand_name,VANMASS,entity,VANMASS
,product_data,—,entity,vanmass
VANMASS,,,entity,VANMASS
,,,entity,Vanmas
,,,entity,VANMAS
,,,entity,VANMASS
,,,entity,VANMASS
,,,entity,VANMASS
,,,entity,VANMASS
---,,,,
,brand_name,Bose,entity,Bose
,product_data,—,entity,bose
Bose,,,entity,Bsoe
,,,entity,Bosee
,,,entity,Bosee
,,,entity,QuietComfort
,,,entity,QuietComfor
,,,entity,QuietComfrot
,,,entity,QuietComfirt
,,,entity,QuietComfory
---,,,,
,brand_name,STANLEY,entity,STANLEY
,product_data,—,entity,stanley
STANLEY,,,entity,STANLY
,,,entity,STANLEY
,,,entity,STANLEY
,,,entity,Stanly
,,,entity,Stanlye
,,,entity,Stanly
,,,entity,IceFlow
,,,entity,IceFlow
,,,entity,IceFlow
,,,entity,IceFlow
,,,entity,IceFlow
,,,entity,IceFlow
,,,entity,IceFlow
,,,entity,IceFlow
,,,entity,IceFlow
,,,entity,IceFlow
,,,entity,IceFlow
,,,entity,IceFlow
,,,entity,IceFlow
,,,entity,IceFlow
,,,entity,IceFlow
,,,entity,IceFlow
,,,entity,IceFlow
---,,,,
,brand_name,Mind Reader,entity,Mind Reader
,product_data,—,entity,mind reader
Mind Reader,,,entity,MInd Reader
,,,entity,Mnd Reader
,,,entity,MindReder
,,,entity,EMS Mind Reader
,,,entity,EMS mind reader
,,,entity,EMS MInd Reader
,,,entity,EMS Mnd Reader
,,,entity,EMS MindReder
---,,,,
,brand_name,Arc'teryx,entity,Arc'teryx
,product_data,—,entity,arc'teryx
Arc'teryx,,,entity,Arcteryx
,,,entity,Arcteryx
,,,entity,ArcTeryx
,,,entity,ArcTeryx
,,,entity,Arc'teryx
,,,entity,Arc'teryx
,,,entity,Arc'teryx
,,,entity,Arc'teryx
---,,,,
,brand_name,Silonn,entity,Silonn
,product_data,—,entity,silonn
Silonn,,,entity,Sillon
,,,entity,Silon
,,,entity,Silonnn
---,,,,
,brand_name,Gtonster,entity,Gtonster
,product_data,—,entity,gtonster
Gtonster,,,entity,Gtonstr
,,,entity,Gtonster
,,,entity,Gtonste
,,,entity,Gtonst
,,,entity,Gtonster
,,,entity,Gtonster
---,,,,
,brand_name,FYY,entity,FYY
,product_data,—,entity,fyy
FYY,,,entity,FY
,,,entity,FYYW
,,,entity,FYYW
,,,entity,FYYW
,,,entity,FYYW
,,,entity,FYYW
,,,entity,FYYW
,,,entity,FYYW
---,,,,
,brand_name,NANYI,entity,NANYI
,product_data,—,entity,nanyi
NANYI,,,entity,NAYNI
,,,entity,NANY
,,,entity,NAYI
,,,entity,NANYI
,,,entity,NANYI
---,,,,
,brand_name,POHILA,entity,POHILA
,product_data,—,entity,pohila
POHILA,,,entity,POHIL
,,,entity,POHILA
,,,entity,POHILA
,,,entity,POHILA
,,,entity,POHILA
---,,,,
,brand_name,VANMASS,entity,VANMASS
,product_data,—,entity,vanmass
VANMASS,,,entity,VANMASS
,,,entity,Vanmas
,,,entity,VANMAS
,,,entity,VANMASS
,,,entity,VANMASS
,,,entity,VANMASS
,,,entity,VANMASS
---,,,,
,brand_name,Bose,entity,Bose
,product_data,—,entity,bose
Bose,,,entity,Bsoe
,,,entity,Bosee
,,,entity,Bosee
,,,entity,QuietComfort
,,,entity,QuietComfor
,,,entity,QuietComfrot
,,,entity,QuietComfirt
,,,entity,QuietComfory
---,,,,
,brand_name,STANLEY,entity,STANLEY
,product_data,—,entity,stanley
STANLEY,,,entity,STANLY
,,,entity,STANLEY
,,,entity,STANLEY
,,,entity,Stanly
,,,entity,Stanlye
,,,entity,Stanly
,,,entity,IceFlow
,,,entity,IceFlow
,,,entity,IceFlow
,,,entity,IceFlow
,,,entity,IceFlow
,,,entity,IceFlow
,,,entity,IceFlow
,,,entity,IceFlow
,,,entity,IceFlow
,,,entity,IceFlow
,,,entity,IceFlow
,,,entity,IceFlow
,,,entity,IceFlow
,,,entity,IceFlow
,,,entity,IceFlow
,,,entity,IceFlow
,,,entity,IceFlow
---,,,,
,brand_name,Mind Reader,entity,Mind Reader
,product_data,—,entity,mind reader
Mind Reader,,,entity,MInd Reader
,,,entity,Mnd Reader
,,,entity,MindReder
,,,entity,EMS Mind Reader
,,,entity,EMS mind reader
,,,entity,EMS MInd Reader
,,,entity,EMS Mnd Reader
,,,entity,EMS MindReder
---,,,,
,brand_name,Arc'teryx,entity,Arc'teryx
,product_data,—,entity,arc'teryx
Arc'teryx,,,entity,Arcteryx
,,,entity,Arcteryx
,,,entity,ArcTeryx
,,,entity,ArcTeryx
,,,entity,Arc'teryx
,,,entity,Arc'teryx
,,,entity,Arc'teryx
,,,entity,Arc'teryx
---,,,,
,brand_name,Silonn,entity,Silonn
,product_data,—,entity,silonn
Silonn,,,entity,Sillon
,,,entity,Silon
,,,entity,Silonnn
---,,,,
,brand_name,—,,
,product_data,—,,
,,,,
---,,,,
,brand_name,—,,
,product_data,—,,
,,,,
---,,,,
,brand_name,—,,
,product_data,—,,
,,,,
---,,,,
,brand_name,—,,
,product_data,—,,
,,,,
---,,,,
,brand_name,—,,
,product_data,—,,
,,,,
---,,,,
,brand_name,—,,
,product_data,—,,
,,,,
---,,,,
,brand_name,—,,
,product_data,—,,
,,,,
---,,,,
,brand_name,—,,
,product_data,—,,
,,,,
---,,,,
,brand_name,—,,
,product_data,—,,
,,,,
---,,,,
,brand_name,—,,
,product_data,—,,
,,,,
---,,,,
,brand_name,—,,
,product_data,—,,
,,,,
---,,,,
,brand_name,—,,
,product_data,—,,
,,,,
---,,,,
,brand_name,—,,
,product_data,—,,
,,,,
---,,,,
,brand_name,—,,
,product_data,—,,
,,,,
---,,,,
,brand_name,—,,
,product_data,—,,
,,,,
---,,,,
,brand_name,—,,
,product_data,—,,
,,,,
---,,,,
,brand_name,—,,
,product_data,—,,
,,,,
---,,,,
,brand_name,—,,
,product_data,—,,
,,,,
---,,,,
,brand_name,—,,
,product_data,—,,
,,,,
---,,,,
,brand_name,—,,
,product_data,—,,
,,,,
---,,,,
,brand_name,Almay,entity,Almay
,product_data,—,entity,almay
Almay,,,entity,Almy
,,,entity,Almayy
,,,entity,Almayy
,,,entity,Almay
,,,entity,Almay
,,,entity,Almay
,,,entity,Almay
,,,entity,Almay
---,,,,
,brand_name,Le Creuset,entity,Le Creuset
,product_data,—,entity,le creuset
Le Creuset,,,entity,Le Creuset
,,,entity,Le Creseut
,,,entity,Le Creusset
,,,entity,LeCreuset
,,,entity,LeCreset
,,,entity,LeCresuet
---,,,,
,brand_name,kate spade new york,entity,kate spade new york
,product_data,—,entity,kate spade new york
kate spade new york,,,entity,kate spade new york
,,,entity,kate spade new york
,,,entity,kate spade new york
,,,entity,Kate Spade New York
,,,entity,Kate Spade New York
,,,entity,Kate Spade New York
,,,entity,Kate Spade New York
,,,entity,Kate Spade New York
---,,,,
,brand_name,Funko,entity,Funko
,product_data,—,entity,funko
Funko,,,entity,Funk
,,,entity,Funkoe
,,,entity,Funkko
,,,entity,Pop
---,,,,
,brand_name,Monoject,entity,Monoject
,product_data,—,entity,monoject
Monoject,,,entity,Monject
,,,entity,Monjectt
,,,entity,Monojct
,,,entity,3ml
---,,,,
,brand_name,MED PRIDE,entity,MED PRIDE
,product_data,—,entity,med pride
MED PRIDE,,,entity,MEDPRIDE
,,,entity,MedPride
,,,entity,Med Prid
,,,entity,Shield Line
,,,entity,shield line
,,,entity,Shild Line
,,,entity,Shild Lne
,,,entity,ShildLn
---,,,,
,brand_name,SAN AUTO,entity,SAN AUTO
,product_data,—,entity,san auto
SAN AUTO,,,entity,SANATU
,,,entity,SAN ATO
,,,entity,SANAUTO
,,,entity,HD-Mart
,,,entity,hd-mart
---,,,,
,brand_name,CAMKORY,entity,CAMKORY
,product_data,—,entity,camkory
CAMKORY,,,entity,CAMKRY
,,,entity,CAmkory
,,,entity,CAmkoryy
---,,,,
,brand_name,itrusou,entity,itrusou
,product_data,—,entity,itrusou
itrusou,,,entity,itrusou
,,,entity,itrusou
,,,entity,itrusou
,,,entity,itrusou
,,,entity,itrusou
,,,entity,itrusou
,,,entity,itrusou
,,,entity,itrusou
---,,,,
,brand_name,Oerdoh,entity,Oerdoh
,product_data,—,entity,oerdoh
Oerdoh,,,entity,Oerdh
,,,entity,Oerdho
,,,entity,Oerdohh
---,,,,
,brand_name,Almay,entity,Almay
,product_data,—,entity,almay
Almay,,,entity,Almy
,,,entity,Almayy
,,,entity,Almayy
,,,entity,Almay
,,,entity,Almay
,,,entity,Almay
,,,entity,Almay
,,,entity,Almay
---,,,,
,brand_name,Le Creuset,entity,Le Creuset
,product_data,—,entity,le creuset
Le Creuset,,,entity,Le Creuset
,,,entity,Le Creseut
,,,entity,Le Creusset
,,,entity,LeCreuset
,,,entity,LeCreset
,,,entity,LeCresuet
---,,,,
,brand_name,kate spade new york,entity,kate spade new york
,product_data,—,entity,kate spade new york
kate spade new york,,,entity,kate spade new york
,,,entity,kate spade new york
,,,entity,kate spade new york
,,,entity,Kate Spade New York
,,,entity,Kate Spade New York
,,,entity,Kate Spade New York
,,,entity,Kate Spade New York
,,,entity,Kate Spade New York
---,,,,
,brand_name,Funko,entity,Funko
,product_data,—,entity,funko
Funko,,,entity,Funk
,,,entity,Funkoe
,,,entity,Funkko
,,,entity,Pop
---,,,,
,brand_name,Monoject,entity,Monoject
,product_data,—,entity,monoject
Monoject,,,entity,Monject
,,,entity,Monjectt
,,,entity,Monojct
,,,entity,3ml
---,,,,
,brand_name,MED PRIDE,entity,MED PRIDE
,product_data,—,entity,med pride
MED PRIDE,,,entity,MEDPRIDE
,,,entity,MedPride
,,,entity,Med Prid
,,,entity,Shield Line
,,,entity,shield line
,,,entity,Shild Line
,,,entity,Shild Lne
,,,entity,ShildLn
---,,,,
,brand_name,SAN AUTO,entity,SAN AUTO
,product_data,—,entity,san auto
SAN AUTO,,,entity,SANATU
,,,entity,SAN ATO
,,,entity,SANAUTO
,,,entity,HD-Mart
,,,entity,hd-mart
---,,,,
,brand_name,CAMKORY,entity,CAMKORY
,product_data,—,entity,camkory
CAMKORY,,,entity,CAMKRY
,,,entity,CAmkory
,,,entity,CAmkoryy
---,,,,
,brand_name,itrusou,entity,itrusou
,product_data,—,entity,itrusou
itrusou,,,entity,itrusou
,,,entity,itrusou
,,,entity,itrusou
,,,entity,itrusou
,,,entity,itrusou
,,,entity,itrusou
,,,entity,itrusou
,,,entity,itrusou
---,,,,
,brand_name,Oerdoh,entity,Oerdoh
,product_data,—,entity,oerdoh
Oerdoh,,,entity,Oerdh
,,,entity,Oerdho
,,,entity,Oerdohh
---,,,,
,brand_name,—,,
,product_data,—,,
,,,,
---,,,,
,brand_name,—,,
,product_data,—,,
,,,,
---,,,,
,brand_name,—,,
,product_data,—,,
,,,,
---,,,,
,brand_name,—,,
,product_data,—,,
,,,,
---,,,,
,brand_name,—,,
,product_data,—,,
,,,,
---,,,,
,brand_name,—,,
,product_data,—,,
,,,,
---,,,,
,brand_name,—,,
,product_data,—,,
,,,,
---,,,,
,brand_name,—,,
,product_data,—,,
,,,,
---,,,,
,brand_name,—,,
,product_data,—,,
,,,,
---,,,,
,brand_name,—,,
,product_data,—,,
,,,,
---,,,,
,brand_name,—,,
,product_data,—,,
,,,,
---,,,,
,brand_name,—,,
,product_data,—,,
,,,,
---,,,,
,brand_name,—,,
,product_data,—,,
,,,,
---,,,,
,brand_name,—,,
,product_data,—,,
,,,,
---,,,,
,brand_name,—,,
,product_data,—,,
,,,,
---,,,,
,brand_name,—,,
,product_data,—,,
,,,,
---,,,,
,brand_name,—,,
,product_data,—,,
,,,,
---,,,,
,brand_name,—,,
,product_data,—,,
,,,,
---,,,,
,brand_name,—,,
,product_data,—,,
,,,,
---,,,,
,brand_name,—,,
,product_data,—,,
,,,,
---,,,,
,brand_name,Aeagle,entity,Aeagle
,product_data,—,entity,aeagle
Aeagle,,,entity,Aegle
,,,entity,Aegale
,,,entity,Aegle
,,,entity,AEagle
---,,,,
,brand_name,Soundcore,entity,Soundcore
,product_data,—,entity,soundcore
Soundcore,,,entity,Soundcor
,,,entity,Sondcore
,,,entity,Soundcroe
,,,entity,P30i
,,,entity,p30i
,,,entity,P30
,,,entity,P3i
,,,entity,Anker
,,,entity,anker
,,,entity,Ankr
,,,entity,Akner
,,,entity,Annker
---,,,,
,brand_name,Contigo,entity,Contigo
,product_data,—,entity,contigo
Contigo,,,entity,Contgo
,,,entity,Contigoo
,,,entity,Contigo
,,,entity,Contig
,,,entity,Jackson
,,,entity,Jaksn
,,,entity,Jaksn
,,,entity,Jaksn
,,,entity,Jaksn
---,,,,
,brand_name,EUHOMY,entity,EUHOMY
,product_data,—,entity,euhomy
EUHOMY,,,entity,Euhomy
,,,entity,Euhomy
,,,entity,Euhomy
,,,entity,Euhomy
,,,entity,Euhomy
,,,entity,Euhomy
,,,entity,Euhomy
,,,entity,Euhomy
---,,,,
,brand_name,URBAN DECAY,entity,URBAN DECAY
,product_data,—,entity,urban decay
URBAN DECAY,,,entity,URBANDECA
,,,entity,URBN DCA
,,,entity,URBANDY
,,,entity,24/7
,,,entity,twenty four seven
,,,entity,24 7
---,,,,
,brand_name,All-Clad,entity,All-Clad
,product_data,—,entity,all-clad
All-Clad,,,entity,Al-Clad
,,,entity,AllClad
,,,entity,AlClad
,,,entity,Silicone
,,,entity,Silcone
,,,entity,Slicone
,,,entity,Clad
---,,,,
,brand_name,Bandai Namco,entity,Bandai Namco
,product_data,—,entity,bandai namco
Bandai Namco,,,entity,BandaiNamo
,,,entity,BandaiNamo
,,,entity,Bndai Namco
,,,entity,Bandai
,,,entity,bandai
,,,entity,Bndai
,,,entity,Bndai
,,,entity,Namco
,,,entity,namco
,,,entity,Namcoo
,,,entity,Namcoo
---,,,,
,brand_name,McKesson,entity,McKesson
,product_data,—,entity,mckesson
McKesson,,,entity,McKssn
,,,entity,McKesson
,,,entity,Mckesson
,,,entity,Mckssn
---,,,,
,brand_name,SurviveX,entity,SurviveX
,product_data,—,entity,survivex
SurviveX,,,entity,SurviveXx
,,,entity,Surviex
,,,entity,SurvveX
,,,entity,Zip Stitch
,,,entity,ZipStitch
,,,entity,SurviveX's
,,,entity,SurviveX
,,,entity,SurviveXx
---,,,,
,brand_name,VIWIK,entity,VIWIK
,product_data,—,entity,viwik
VIWIK,,,entity,Viwk
,,,entity,Viwik
,,,entity,Viwik
,,,entity,VIWIK
,,,entity,VIWIK
,,,entity,VIWIK
,,,entity,VIWIK
---,,,,
,brand_name,Aeagle,entity,Aeagle
,product_data,—,entity,aeagle
Aeagle,,,entity,Aegle
,,,entity,Aegale
,,,entity,Aegle
,,,entity,AEagle
---,,,,
,brand_name,Soundcore,entity,Soundcore
,product_data,—,entity,soundcore
Soundcore,,,entity,Soundcor
,,,entity,Sondcore
,,,entity,Soundcroe
,,,entity,P30i
,,,entity,p30i
,,,entity,P30
,,,entity,P3i
,,,entity,Anker
,,,entity,anker
,,,entity,Ankr
,,,entity,Akner
,,,entity,Annker
---,,,,
,brand_name,Contigo,entity,Contigo
,product_data,—,entity,contigo
Contigo,,,entity,Contgo
,,,entity,Contigoo
,,,entity,Contigo
,,,entity,Contig
,,,entity,Jackson
,,,entity,Jaksn
,,,entity,Jaksn
,,,entity,Jaksn
,,,entity,Jaksn
---,,,,
,brand_name,EUHOMY,entity,EUHOMY
,product_data,—,entity,euhomy
EUHOMY,,,entity,Euhomy
,,,entity,Euhomy
,,,entity,Euhomy
,,,entity,Euhomy
,,,entity,Euhomy
,,,entity,Euhomy
,,,entity,Euhomy
,,,entity,Euhomy
---,,,,
,brand_name,URBAN DECAY,entity,URBAN DECAY
,product_data,—,entity,urban decay
URBAN DECAY,,,entity,URBANDECA
,,,entity,URBN DCA
,,,entity,URBANDY
,,,entity,24/7
,,,entity,twenty four seven
,,,entity,24 7
---,,,,
,brand_name,All-Clad,entity,All-Clad
,product_data,—,entity,all-clad
All-Clad,,,entity,Al-Clad
,,,entity,AllClad
,,,entity,AlClad
,,,entity,Silicone
,,,entity,Silcone
,,,entity,Slicone
,,,entity,Clad
---,,,,
,brand_name,Bandai Namco,entity,Bandai Namco
,product_data,—,entity,bandai namco
Bandai Namco,,,entity,BandaiNamo
,,,entity,BandaiNamo
,,,entity,Bndai Namco
,,,entity,Bandai
,,,entity,bandai
,,,entity,Bndai
,,,entity,Bndai
,,,entity,Namco
,,,entity,namco
,,,entity,Namcoo
,,,entity,Namcoo
---,,,,
,brand_name,McKesson,entity,McKesson
,product_data,—,entity,mckesson
McKesson,,,entity,McKssn
,,,entity,McKesson
,,,entity,Mckesson
,,,entity,Mckssn
---,,,,
,brand_name,SurviveX,entity,SurviveX
,product_data,—,entity,survivex
SurviveX,,,entity,SurviveXx
,,,entity,Surviex
,,,entity,SurvveX
,,,entity,Zip Stitch
,,,entity,ZipStitch
,,,entity,SurviveX's
,,,entity,SurviveX
,,,entity,SurviveXx
---,,,,
,brand_name,VIWIK,entity,VIWIK
,product_data,—,entity,viwik
VIWIK,,,entity,Viwk
,,,entity,Viwik
,,,entity,Viwik
,,,entity,VIWIK
,,,entity,VIWIK
,,,entity,VIWIK
,,,entity,VIWIK
---,,,,
,brand_name,—,,
,product_data,—,,
,,,,
---,,,,
,brand_name,—,,
,product_data,—,,
,,,,
---,,,,
,brand_name,—,,
,product_data,—,,
,,,,
---,,,,
,brand_name,—,,
,product_data,—,,
,,,,
---,,,,
,brand_name,—,,
,product_data,—,,
,,,,
---,,,,
,brand_name,—,,
,product_data,—,,
,,,,
---,,,,
,brand_name,—,,
,product_data,—,,
,,,,
---,,,,
,brand_name,—,,
,product_data,—,,
,,,,
---,,,,
,brand_name,—,,
,product_data,—,,
,,,,
---,,,,
,brand_name,—,,
,product_data,—,,
,,,,
---,,,,
,brand_name,—,,
,product_data,—,,
,,,,
---,,,,
,brand_name,—,,
,product_data,—,,
,,,,
---,,,,
,brand_name,—,,
,product_data,—,,
,,,,
---,,,,
,brand_name,—,,
,product_data,—,,
,,,,
---,,,,
,brand_name,—,,
,product_data,—,,
,,,,
---,,,,
,brand_name,—,,
,product_data,—,,
,,,,
---,,,,
,brand_name,—,,
,product_data,—,,
,,,,
---,,,,
,brand_name,—,,
,product_data,—,,
,,,,
---,,,,
,brand_name,—,,
,product_data,—,,
,,,,
---,,,,
,brand_name,—,,
,product_data,—,,
,,,,
---,,,,
,brand_name,SMARTKLIK,entity,SMARTKLIK
,product_data,—,entity,smartklik
SMARTKLIK,,,entity,SMRTKLIK
,,,entity,SMARTKIK
,,,entity,SMARTKLIK
,,,entity,SMARTKLIK
,,,entity,SMARTKLIK
,,,entity,SMARTKLIK
,,,entity,SMARTKLIK
,,,entity,SMARTKLIK
---,,,,
,brand_name,SMARTKLIK,entity,SMARTKLIK
,product_data,—,entity,smartklik
SMARTKLIK,,,entity,SMRTKLIK
,,,entity,SMARTKIK
,,,entity,SMARTKLIK
,,,entity,SMARTKLIK
,,,entity,SMARTKLIK
,,,entity,SMARTKLIK
,,,entity,SMARTKLIK
,,,entity,SMARTKLIK
---,,,,
,brand_name,Homelove,entity,Homelove
,product_data,—,entity,homelove
Homelove,,,entity,Homelov
,,,entity,Homelovee
,,,entity,Homelovve
,,,entity,Warming Mat
---,,,,
,brand_name,Homelove,entity,Homelove
,product_data,—,entity,homelove
Homelove,,,entity,Homelov
,,,entity,Homelovee
,,,entity,Homelovve
,,,entity,Warming Mat
---,,,,
,brand_name,Nectar & Nest,entity,Nectar & Nest
,product_data,—,entity,nectar & nest
Nectar & Nest,,,entity,NectarNest
,,,entity,NectrNest
,,,entity,NectarNst
,,,entity,Nest
,,,entity,nest
,,,entity,Nst
,,,entity,Nesst
,,,entity,Nectr
---,,,,
,brand_name,Nectar & Nest,entity,Nectar & Nest
,product_data,—,entity,nectar & nest
Nectar & Nest,,,entity,NectarNest
,,,entity,NectrNest
,,,entity,NectarNst
,,,entity,Nest
,,,entity,nest
,,,entity,Nst
,,,entity,Nesst
,,,entity,Nectr
---,,,,
,brand_name,A-NAFTULY,entity,A-NAFTULY
,product_data,—,entity,a-naftuly
A-NAFTULY,,,entity,A-NAFTULY
,,,entity,A-NAFTULY
,,,entity,A-NAFTULY
,,,entity,A-NAFTULY
,,,entity,A-NAFTULY
,,,entity,A-NAFTULY
,,,entity,A-NAFTULY
,,,entity,A-NAFTULY
---,,,,
,brand_name,A-NAFTULY,entity,A-NAFTULY
,product_data,—,entity,a-naftuly
A-NAFTULY,,,entity,A-NAFTULY
,,,entity,A-NAFTULY
,,,entity,A-NAFTULY
,,,entity,A-NAFTULY
,,,entity,A-NAFTULY
,,,entity,A-NAFTULY
,,,entity,A-NAFTULY
,,,entity,A-NAFTULY
---,,,,
,brand_name,orealtrend,entity,orealtrend
,product_data,—,entity,orealtrend
orealtrend,,,entity,orealtrnd
,,,entity,orealtrnd
,,,entity,orealtrndd
---,,,,
,brand_name,orealtrend,entity,orealtrend
,product_data,—,entity,orealtrend
orealtrend,,,entity,orealtrnd
,,,entity,orealtrnd
,,,entity,orealtrndd
---,,,,
,brand_name,microMend,entity,microMend
,product_data,—,entity,micromend
microMend,,,entity,micromnd
,,,entity,micromendd
,,,entity,micromed
,,,entity,microMend
,,,entity,microMend
,,,entity,microMend
,,,entity,microMend
,,,entity,microMend
---,,,,
,brand_name,microMend,entity,microMend
,product_data,—,entity,micromend
microMend,,,entity,micromnd
,,,entity,micromendd
,,,entity,micromed
,,,entity,microMend
,,,entity,microMend
,,,entity,microMend
,,,entity,microMend
,,,entity,microMend
---,,,,
,brand_name,PALATO,entity,PALATO
,product_data,—,entity,palato
PALATO,,,entity,PALTO
,,,entity,PALATOE
,,,entity,PALATO
,,,entity,Palato
,,,entity,PALATO
,,,entity,PALATO
,,,entity,PALATO
,,,entity,PALATO
---,,,,
,brand_name,PALATO,entity,PALATO
,product_data,—,entity,palato
PALATO,,,entity,PALTO
,,,entity,PALATOE
,,,entity,PALATO
,,,entity,Palato
,,,entity,PALATO
,,,entity,PALATO
,,,entity,PALATO
,,,entity,PALATO
---,,,,
,brand_name,VYNCS,entity,VYNCS
,product_data,—,entity,vyncs
VYNCS,,,entity,VYNS
,,,entity,VYCS
,,,entity,VYNC
,,,entity,VYNS
,,,entity,VYNS
,,,entity,VYNS
,,,entity,VYNS
,,,entity,VYNS
---,,,,
,brand_name,VYNCS,entity,VYNCS
,product_data,—,entity,vyncs
VYNCS,,,entity,VYNS
,,,entity,VYCS
,,,entity,VYNC
,,,entity,VYNS
,,,entity,VYNS
,,,entity,VYNS
,,,entity,VYNS
,,,entity,VYNS
---,,,,
,brand_name,RoadNow,entity,RoadNow
,product_data,—,entity,roadnow
RoadNow,,,entity,RoadNw
,,,entity,RodNow
,,,entity,RoaNow
,,,entity,RoadNaw
---,,,,
,brand_name,RoadNow,entity,RoadNow
,product_data,—,entity,roadnow
RoadNow,,,entity,RoadNw
,,,entity,RodNow
,,,entity,RoaNow
,,,entity,RoadNaw
---,,,,
,brand_name,honiitaa,entity,honiitaa
,product_data,—,entity,honiitaa
honiitaa,,,entity,honiita
,,,entity,honiitaa
,,,entity,honiitaa
,,,entity,honiitaa
,,,entity,honiitaa
---,,,,
,brand_name,honiitaa,entity,honiitaa
,product_data,—,entity,honiitaa
honiitaa,,,entity,honiita
,,,entity,honiitaa
,,,entity,honiitaa
,,,entity,honiitaa
,,,entity,honiitaa
---,,,,
