ASIN / Brand,Input Field,Input Value,Output Type,Entity
B09F5WVMHV,brand_name,Similac,entity,Similac
https://www.amazon.com/dp/B09F5WVMHV,product_data,—,entity,similac
Similac,,,entity,Similac 360
,,,entity,Similac 360 Total Care
,,,entity,Similac360
,,,entity,Similac360TotalCare
,,,entity,Simalac
,,,entity,Similac 3-60
,,,entity,Similac 360T
,,,entity,Similac360T
,,,entity,Abbott Laboratories
---,,,,
B09B2NH25Y,brand_name,Aussie Bubs,entity,Aussie Bubs
https://www.amazon.com/dp/B09B2NH25Y,product_data,—,entity,aussie bubs
Aussie Bubs,,,entity,AussieBubs
,,,entity,AussieBub
,,,entity,Aussie Bub
,,,entity,Aussie Bubs Toddler Formula
,,,entity,Bubs
,,,entity,Bubbs
,,,entity,Aussie Bubs Goat Milk
,,,entity,Aussie Bubs Formula
,,,entity,Aussie Bubs Toddler
,,,entity,Aussie Bubs Goat
,,,entity,Aussie Bubs A2
,,,entity,Aussie Bubs DHA
,,,entity,Aussie Bubs ARA
---,,,,
B07BLK36WY,brand_name,Enfamil,entity,Enfamil
https://www.amazon.com/dp/B07BLK36WY,product_data,—,entity,enfamil
Enfamil,,,entity,Enfammil
,,,entity,Enfamill
,,,entity,Enfmal
,,,entity,Enfam
,,,entity,NeuroPro
,,,entity,NeuroPro
,,,entity,NeuroPro
,,,entity,NeuroPro
,,,entity,NeuroPro
,,,entity,NeuroPro
,,,entity,NeuroPro
---,,,,
B0CLY15LBC,brand_name,Kabrita,entity,Kabrita
https://www.amazon.com/dp/B0CLY15LBC,product_data,—,entity,kabrita
Kabrita,,,entity,Kabrta
,,,entity,Kabritta
,,,entity,Kabrita's
,,,entity,Kabrit
,,,entity,Kabrita Goat Milk
,,,entity,Kabrita Infant Formula
---,,,,
B0CZ7N9BQH,brand_name,NUTRICIA PEPTICATE,entity,NUTRICIA PEPTICATE
https://www.amazon.com/dp/B0CZ7N9BQH,product_data,—,entity,Nutricia
NUTRICIA PEPTICATE,,,entity,Pepticate
,,,entity,pepticate
,,,entity,NUTRICIA
,,,entity,Nutriciia
,,,entity,NUTRICIA PEPTICATEE
,,,entity,Peptikate
,,,entity,Peptikate
,,,entity,Pepticatee
---,,,,
B0BLD92Z7Q,brand_name,Similac,entity,Similac
https://www.amazon.com/dp/B0BLD92Z7Q,product_data,—,entity,similac
Similac,,,entity,Similac 360
,,,entity,Similac 360 Total Care
,,,entity,Similac360
,,,entity,Similac360TotalCare
,,,entity,Simalac
,,,entity,Similac 3
,,,entity,Similac Total Care
,,,entity,Similac 360 Care
,,,entity,Abbott Laboratories
---,,,,
B0DCLL5XLB,brand_name,Aussie Bubs,entity,Aussie Bubs
https://www.amazon.com/dp/B0DCLL5XLB,product_data,—,entity,AussieBubs
Aussie Bubs,,,entity,Aussie Bubz
,,,entity,Aussie Bubs Goat Milk
,,,entity,Bubs
,,,entity,Bubz
,,,entity,Bubs Goat Milk
,,,entity,Bubs Toddler Formulas
,,,entity,Bubs Whole Goat Milk
,,,entity,Bubs Goat Milk Infant Formula
,,,entity,bubs
,,,entity,bubz
,,,entity,Bubz Goat Milk
,,,entity,Bubs Formula
,,,entity,Bubs Premium
---,,,,
B09DTK1JG9,brand_name,Similac,entity,Similac
https://www.amazon.com/dp/B09DTK1JG9,product_data,—,entity,similac
Similac,,,entity,Similac 360 Total Care
,,,entity,Similac360
,,,entity,Similac 360
,,,entity,Similac360TotalCare
,,,entity,Simalac
,,,entity,Similac 360 Total Care
,,,entity,Similac 360 Total Care*
,,,entity,Similac 360 Total Care
,,,entity,Similac360TotalCare
,,,entity,Abbott Laboratories
---,,,,
B0BBN6BCFJ,brand_name,Aussie Bubs,entity,Aussie Bubs
https://www.amazon.com/dp/B0BBN6BCFJ,product_data,—,entity,AussieBubs
Aussie Bubs,,,entity,Aussie bubs
,,,entity,Bubs
,,,entity,bubs
,,,entity,Bubbs
,,,entity,Bubz
,,,entity,Bubs Supreme
,,,entity,Bubs Supreme Follow-On Formula
,,,entity,Bubs Goat Milk
,,,entity,Bubs Toddler
,,,entity,Bubs Toddler Formulas
---,,,,
B09DTGC3MC,brand_name,Similac,entity,Similac
https://www.amazon.com/dp/B09DTGC3MC,product_data,—,entity,similac
Similac,,,entity,Similac360
,,,entity,Similac 360
,,,entity,Similac360TotalCare
,,,entity,Similac 360 Total Care
,,,entity,Similac360TotalCareInfantFormula
,,,entity,Similac 360 Total Care Infant Formula
,,,entity,Abbott Nutrition
,,,entity,Abbott Laboratories
---,,,,
B0DCLC2LT8,brand_name,Aussie Bubs,entity,Aussie Bubs
https://www.amazon.com/dp/B0DCLC2LT8,product_data,—,entity,Bubs
Aussie Bubs,,,entity,bubs
,,,entity,AussieBubs
,,,entity,AussieBub
,,,entity,AussieBubbs
,,,entity,Bubbs
,,,entity,Bub
,,,entity,Bubs Goat
,,,entity,Bubs Goat Milk
,,,entity,Bubs Goat Toddler
,,,entity,Bubs Toddler
,,,entity,Bubs Toddler Formulas
---,,,,
B00OJ87EHG,brand_name,Similac,entity,Similac
https://www.amazon.com/dp/B00OJ87EHG,product_data,—,entity,similac
Similac,,,entity,Similac Advance
,,,entity,Similac Advance*
,,,entity,MySimilac
,,,entity,Similac Advance
,,,entity,Abbott Nutrition
,,,entity,Abbott Laboratories
---,,,,
B077MH1HGK,brand_name,Enfamil,entity,Enfamil
https://www.amazon.com/dp/B077MH1HGK,product_data,—,entity,enfamil
Enfamil,,,entity,Enfammil
,,,entity,Enfamel
,,,entity,Enfamile
,,,entity,Enfamill
,,,entity,NeuroPro
---,,,,
B001CCUJOC,brand_name,Similac,entity,Similac
https://www.amazon.com/dp/B001CCUJOC,product_data,—,entity,similac
Similac,,,entity,Similac Advance
,,,entity,Similac Advnce
,,,entity,Similac Aavance
,,,entity,Similac Adavance
,,,entity,Similac Advanse
,,,entity,Similac Advnace
,,,entity,Similac Advancee
,,,entity,Similac Advance*
,,,entity,Similac Advance Formula
,,,entity,Similac Advance Infant Formula
---,,,,
B006609HYI,brand_name,Enfamil,entity,Enfamil
https://www.amazon.com/dp/B006609HYI,product_data,—,entity,enfamil
Enfamil,,,entity,Enfammil
,,,entity,Enfanel
,,,entity,Enfamile
,,,entity,Enfamill
,,,entity,NeuroPro
,,,entity,NeuroPro
,,,entity,NeuroPro
,,,entity,HuMO6
,,,entity,HuMo6
,,,entity,Humo6
---,,,,
B0BL638W1W,brand_name,Similac,entity,Similac
https://www.amazon.com/dp/B0BL638W1W,product_data,—,entity,similac
Similac,,,entity,Similac360
,,,entity,Similac 360
,,,entity,Similac Total Care
,,,entity,Similac360 Total Care
,,,entity,Abbott
,,,entity,Simalac
,,,entity,Similacc
,,,entity,Similac 3
,,,entity,Similac 3600
,,,entity,Similac Tota Care
,,,entity,Similac 360 Total Care
---,,,,
B010SCPNX8,brand_name,Enfamil,entity,Enfamil
https://www.amazon.com/dp/B010SCPNX8,product_data,—,entity,enfamil
Enfamil,,,entity,Enfammil
,,,entity,Enfamel
,,,entity,Enfamill
,,,entity,NeuroPro
,,,entity,Neuropro
,,,entity,NeuroPro Gentlease
,,,entity,Neuropro Gentlease
,,,entity,Gentlease
,,,entity,HuMO6
,,,entity,HuMo6
,,,entity,Mead Johnson & Company
---,,,,
B09V781F98,brand_name,Similac,entity,Similac
https://www.amazon.com/dp/B09V781F98,product_data,—,entity,similac
Similac,,,entity,Similac360
,,,entity,Similac 360
,,,entity,Similac360TotalCare
,,,entity,Similac Total Care
,,,entity,Similac360TotalCare
,,,entity,Abbott
,,,entity,AbbottNutrition
,,,entity,AbbottLaboratories
---,,,,
B00C5HPHZO,brand_name,Enfamil,entity,Enfamil
https://www.amazon.com/dp/B00C5HPHZO,product_data,—,entity,enfamil
Enfamil,,,entity,Enfammil
,,,entity,Enfamel
,,,entity,Enfamill
,,,entity,NeuroPro
,,,entity,Neuropro
,,,entity,NeuroPro Gentlease
,,,entity,Neuropro Gentlease
,,,entity,HuMO6
,,,entity,HuMo6
,,,entity,Gentlease
---,,,,
B00L99TS2M,brand_name,Enfamil,entity,Enfamil
https://www.amazon.com/dp/B00L99TS2M,product_data,—,entity,enfamil
Enfamil,,,entity,Enfammil
,,,entity,Enfamel
,,,entity,Enfamill
,,,entity,NeuroPro
,,,entity,Neuropro
,,,entity,NeuroPro Gentlease
,,,entity,Neuropro Gentlease
,,,entity,NeuroProGentlease
,,,entity,NeuroproGentlease
,,,entity,HuMO6
,,,entity,HuMo6
,,,entity,HumO6
,,,entity,Hum06
,,,entity,Gentlease
,,,entity,GentleEase
---,,,,
B0D8291NSJ,brand_name,Philips Avent,entity,Philips Avent
https://www.amazon.com/dp/B0D8291NSJ,product_data,—,entity,philips avent
Philips Avent,,,entity,Philips Aven
,,,entity,Philips Avint
,,,entity,Philips Aventt
,,,entity,Avent
,,,entity,Soothie
,,,entity,Soothie Pacifier
,,,entity,Soothie Snuggle
---,,,,
B0F3LQKX3T,brand_name,NUK,entity,NUK
https://www.amazon.com/dp/B0F3LQKX3T,product_data,—,entity,nuk
NUK,,,entity,Nuk
,,,entity,Nukc
,,,entity,Nuk
,,,entity,Nuk
,,,entity,Nuk
,,,entity,Nuk
,,,entity,NUK Comfy
,,,entity,NUK Timeless Collection
,,,entity,NUK orthodontic
---,,,,
B0BZK6YQ2W,brand_name,Dr. Brown's,entity,Dr. Brown's
https://www.amazon.com/dp/B0BZK6YQ2W,product_data,—,entity,dr. brown's
Dr. Brown's,,,entity,Dr Brown
,,,entity,Dr Browns
,,,entity,Dr. Browns
,,,entity,HappyPaci
,,,entity,HappiPaci
,,,entity,Happy Paci
,,,entity,HappyPaci
,,,entity,HappyPaci
,,,entity,Dr. Brown
,,,entity,Dr Brown
,,,entity,Dr. Brown
,,,entity,Dr. Brown's
,,,entity,Dr. Brown's
,,,entity,Dr. Brown's
,,,entity,Dr. Brown's
---,,,,
B098F54NTK,brand_name,Bibs,entity,Bibs
https://www.amazon.com/dp/B098F54NTK,product_data,—,entity,bibs
Bibs,,,entity,Bibs
,,,entity,Bibs
,,,entity,Bibs
,,,entity,Bibs
,,,entity,BIBS
,,,entity,BIBS
,,,entity,BIBS
,,,entity,BIBS
,,,entity,BIBBS
,,,entity,Bibs
,,,entity,Bibs
,,,entity,Bibs
,,,entity,Bibs
,,,entity,Bibs
,,,entity,Bibs
,,,entity,BIBS
,,,entity,BIBS
,,,entity,BIBS
,,,entity,BIBS
---,,,,
B07T9GCR7X,brand_name,Philips Avent,entity,Philips Avent
https://www.amazon.com/dp/B07T9GCR7X,product_data,—,entity,Philips AVENT
Philips Avent,,,entity,Philips
,,,entity,Avent
,,,entity,Soothie
,,,entity,"Soothie, Children’s Medical Ventures"
,,,entity,PhilipsAvent
,,,entity,PhilipsAventt
,,,entity,Philips Avnt
,,,entity,Philips Aventt
,,,entity,Philips Aven
,,,entity,Soothiee
,,,entity,Soothi
,,,entity,Soothee
,,,entity,Soothe
,,,entity,Suthie
,,,entity,Suthiee
---,,,,
B01KDWCC1O,brand_name,Green Sprouts,entity,Green Sprouts
https://www.amazon.com/dp/B01KDWCC1O,product_data,—,entity,green sprouts
Green Sprouts,,,entity,Grean Sprouts
,,,entity,Green Sproutz
,,,entity,Green Sprouts Cool Calm Press
---,,,,
B07TDN9MKC,brand_name,Philips Avent,entity,Philips Avent
https://www.amazon.com/dp/B07TDN9MKC,product_data,—,entity,philips avent
Philips Avent,,,entity,Philips Aven
,,,entity,Philips Avint
,,,entity,Philips Aventt
,,,entity,Soothie
,,,entity,Soothies
,,,entity,Soothy
,,,entity,Soothe
,,,entity,Soothie Snuggle
---,,,,
B0D82PQKPC,brand_name,Philips Avent,entity,Philips Avent
https://www.amazon.com/dp/B0D82PQKPC,product_data,—,entity,philips avent
Philips Avent,,,entity,Philips Aven
,,,entity,Philips Avint
,,,entity,Philips Aventt
,,,entity,Soothie
,,,entity,Soothie Pacifier
,,,entity,Soothie Snuggle
---,,,,
B0F3LK3ZSJ,brand_name,NUK,entity,NUK
https://www.amazon.com/dp/B0F3LK3ZSJ,product_data,—,entity,nuk
NUK,,,entity,Nuk
,,,entity,Nukc
,,,entity,Nuk
,,,entity,Nuk
,,,entity,Nuk
,,,entity,Nuk
,,,entity,NUK Comfy
,,,entity,NUK Timeless Collection
,,,entity,NUK orthodontic
---,,,,
B085ZJLP3W,brand_name,NUK,entity,NUK
https://www.amazon.com/dp/B085ZJLP3W,product_data,—,entity,nuk
NUK,,,entity,Nuk
,,,entity,Nukc
,,,entity,NUK
,,,entity,Nuk
,,,entity,NUKAA
,,,entity,NUK Pacifiers
,,,entity,NUK orthodontic
,,,entity,NUK sensitive
---,,,,
B0876YPZKG,brand_name,NUK,entity,NUK
https://www.amazon.com/dp/B0876YPZKG,product_data,—,entity,nuk
NUK,,,entity,Nuk
,,,entity,Nukc
,,,entity,NUK Comfy
,,,entity,NUK Comfy™
,,,entity,NUK®
,,,entity,NUK orthodontic
,,,entity,NUK pacifiers
,,,entity,NUK Comfy pacifiers
,,,entity,NUK orthodontic pacifiers
---,,,,
B0913M1188,brand_name,NUK,entity,NUK
https://www.amazon.com/dp/B0913M1188,product_data,—,entity,nuk
NUK,,,entity,Nuk
,,,entity,Nuk Comfy
,,,entity,NUK Comfy
,,,entity,NUK Comfy™
,,,entity,NUK®
,,,entity,NUK orthodontic
,,,entity,NUK orthodontic pacifiers
,,,entity,Graco
,,,entity,Graco Children's Products
---,,,,
B0876Z32W5,brand_name,NUK,entity,NUK
https://www.amazon.com/dp/B0876Z32W5,product_data,—,entity,nuk
NUK,,,entity,Nuk
,,,entity,Nukc
,,,entity,NUK Comfy
,,,entity,NUK Comfy™
,,,entity,NUK orthodontic
,,,entity,NUK®
,,,entity,NUK orthodontic pacifiers
---,,,,
B0F9KQK45H,brand_name,NUK,entity,NUK
https://www.amazon.com/dp/B0F9KQK45H,product_data,—,entity,nuk
NUK,,,entity,Nuk
,,,entity,Nukc
,,,entity,Nuk
,,,entity,Nukaa
,,,entity,NUK Comfy
,,,entity,NUK orthodontic
---,,,,
B0F3KX6K58,brand_name,NUK,entity,NUK
https://www.amazon.com/dp/B0F3KX6K58,product_data,—,entity,nuk
NUK,,,entity,Nuk
,,,entity,Nukc
,,,entity,Nuk
,,,entity,Nuk
,,,entity,Nuk
,,,entity,Nuk
,,,entity,NUK Comfy
,,,entity,NUK Timeless Collection
,,,entity,NUK orthodontic
---,,,,
B0876YMCZ3,brand_name,NUK,entity,NUK
https://www.amazon.com/dp/B0876YMCZ3,product_data,—,entity,nuk
NUK,,,entity,Nuk
,,,entity,Nuk Comfy
,,,entity,NUK Comfy
,,,entity,NUK Comfy™
,,,entity,NUK®
,,,entity,NUK orthodontic
,,,entity,NUK orthodontic pacifiers
,,,entity,NUK Comfy pacifiers
,,,entity,NUK pacifiers
,,,entity,NUK silicone
,,,entity,NUK medical-grade silicone
---,,,,
B0914D1RQL,brand_name,NUK,entity,NUK
https://www.amazon.com/dp/B0914D1RQL,product_data,—,entity,nuk
NUK,,,entity,Nuk
,,,entity,Nuk Comfy
,,,entity,NUK Comfy
,,,entity,NUK Comfy™
,,,entity,NUK®
,,,entity,NUK orthodontic
,,,entity,NUK orthodontic pacifiers
,,,entity,Graco
,,,entity,Graco Children's Products
---,,,,
B09XJJB478,brand_name,Dr. Brown's,entity,Dr. Brown's
https://www.amazon.com/dp/B09XJJB478,product_data,—,entity,dr. brown's
Dr. Brown's,,,entity,Dr Brown
,,,entity,Dr. Browns
,,,entity,Dr. Brown
,,,entity,Dr. Brown's HappyPaci
,,,entity,HappyPaci
,,,entity,Happy Paci
,,,entity,Dr Brown HappyPaci
,,,entity,Dr Brown's HappyPaci
---,,,,
B09XJJFL4P,brand_name,Dr. Brown's,entity,Dr. Brown's
https://www.amazon.com/dp/B09XJJFL4P,product_data,—,entity,dr. brown's
Dr. Brown's,,,entity,Dr Brown's
,,,entity,Dr. Browns
,,,entity,Dr. Brown
,,,entity,Dr Brown
,,,entity,HappyPaci
,,,entity,Happy Paci
,,,entity,HappyPaci
,,,entity,HappiPaci
,,,entity,Happi Paci
---,,,,
B004YQLMGW,brand_name,Dr. Brown's,entity,Dr. Brown's
https://www.amazon.com/dp/B004YQLMGW,product_data,—,entity,dr. brown's
Dr. Brown's,,,entity,Dr Brown's
,,,entity,Dr. Browns
,,,entity,Dr Brown
,,,entity,Dr. Brown
,,,entity,Brown's
,,,entity,Natural Flow
,,,entity,Options+
,,,entity,Anti-Colic
,,,entity,Karewell Brands
,,,entity,Karewell
,,,entity,Karewell Brands Inc
---,,,,
B007UIYYXY,brand_name,Disney,entity,Disney
https://www.amazon.com/dp/B007UIYYXY,product_data,—,entity,disney
Disney,,,entity,Dizney
,,,entity,Dizni
,,,entity,Dizny
,,,entity,Minnie Mouse
,,,entity,Minnie Mouss
,,,entity,Minnie Mowse
,,,entity,Minnie Mowz
,,,entity,Minnie Mowse
,,,entity,Regent Baby Products
---,,,,
B019YJS09K,brand_name,Munchkin,entity,Munchkin
https://www.amazon.com/dp/B019YJS09K,product_data,—,entity,munchkin
Munchkin,,,entity,Munchkinn
,,,entity,Munckin
,,,entity,Munchkin's
,,,entity,Munchkin Latch
,,,entity,Munchkin Latch Sterilize Bags
---,,,,
B000BOA9QK,brand_name,Hartz,entity,Hartz
https://www.amazon.com/dp/B000BOA9QK,product_data,—,entity,hartz
Hartz,,,entity,Hartz
,,,entity,Hartz
,,,entity,Hartz
,,,entity,Hartz Precision Nutrition
---,,,,
B00H0DH2KG,brand_name,Lansinoh,entity,Lansinoh
https://www.amazon.com/dp/B00H0DH2KG,product_data,—,entity,lansinoh
Lansinoh,,,entity,Lansino
,,,entity,Lansinohh
,,,entity,Lansinoh's
,,,entity,NaturalWave
,,,entity,NaturalWave Nipple
,,,entity,Lansinoh Momma
,,,entity,Lansinoh Laboratories
---,,,,
B00XUSPRNY,brand_name,Dr Brown's Natural Flow,entity,Dr Brown's Natural Flow
https://www.amazon.com/dp/B00XUSPRNY,product_data,—,entity,Dr Brown's
Dr Brown's Natural Flow,,,entity,Dr Browns
,,,entity,Dr. Brown's
,,,entity,Dr. Browns
,,,entity,Dr Brown
,,,entity,Dr. Brown
,,,entity,Dr Brown's Options
,,,entity,Dr Browns Options
,,,entity,Dr. Brown's Options
,,,entity,Dr. Brown Options
,,,entity,Dr Brown Options
,,,entity,Dr Brown's Natural Flow Options
,,,entity,Dr. Brown's Natural Flow
,,,entity,Dr Browns Natural Flow
,,,entity,Dr. Browns Natural Flow
,,,entity,Dr Brown Natural Flow
,,,entity,Dr. Brown Natural Flow
,,,entity,Options
,,,entity,Options Bottle
,,,entity,Options Bottles
---,,,,
B073X7S1ZT,brand_name,Evenflo,entity,Evenflo
https://www.amazon.com/dp/B073X7S1ZT,product_data,—,entity,evenflo
Evenflo,,,entity,Evnfl
,,,entity,Eevnflo
,,,entity,Evenfloow
,,,entity,Evenflo Balance
,,,entity,Balance Plus
,,,entity,Wide Neck Bottle
---,,,,
B0042FISYY,brand_name,Evenflo,entity,Evenflo
https://www.amazon.com/dp/B0042FISYY,product_data,—,entity,Even Flo
Evenflo,,,entity,Evenflo Feeding
,,,entity,Evenflo Vented + Bottles
,,,entity,Proflo
,,,entity,Proflo Venting Technology
,,,entity,evenflo
,,,entity,even flo
,,,entity,Evnfl
,,,entity,Eevenflo
,,,entity,EvenfloFeeding
,,,entity,EvenfloVented
,,,entity,ProfloVent
,,,entity,EvnFlo
,,,entity,EvenfloVntd
,,,entity,EvenfloVntdBtls
---,,,,
B004D5E590,brand_name,Evenflo,entity,Evenflo
https://www.amazon.com/dp/B004D5E590,product_data,—,entity,evenflo
Evenflo,,,entity,Evnfl
,,,entity,Eevenflo
,,,entity,Evenflo
,,,entity,Evnflo
,,,entity,Eevnfl
,,,entity,Evenflo Classic
,,,entity,Classic Clear
,,,entity,Evenflo Classic Clear
---,,,,
B00PTX82SU,brand_name,Disney,entity,Disney
https://www.amazon.com/dp/B00PTX82SU,product_data,—,entity,disney
Disney,,,entity,Dizney
,,,entity,Dizni
,,,entity,Dizn
,,,entity,Mickey Mouse
,,,entity,Mickey Mousse
,,,entity,Mickey Mowse
,,,entity,Mickey Mousee
,,,entity,Regent Baby Products
---,,,,
B0DLB5HG4T,brand_name,Hikido,entity,Hikido
https://www.amazon.com/dp/B0DLB5HG4T,product_data,—,entity,hikido
Hikido,,,entity,Hikd
,,,entity,Hikidoo
,,,entity,Hikidoa
,,,entity,Hikidoe
---,,,,
B00L8AHHZW,brand_name,RABBIT SKINS,entity,RABBIT SKINS
https://www.amazon.com/dp/B00L8AHHZW,product_data,—,entity,Rabbit Skins
RABBIT SKINS,,,entity,rabbit skins
,,,entity,Rabitt Skins
,,,entity,Rabit Skins
,,,entity,RABIT SKINS
,,,entity,RABBIT SKIN
,,,entity,RABBIT SKINZ
,,,entity,Rabbit Skinz
,,,entity,Rabbit Skin
,,,entity,Rabbitt Skins
,,,entity,Rabbitt Skinz
---,,,,
B09VD2WLKR,brand_name,DaMohony,entity,DaMohony
https://www.amazon.com/dp/B09VD2WLKR,product_data,—,entity,damohony
DaMohony,,,entity,DahMohny
,,,entity,DaMony
,,,entity,DaMohonny
,,,entity,DaMohonyy
,,,entity,DaMohony Finger Protector
---,,,,
B09SMGF2LS,brand_name,Simple Joys by Carter's,entity,Simple Joys by Carter's
https://www.amazon.com/dp/B09SMGF2LS,product_data,—,entity,simple joys by carter's
Simple Joys by Carter's,,,entity,Simple Joys
,,,entity,Carter's
,,,entity,SimpleJoys
,,,entity,SimpleJoysByCarters
,,,entity,SimpleJoysByCarters
,,,entity,Simpel Joys by Carter's
,,,entity,Simpel Joys
,,,entity,Carter
,,,entity,Carter's
---,,,,
B0CGZCJZ2V,brand_name,KESYOO,entity,KESYOO
https://www.amazon.com/dp/B0CGZCJZ2V,product_data,—,entity,kesyoo
KESYOO,,,entity,Kessyoo
,,,entity,Kasyoo
,,,entity,Kasyu
,,,entity,KESSYOO
---,,,,
B0CB8R9WFG,brand_name,Handepo,entity,Handepo
https://www.amazon.com/dp/B0CB8R9WFG,product_data,—,entity,handepo
Handepo,,,entity,Handepoo
,,,entity,Handep
,,,entity,Handepo
,,,entity,Handepoo
,,,entity,Handep0
,,,entity,Handep0o
---,,,,
B0FDLB2VTR,brand_name,Generic,entity,Generic
https://www.amazon.com/dp/B0FDLB2VTR,product_data,—,entity,generic
Generic,,,entity,Genric
,,,entity,Gneric
,,,entity,Generc
,,,entity,essentials hoodie
---,,,,
B07VZ8947Q,brand_name,Prism Fabrics & Crafts,entity,Prism Fabrics & Crafts
https://www.amazon.com/dp/B07VZ8947Q,product_data,—,entity,Prism Fabrics
Prism Fabrics & Crafts,,,entity,Prism
,,,entity,Spechler-Vogel
,,,entity,SpechlerVogel
,,,entity,Spechler Vogel
,,,entity,Pima Cotton
,,,entity,Pima
,,,entity,PimaCott
---,,,,
B0FM71G7ZV,brand_name,HSCTEK,entity,HSCTEK
https://www.amazon.com/dp/B0FM71G7ZV,product_data,—,entity,hsctek
HSCTEK,,,entity,HSTEK
,,,entity,HSCTK
,,,entity,HSCTECK
,,,entity,HSCTEKK
---,,,,
B0DLFBDT45,brand_name,Hikido,entity,Hikido
https://www.amazon.com/dp/B0DLFBDT45,product_data,—,entity,hikido
Hikido,,,entity,Hikidoo
,,,entity,Hikidoa
,,,entity,Hikidoe
,,,entity,Hikidoo
,,,entity,Hikidoz
---,,,,
B0DLB878DX,brand_name,Hikido,entity,Hikido
https://www.amazon.com/dp/B0DLB878DX,product_data,—,entity,hikido
Hikido,,,entity,Hikd
,,,entity,Hikidoo
,,,entity,Hikidoa
,,,entity,Hikidoe
---,,,,
B0BWJRX2KQ,brand_name,Petbobi,entity,Petbobi
https://www.amazon.com/dp/B0BWJRX2KQ,product_data,—,entity,petbobi
Petbobi,,,entity,Pettbobi
,,,entity,Petbobi
,,,entity,Petbobi5in1
,,,entity,PetbobiCarrier
,,,entity,PetbobiStroller
---,,,,
B0B1D4VTX7,brand_name,Petbobi,entity,Petbobi
https://www.amazon.com/dp/B0B1D4VTX7,product_data,—,entity,petbobi
Petbobi,,,entity,Petbobi
,,,entity,Petbobi
,,,entity,Petbobi
,,,entity,Pettbobi
,,,entity,Petbobi
,,,entity,Petbobi
,,,entity,Petbobi
,,,entity,Petbobi
,,,entity,Petbobi
,,,entity,Petbobi
,,,entity,Petbobi
,,,entity,Petbobi
,,,entity,Petbobi
,,,entity,Petbobi
---,,,,
B0CGLY3W9R,brand_name,Petbobi,entity,Petbobi
https://www.amazon.com/dp/B0CGLY3W9R,product_data,—,entity,petbobi
Petbobi,,,entity,Pettbobi
,,,entity,Petbobi
,,,entity,Petboby
,,,entity,Petbobi Dog Stroller
---,,,,
B0DSYSR7CR,brand_name,Petbobi,entity,Petbobi
https://www.amazon.com/dp/B0DSYSR7CR,product_data,—,entity,petbobi
Petbobi,,,entity,Pettbobi
,,,entity,Petbobi
,,,entity,Petboby
,,,entity,Petbobi Dog Wagon
,,,entity,Petbobi Stroller
---,,,,
B0CGLYYL1M,brand_name,Petbobi,entity,Petbobi
https://www.amazon.com/dp/B0CGLYYL1M,product_data,—,entity,petbobi
Petbobi,,,entity,Pettbobi
,,,entity,Petbobi's
,,,entity,Petboby
,,,entity,Petbobi Dog Stroller
---,,,,
B09XQG5N2K,brand_name,Petbobi,entity,Petbobi
https://www.amazon.com/dp/B09XQG5N2K,product_data,—,entity,petbobi
Petbobi,,,entity,Petbobi
,,,entity,Petbobi
,,,entity,Pettbobi
,,,entity,Petbobi
,,,entity,Petbobi
,,,entity,Petbobi
,,,entity,Petbobi
,,,entity,Petbobi
,,,entity,Petbobi
,,,entity,Petbobi
,,,entity,Petbobi
,,,entity,Petbobi
,,,entity,Petbobi
,,,entity,Petbobi
---,,,,
B07DK8L1R1,brand_name,Petbobi,entity,Petbobi
https://www.amazon.com/dp/B07DK8L1R1,product_data,—,entity,petbobi
Petbobi,,,entity,Pettbobi
,,,entity,Petbobi Stroller
,,,entity,Petbobi Pet Stroller
,,,entity,Petbobi Dog Stroller
,,,entity,Petbobi Wagon
,,,entity,Towerin
---,,,,
B0DSZ79DBH,brand_name,Petbobi,entity,Petbobi
https://www.amazon.com/dp/B0DSZ79DBH,product_data,—,entity,petbobi
Petbobi,,,entity,Pettbobi
,,,entity,Petbobi
,,,entity,Petboby
,,,entity,Petbobi Dog Wagon
,,,entity,Petbobi Stroller
---,,,,
B0DZCCLJ43,brand_name,Petbobi,entity,Petbobi
https://www.amazon.com/dp/B0DZCCLJ43,product_data,—,entity,petbobi
Petbobi,,,entity,Pettbobi
,,,entity,Petbobi
,,,entity,Petboby
,,,entity,Petbobi Dog Stroller
---,,,,
B09BZ9D4FX,brand_name,Petbobi,entity,Petbobi
https://www.amazon.com/dp/B09BZ9D4FX,product_data,—,entity,petbobi
Petbobi,,,entity,Pettbobi
,,,entity,Petbobi
,,,entity,Petboby
,,,entity,Petbobi Stroller
,,,entity,Petbobi Wagon
---,,,,
B0DCZDF1KM,brand_name,Petbobi,entity,Petbobi
https://www.amazon.com/dp/B0DCZDF1KM,product_data,—,entity,petbobi
Petbobi,,,entity,Pettbobi
,,,entity,Petbobi
,,,entity,Petboby
,,,entity,Petbobi Dog Stroller
---,,,,
