ASIN / Brand,Input Field,Input Value,Output Type,Entity
B00NGJDX42,brand_name,Lay's Stax,entity,Lay's Stax
https://www.amazon.com/dp/B00NGJDX42,product_data,—,entity,Lays Stax
Lay's Stax,,,entity,Lays
,,,entity,Lay Stax
,,,entity,Lay's
,,,entity,Lay Staxx
,,,entity,LAY'S STAX
,,,entity,LAY'S
,,,entity,Lays Stax Potato Crisps
,,,entity,Buffalo Ranch
,,,entity,Xtra FLAMIN’ HOT
,,,entity,Buffalo Wings with Ranch
---,,,,
B01MU2QE0D,brand_name,Epic,entity,Epic
https://www.amazon.com/dp/B01MU2QE0D,product_data,—,entity,epic
Epic,,,entity,Epick
,,,entity,Epiq
,,,entity,Epik
,,,entity,EPIC Provisions
,,,entity,EPIC
,,,entity,Epic Provisions
,,,entity,Epic Provisions Pork Rinds
---,,,,
B01M0JEGKO,brand_name,Paqui Tortilla Chips,entity,Paqui
https://www.amazon.com/dp/B01M0JEGKO,product_data,—,entity,paqui
Paqui Tortilla Chips,,,entity,Paqi
,,,entity,Paki
,,,entity,Paqqui
,,,entity,Paquii
,,,entity,Haunted Ghost Pepper
,,,entity,Ghost Pepper
---,,,,
B07H5PSGF2,brand_name,BRADS PLANT BASED,entity,BRADS PLANT BASED
https://www.amazon.com/dp/B07H5PSGF2,product_data,—,entity,brads plant based
BRADS PLANT BASED,,,entity,Brads Plant Based
,,,entity,Brads Plant Based Kale Cheeze It Up
,,,entity,Brads Plant Based Kale Cheeze
,,,entity,Brads Plant Based Cheeze
,,,entity,Brads Plant Based Chips
,,,entity,Brads Plant Based Chip
---,,,,
B01N1OUZU7,brand_name,Popcorners,entity,Popcorners
https://www.amazon.com/dp/B01N1OUZU7,product_data,—,entity,popcorners
Popcorners,,,entity,Popcorner
,,,entity,Popcornerss
,,,entity,Popcorners'
,,,entity,Medora Snacks
---,,,,
B08W3HVQBH,brand_name,REAL FOOD FROM THE GROUND UP,entity,REAL FOOD FROM THE GROUND UP
https://www.amazon.com/dp/B08W3HVQBH,product_data,—,entity,From The Ground Up
REAL FOOD FROM THE GROUND UP,,,entity,real food from the ground up
,,,entity,Real Food From The Ground Up
,,,entity,FromTheGroundUp
,,,entity,RealFoodFromTheGroundUp
,,,entity,GroundUp
,,,entity,Ground Up
,,,entity,M.V.C.
,,,entity,Cauliflower Chips
,,,entity,Cauliflower Tortilla Chip
---,,,,
B0018Q7LQ6,brand_name,Truly Indian,entity,Truly Indian
https://www.amazon.com/dp/B0018Q7LQ6,product_data,—,entity,truly indian
Truly Indian,,,entity,TrulyIndan
,,,entity,TrulyIndin
,,,entity,Truly Indan
,,,entity,Truly Indin
,,,entity,TrulyInd
,,,entity,TrulyIndi
,,,entity,TrulyIndan
,,,entity,TrulyIndin
,,,entity,TrulyIndan
,,,entity,TrulyIndin
---,,,,
B078BBZM8S,brand_name,Mi Nina,entity,Mi Nina
https://www.amazon.com/dp/B078BBZM8S,product_data,—,entity,mi nina
Mi Nina,,,entity,MiNina
,,,entity,MiNinaa
,,,entity,Mi Ninna
,,,entity,Tortilleria Mi Nina
---,,,,
B00IP6XMTC,brand_name,Lay's Stax,entity,Lay's Stax
https://www.amazon.com/dp/B00IP6XMTC,product_data,—,entity,Lays Stax
Lay's Stax,,,entity,Lays
,,,entity,LaysStax
,,,entity,LaysStax
,,,entity,Lays Staks
,,,entity,Lay'sStax
,,,entity,Lay'sStaks
,,,entity,Lay Stax
,,,entity,Lay Staks
,,,entity,Lays Staxx
,,,entity,Lays Stax
,,,entity,Lay's Staxx
---,,,,
B0073GPA3Q,brand_name,Terra,entity,Terra
https://www.amazon.com/dp/B0073GPA3Q,product_data,—,entity,terra
Terra,,,entity,Tera
,,,entity,Terra Chips
,,,entity,Tera Chips
,,,entity,Taro
,,,entity,Taro Chips
,,,entity,Hain Celestial
---,,,,
B00IV6HBSE,brand_name,Calbee,entity,Calbee
https://www.amazon.com/dp/B00IV6HBSE,product_data,—,entity,calbee
Calbee,,,entity,Calbe
,,,entity,Calbee
,,,entity,Calbee
,,,entity,Calbee Lentil Snaps
,,,entity,Harvest Snaps
,,,entity,Harves Snaps
,,,entity,Havest Snaps
,,,entity,Havest Snap
,,,entity,Harvest Snap
,,,entity,Harvest Snaps
---,,,,
B015OBXZ6U,brand_name,Kettle Brand,entity,Kettle Brand
https://www.amazon.com/dp/B015OBXZ6U,product_data,—,entity,Kettle
Kettle Brand,,,entity,Kettle Foods
,,,entity,Kettl Brand
,,,entity,Kettle Bran
,,,entity,Kettle Brend
,,,entity,Kettle Brande
,,,entity,Kettle Brendz
,,,entity,Kettle Brandz
,,,entity,Krinkle Kettle
,,,entity,Krinkle Kettl
,,,entity,Krinkle Kettles
,,,entity,Krinkle Kettl Chips
---,,,,
B08KVJQ64Q,brand_name,Terra,entity,Terra
https://www.amazon.com/dp/B08KVJQ64Q,product_data,—,entity,terra
Terra,,,entity,Tera
,,,entity,Terra Chips
,,,entity,Terra Chips Sea Salt and Vinegar
,,,entity,Tera Chips
,,,entity,TerraChips
,,,entity,Hain Celestial
---,,,,
B08PX1JL3K,brand_name,BIENA,entity,BIENA
https://www.amazon.com/dp/B08PX1JL3K,product_data,—,entity,biena
BIENA,,,entity,Biena
,,,entity,Biena
,,,entity,BIEENA
,,,entity,BIENNA
,,,entity,BIENA FOODS
---,,,,
B003Y3GVEE,brand_name,Truly Indian,entity,Truly Indian
https://www.amazon.com/dp/B003Y3GVEE,product_data,—,entity,truly indian
Truly Indian,,,entity,TrulyIndan
,,,entity,TrulyIndin
,,,entity,Truly Indan
,,,entity,Truly Indin
,,,entity,TrulyIndan
,,,entity,TrulyIndin
,,,entity,Truly Indian Poppadums
---,,,,
B07NQLBMPQ,brand_name,Paqui,entity,Paqui
https://www.amazon.com/dp/B07NQLBMPQ,product_data,—,entity,paqui
Paqui,,,entity,Paqi
,,,entity,Paki
,,,entity,Paqqui
,,,entity,Paquii
,,,entity,Haunted Ghost Pepper
,,,entity,HauntedGhostPepper
,,,entity,HauntedGhosPepper
,,,entity,HauntedGhosstPepper
,,,entity,HauntedGhostPeppa
,,,entity,Amplify Snack Brands
---,,,,
B071KXMYXM,brand_name,Paqui,entity,Paqui
https://www.amazon.com/dp/B071KXMYXM,product_data,—,entity,paqui
Paqui,,,entity,Paqi
,,,entity,Paki
,,,entity,Paqqui
,,,entity,Paquii
,,,entity,Haunted Ghost Pepper
---,,,,
B085ZKGLRC,brand_name,SpudLove,entity,SpudLove
https://www.amazon.com/dp/B085ZKGLRC,product_data,—,entity,spudlove
SpudLove,,,entity,SpudLuv
,,,entity,SpudLuvs
,,,entity,SpudLovee
,,,entity,SpudLove LLC
,,,entity,Thick-Cut
,,,entity,Organic Potato Chips
---,,,,
B07V3RTLSJ,brand_name,Craize,entity,Craize
https://www.amazon.com/dp/B07V3RTLSJ,product_data,—,entity,craize
Craize,,,entity,Craiz
,,,entity,Crazee
,,,entity,Craz
,,,entity,Crazey
---,,,,
B006N3I79Y,brand_name,TULLY'S,entity,TULLY'S
https://www.amazon.com/dp/B006N3I79Y,product_data,—,entity,Tullys
TULLY'S,,,entity,Tully
,,,entity,Tullys Coffee
,,,entity,Tullys
,,,entity,Tullys K-Cups
,,,entity,Tullys French Roast
,,,entity,Tullys Decaf
,,,entity,Tully's Coffee
,,,entity,Tully's
---,,,,
B00BWE8NDY,brand_name,SANKA,entity,SANKA
https://www.amazon.com/dp/B00BWE8NDY,product_data,—,entity,sanka
SANKA,,,entity,Sanka
,,,entity,Sankaa
,,,entity,Sankah
,,,entity,Sankaa
,,,entity,Sank
,,,entity,Sankaa Instant Coffee
,,,entity,Maxwell House
---,,,,
B00CJ8KUK6,brand_name,Don Francisco's,entity,Don Francisco's
https://www.amazon.com/dp/B00CJ8KUK6,product_data,—,entity,Don Francisco
Don Francisco's,,,entity,don francisco's
,,,entity,don francisco
,,,entity,Don Franciscos
,,,entity,Don Francsisco
,,,entity,Don Francsico
,,,entity,Don Francs
,,,entity,Don Francsico's
,,,entity,Don Francsisco's
---,,,,
B006QYXFKG,brand_name,Raven's Brew Coffee,entity,Raven's Brew Coffee
https://www.amazon.com/dp/B006QYXFKG,product_data,—,entity,Ravens Brew Coffee
Raven's Brew Coffee,,,entity,RavensBrewCoffee
,,,entity,Raven'sBrew
,,,entity,Ravens Brew
,,,entity,Wicked Wolf
,,,entity,WickedWolf
,,,entity,WickedWolfe
,,,entity,Ravens Brew Coffee
,,,entity,Ravens Brew
,,,entity,RavensBrew
,,,entity,RavensBrewCoffee
---,,,,
B00629RCSG,brand_name,Nescafe,entity,Nescafe
https://www.amazon.com/dp/B00629RCSG,product_data,—,entity,nescafe
Nescafe,,,entity,Nescaffe
,,,entity,Nescafee
,,,entity,Nescaf
,,,entity,Nesca
,,,entity,Nescafé
,,,entity,Clasico
,,,entity,Clásico
,,,entity,Nestle USA
---,,,,
B00BHB0NQC,brand_name,Don Francisco's,entity,Don Francisco's
https://www.amazon.com/dp/B00BHB0NQC,product_data,—,entity,Don Franciscos
Don Francisco's,,,entity,Don Franciscos
,,,entity,Don Francisco
,,,entity,Don Franciscos Coffee
,,,entity,F. Gavina & Sons
,,,entity,F Gavina & Sons
,,,entity,F. Gavina & Sons Inc
,,,entity,F Gavina & Sons Inc
,,,entity,Don Francisco’s
,,,entity,Don Francisco’s Coffee
,,,entity,Don Franciscos Coffee
---,,,,
B006FTPDBG,brand_name,Folgers,entity,Folgers
https://www.amazon.com/dp/B006FTPDBG,product_data,—,entity,folgers
Folgers,,,entity,Folgars
,,,entity,Folgerss
,,,entity,Folger
,,,entity,Folgger
,,,entity,Classic Decaf
,,,entity,Decaf
,,,entity,Instant Coffee
---,,,,
B006FTPDAM,brand_name,Folgers,entity,Folgers
https://www.amazon.com/dp/B006FTPDAM,product_data,—,entity,folgers
Folgers,,,entity,Folgars
,,,entity,Folgerss
,,,entity,Folgger
,,,entity,Folgars
,,,entity,Classic Roast
---,,,,
B0BT6B4WFT,brand_name,Folgers,entity,Folgers
https://www.amazon.com/dp/B0BT6B4WFT,product_data,—,entity,folgers
Folgers,,,entity,Folger
,,,entity,Folgerss
,,,entity,Folgars
,,,entity,Folgarss
,,,entity,Buttery Caramel
---,,,,
B0055AEOC0,brand_name,Don Francisco's,entity,Don Francisco's
https://www.amazon.com/dp/B0055AEOC0,product_data,—,entity,Don Franciscos
Don Francisco's,,,entity,Don Franciscos Coffee
,,,entity,Don Franciscos Hawaiian Hazelnut
,,,entity,Don Franciscos Hawaiian Hazelnut Coffee
,,,entity,F. Gavina & Sons
,,,entity,F Gavina & Sons
,,,entity,F. Gavina
,,,entity,F Gavina
,,,entity,Don Franciscos Coffee
,,,entity,Don Francisco
,,,entity,Don Franciscos
,,,entity,Don Frnacisco's
,,,entity,Don Francsico's
,,,entity,Don Francsico
,,,entity,Don Francsicos
,,,entity,Don Francsico's Coffee
---,,,,
B00O86SEPK,brand_name,Lavazza,entity,Lavazza
https://www.amazon.com/dp/B00O86SEPK,product_data,—,entity,lavazza
Lavazza,,,entity,Lavaza
,,,entity,Lavazza
,,,entity,Lavazaa
,,,entity,Gran Selezione
---,,,,
B08GLN9BNL,brand_name,UCC,entity,UCC
https://www.amazon.com/dp/B08GLN9BNL,product_data,—,entity,ucc
UCC,,,entity,UCCK
,,,entity,UCC Coffee
,,,entity,UCCKoffee
,,,entity,UCCKofee
,,,entity,UCCKofee
,,,entity,UCCKoffe
,,,entity,UCCKoffey
---,,,,
B07TP8YTH2,brand_name,Cameron's Coffee,entity,Cameron's Coffee
https://www.amazon.com/dp/B07TP8YTH2,product_data,—,entity,Camerons Coffee
Cameron's Coffee,,,entity,Cameron Coffee
,,,entity,Cameron’s Coffee
,,,entity,Cameron’s
,,,entity,Cameron
,,,entity,Cameron’s Jamaican Blend
,,,entity,Cameron Jamaican Blend
,,,entity,Cameron’s Coffee Roasted
,,,entity,Cameron Coffee Roasted
,,,entity,Cameron’s Coffee Bag
,,,entity,Cameron Coffee Bag
,,,entity,Cameron’s Coffee Roasted Ground
,,,entity,Cameron Coffee Roasted Ground
,,,entity,Cameron’s Coffee Ground
,,,entity,Cameron Coffee Ground
---,,,,
B00MJZ0P7W,brand_name,Cameron's Coffee,entity,Cameron's Coffee
https://www.amazon.com/dp/B00MJZ0P7W,product_data,—,entity,Camerons Coffee
Cameron's Coffee,,,entity,Cameron Coffee
,,,entity,Cameron’s Coffee
,,,entity,Cameron’s
,,,entity,Cameron
,,,entity,Cameron’s Coffee Pods
,,,entity,Cameron’s Kona Blend
,,,entity,Cameron’s Coffee Single Serve
,,,entity,Cameron’s Coffee Pods
---,,,,
B00NQH08YM,brand_name,MAXWELL HOUSE,entity,MAXWELL HOUSE
https://www.amazon.com/dp/B00NQH08YM,product_data,—,entity,maxwell house
MAXWELL HOUSE,,,entity,maxwel house
,,,entity,MAXWEL HOUSE
,,,entity,MAXWELL HOUZE
,,,entity,MaxwellHose
,,,entity,MaxwellHouse
,,,entity,Maxwell Hous
,,,entity,Maxwell Housz
---,,,,
B006Y7WQPA,brand_name,Cameron's Coffee,entity,Cameron's Coffee
https://www.amazon.com/dp/B006Y7WQPA,product_data,—,entity,Camerons Coffee
Cameron's Coffee,,,entity,Cameron’s Coffee
,,,entity,Cameron’s
,,,entity,Cameron
,,,entity,Cameron’s Coffee Roasted
,,,entity,Cameron’s Gold Roast
,,,entity,Cameron’s Hawaiian Blend
,,,entity,Cameron’s Coffee Gold Roast
,,,entity,Cameron’s Coffee Hawaiian Blend
,,,entity,Cameron’s Coffee Roasted
,,,entity,Cameron’s Coffee Bag
,,,entity,Cameron’s Coffee 10 Ounce
,,,entity,Cameron’s Coffee 10oz
,,,entity,Cameron’s Coffee 10oz Bag
,,,entity,Cameron’s Coffee Ground
,,,entity,Cameron’s Coffee Whole Bean
,,,entity,Cameron’s Coffee Specialty
,,,entity,Cameron’s Coffee Arabica
,,,entity,Cameron’s Coffee Small Batch
,,,entity,Cameron’s Coffee Sustainable
,,,entity,Cameron’s Coffee Handcrafted
,,,entity,Cameron’s Coffee Flavorful
,,,entity,Cameron’s Coffee Smooth
,,,entity,Cameron’s Coffee Rich
,,,entity,Cameron’s Coffee Fruity
,,,entity,Cameron’s Coffee Bright
,,,entity,Cameron’s Coffee Enticing
,,,entity,Cameron’s Coffee Brew
,,,entity,Cameron’s Coffee Perfect
,,,entity,Cameron’s Coffee Quality
,,,entity,Cameron’s Coffee Consistency
,,,entity,Cameron’s Coffee Experience
,,,entity,Cameron’s Coffee Tantalize
,,,entity,Cameron’s Coffee Wake Up
,,,entity,Cameron’s Coffee 1978
,,,entity,Cameron’s Coffee Roastery
,,,entity,Cameron’s Coffee Farmers
,,,entity,Cameron’s Coffee Environment
,,,entity,Cameron’s Coffee Change
,,,entity,Cameron’s Coffee Craft
,,,entity,Cameron’s Coffee Home Brew
,,,entity,Cameron’s Coffee Specialty Grade
,,,entity,Cameron’s Coffee Flavor
,,,entity,Cameron’s Coffee Character
---,,,,
B00B7CFQAE,brand_name,Boyd's Coffee,entity,Boyd's Coffee
https://www.amazon.com/dp/B00B7CFQAE,product_data,—,entity,Boyds Coffee
Boyd's Coffee,,,entity,Boyd Coffee
,,,entity,Boyd's
,,,entity,Boyd
,,,entity,Boyd's Coffee Company
,,,entity,Boyd Coffee Company
,,,entity,Boyd's Coffee Co
,,,entity,Boyd's Coffee Co.
---,,,,
B008NUQY90,brand_name,Near East,entity,Near East
https://www.amazon.com/dp/B008NUQY90,product_data,—,entity,near east
Near East,,,entity,Ner East
,,,entity,NearEest
,,,entity,NearEasst
,,,entity,Near Eest
,,,entity,NearEas
,,,entity,Near East Couscous
---,,,,
B0019LT6FY,brand_name,Lundberg,entity,Lundberg
https://www.amazon.com/dp/B0019LT6FY,product_data,—,entity,lundberg
Lundberg,,,entity,Lundburg
,,,entity,Lundber
,,,entity,Lundberrg
,,,entity,Lundberg Farms
,,,entity,Countrywild
,,,entity,Country Wild
---,,,,
B078J37Y7K,brand_name,RiceSelect,entity,RiceSelect
https://www.amazon.com/dp/B078J37Y7K,product_data,—,entity,riceselect
RiceSelect,,,entity,RiceSelectt
,,,entity,RiceSelects
,,,entity,RiceSelecte
,,,entity,Rice Select
,,,entity,Rice Selects
,,,entity,Pearl Couscous
,,,entity,Texmati
,,,entity,Jasmati
,,,entity,Royal Blend
,,,entity,Couscous
,,,entity,Quinoa
---,,,,
B083X4FNP3,brand_name,Bob's Red Mill,entity,Bob's Red Mill
https://www.amazon.com/dp/B083X4FNP3,product_data,—,entity,Bobs Red Mill
Bob's Red Mill,,,entity,BobsRedMill
,,,entity,Bob Red Mill
,,,entity,Bob'sRedMill
,,,entity,Bob'sRedMillNaturalFoods
,,,entity,Bob's RedMill
,,,entity,BobsRedMillNaturalFoods
,,,entity,BobsRedMillInc
,,,entity,BobsRedMillFoods
,,,entity,BobsRedMillNaturalFoodsInc
---,,,,
B01BPHDJMM,brand_name,STARANISEFOODS,entity,STARANISEFOODS
https://www.amazon.com/dp/B01BPHDJMM,product_data,—,entity,staranisefoods
STARANISEFOODS,,,entity,StarAniseFoods
,,,entity,Star Anise Foods
,,,entity,STAR ANISE FOODS
,,,entity,StarAniseFood
,,,entity,StarAniseFoodz
,,,entity,StarAniseFuds
---,,,,
B01NAG4BIU,brand_name,Lundberg,entity,Lundberg
https://www.amazon.com/dp/B01NAG4BIU,product_data,—,entity,lundberg
Lundberg,,,entity,Lundbur
,,,entity,Lundber
,,,entity,Lundberg
,,,entity,Lundberg Organic
,,,entity,Lundberg Sprouted
,,,entity,Lundberg Brown Basmati
---,,,,
B007PVAHGE,brand_name,Bob's Red Mill,entity,Bob's Red Mill
https://www.amazon.com/dp/B007PVAHGE,product_data,—,entity,bobs red mill
Bob's Red Mill,,,entity,Bobs Red Mill
,,,entity,Bob Red Mill
,,,entity,Bob's Red MIll
,,,entity,Bob's Red Mill Wheat Bran
---,,,,
B00AWNXMI2,brand_name,Bob's Red Mill,entity,Bob's Red Mill
https://www.amazon.com/dp/B00AWNXMI2,product_data,—,entity,Bobs Red Mill
Bob's Red Mill,,,entity,BobsRedMill
,,,entity,Bob Red Mill
,,,entity,Bob'sRedMill
,,,entity,Bob'sRedMill
,,,entity,Bob's Red Mill Wheat Germ
---,,,,
B000VDREJQ,brand_name,UNCLE BEN'S,entity,UNCLE BEN'S
https://www.amazon.com/dp/B000VDREJQ,product_data,—,entity,uncle ben's
UNCLE BEN'S,,,entity,Uncle Bens
,,,entity,Uncle Bens
,,,entity,Uncle Ben
,,,entity,Uncle Bens's
,,,entity,Uncle Ben's Rice
,,,entity,Mars Food
---,,,,
B083F84XV7,brand_name,Mahatma,entity,Mahatma
https://www.amazon.com/dp/B083F84XV7,product_data,—,entity,mahatma
Mahatma,,,entity,Mahatmaa
,,,entity,Mahata
,,,entity,Mahatm
,,,entity,Mahatma Rice
,,,entity,Mahatma Short Grain Rice
,,,entity,RIVIANA FOODS
---,,,,
B00CNVITO8,brand_name,Golden Star,entity,Golden Star
https://www.amazon.com/dp/B00CNVITO8,product_data,—,entity,golden star
Golden Star,,,entity,Goldn Star
,,,entity,GoldenStarr
,,,entity,GoldenStaar
,,,entity,Golden Star Rice
---,,,,
B000QV54YK,brand_name,Lundberg,entity,Lundberg
https://www.amazon.com/dp/B000QV54YK,product_data,—,entity,lundberg
Lundberg,,,entity,Lundburge
,,,entity,Lundber
,,,entity,Lundberg Family Farms
,,,entity,Lundberg Family Farm
,,,entity,Lundberg Farms
,,,entity,Lundberg Organic
,,,entity,Lundberg Basmati
,,,entity,Lundberg California Brown Basmati
---,,,,
B00N3AZ9O6,brand_name,Lundberg,entity,Lundberg
https://www.amazon.com/dp/B00N3AZ9O6,product_data,—,entity,lundberg
Lundberg,,,entity,Lundburg
,,,entity,Lundber
,,,entity,Lundberg Family Farms
,,,entity,Lundberg Sprouted Brown Basmati
,,,entity,Lundberg Rice
---,,,,
B009HGBF2A,brand_name,Palmetto Farms,entity,Palmetto Farms
https://www.amazon.com/dp/B009HGBF2A,product_data,—,entity,palmetto farms
Palmetto Farms,,,entity,PalmettoFarm
,,,entity,PalmettoFarms
,,,entity,Palmetto Farms
,,,entity,PalmettoFarms
,,,entity,PalmettoFarms
,,,entity,PalmettoFarms
,,,entity,Palmetto Farms
,,,entity,Palmetto Farms
,,,entity,Palmetto Farms
---,,,,
B07CCCVRM4,brand_name,Wel-Pac,entity,Wel-Pac
https://www.amazon.com/dp/B07CCCVRM4,product_data,—,entity,Welpac
Wel-Pac,,,entity,welpac
,,,entity,Wel-Pac
,,,entity,Welpac
,,,entity,Wel-Pac
,,,entity,Welpac
,,,entity,Welpaac
,,,entity,Wel-pac
,,,entity,Welpac
---,,,,
B005764KQW,brand_name,Arrowhead Mills,entity,Arrowhead Mills
https://www.amazon.com/dp/B005764KQW,product_data,—,entity,arrowhead mills
Arrowhead Mills,,,entity,Arrowhead Milz
,,,entity,Arrowhead Mils
,,,entity,Arrowhed Mills
,,,entity,ArrowheadMills
,,,entity,ArrowheadMills
,,,entity,Steel Cut Oats
---,,,,
B000QV32CG,brand_name,Lundberg,entity,Lundberg
https://www.amazon.com/dp/B000QV32CG,product_data,—,entity,lundberg
Lundberg,,,entity,Lundburge
,,,entity,Lundber
,,,entity,Lundberg Family Farms
,,,entity,Lundberg Rice
,,,entity,Lundberg Jasmine Rice
,,,entity,Lundberg Organic Rice
---,,,,
B07DRGRVTC,brand_name,Yolélé,entity,Yolélé
https://www.amazon.com/dp/B07DRGRVTC,product_data,—,entity,yolele
Yolélé,,,entity,Yolele
,,,entity,Yolelé
,,,entity,Yolelè
,,,entity,Yoleleé
,,,entity,YOLELE
---,,,,
B0CHYMGZL8,brand_name,SOEWIOU,entity,SOEWIOU
https://www.amazon.com/dp/B0CHYMGZL8,product_data,—,entity,soewiou
SOEWIOU,,,entity,SoeWiou
,,,entity,SOWIOU
,,,entity,SOEWIUO
,,,entity,SOEWIOUO
---,,,,
B085ZT5LL5,brand_name,Tablecraft,entity,Tablecraft
https://www.amazon.com/dp/B085ZT5LL5,product_data,—,entity,tablecraft
Tablecraft,,,entity,TableCraf
,,,entity,Tabelcraft
,,,entity,Tablecraf
,,,entity,Tablecrafts
,,,entity,TableCraft Products Company
---,,,,
B000RA6GMY,brand_name,Glad,entity,Glad
https://www.amazon.com/dp/B000RA6GMY,product_data,—,entity,glad
Glad,,,entity,Glaad
,,,entity,Gald
,,,entity,Glaad
,,,entity,GladWare
,,,entity,Glad Ware
,,,entity,GladWare Soup and Salad
,,,entity,GladWare
,,,entity,Glad Food Storage
,,,entity,Glad Food Storage Containers
---,,,,
B000GD55II,brand_name,PrepSolutions,entity,PrepSolutions
https://www.amazon.com/dp/B000GD55II,product_data,—,entity,prepsolutions
PrepSolutions,,,entity,PrepSolutons
,,,entity,PrepSoluions
,,,entity,PrepSolutionss
,,,entity,Progressive International
,,,entity,Butter Keeper
---,,,,
B098KH379Y,brand_name,Rubbermaid,entity,Rubbermaid
https://www.amazon.com/dp/B098KH379Y,product_data,—,entity,rubbermaid
Rubbermaid,,,entity,Rubbermaed
,,,entity,Rubbermide
,,,entity,Rubbermend
,,,entity,Rubbermaind
,,,entity,Rubbermaid Take Alongs
---,,,,
B002DWAWJW,brand_name,Sistema,entity,Sistema
https://www.amazon.com/dp/B002DWAWJW,product_data,—,entity,Klip It
Sistema,,,entity,KlipIt
,,,entity,Sistema Klip It
,,,entity,Sistema KlipIt
,,,entity,Sistema Klip
,,,entity,Sistema Klip-It
,,,entity,Sistema Klip It Collection
,,,entity,Sistema Klip It lunch plus
,,,entity,Sistema Klip It storage
,,,entity,Sistema Klip It containers
,,,entity,Sistema Klip It rectangular
,,,entity,Sistema Bake It
,,,entity,Sistema To Go
,,,entity,Sistema Microwave
,,,entity,Sistema Lunch
,,,entity,Sistema Hydrate
,,,entity,Sistema Storage
,,,entity,Sistema Klips
,,,entity,Sistma
,,,entity,Sistema
,,,entity,Sistma Klip It
,,,entity,Sistma KlipIt
,,,entity,Sistma Klip
,,,entity,Sistma Klip-It
---,,,,
B00NGY5M32,brand_name,Stor-All Solutions,entity,Stor-All Solutions
https://www.amazon.com/dp/B00NGY5M32,product_data,—,entity,Stor All Solutions
Stor-All Solutions,,,entity,StorAll Solutions
,,,entity,StorAll
,,,entity,Stor All
,,,entity,Press N' Click
,,,entity,Press N Click
,,,entity,PressNClick
,,,entity,Misco Home & Garden
,,,entity,Misco
---,,,,
B0C6663NYM,brand_name,LEIMO KPARTS,entity,LEIMO KPARTS
https://www.amazon.com/dp/B0C6663NYM,product_data,—,entity,leimo kparts
LEIMO KPARTS,,,entity,Leimo Kparts
,,,entity,LEIMO KPART
,,,entity,LEIMO KPARTS Bread
,,,entity,LEIMO KPARTS Box
,,,entity,LEIMO KPARTS Storage
,,,entity,LEIMO KPARTS Container
,,,entity,LEIMO KPARTS Holder
---,,,,
B07P7YNG4W,brand_name,Tablecraft,entity,Tablecraft
https://www.amazon.com/dp/B07P7YNG4W,product_data,—,entity,TableCraft
Tablecraft,,,entity,tablecraft
,,,entity,Tablecraf
,,,entity,Tablecrafte
,,,entity,Tablecrafts
,,,entity,Coca-Cola
,,,entity,CocaCola
,,,entity,CocaColaEnamel
,,,entity,Coke
---,,,,
B07BL51JQP,brand_name,CTW,entity,CTW
https://www.amazon.com/dp/B07BL51JQP,product_data,—,entity,ctw
CTW,,,entity,Ctw
,,,entity,C-T-W
,,,entity,C T W
,,,entity,CTW Home
,,,entity,CTW Vintage
,,,entity,CTW Bread Box
---,,,,
B006MJJD3S,brand_name,Progressive,entity,Progressive
https://www.amazon.com/dp/B006MJJD3S,product_data,—,entity,Progressiv
Progressive,,,entity,progressive
,,,entity,progresiv
,,,entity,Progresive
,,,entity,Progresiv
,,,entity,Progresivee
,,,entity,Progresivve
,,,entity,Tomato Keeper
---,,,,
B0F9PPZFQ2,brand_name,MXMOO,entity,MXMOO
https://www.amazon.com/dp/B0F9PPZFQ2,product_data,—,entity,mxmoo
MXMOO,,,entity,MxmOo
,,,entity,MxmO
,,,entity,MXXMOO
,,,entity,MxmOo
,,,entity,MxmOoo
,,,entity,MxmO0
,,,entity,MxmO-
,,,entity,MxmO_
---,,,,
B0000CFMTV,brand_name,Pyrex,entity,Pyrex
https://www.amazon.com/dp/B0000CFMTV,product_data,—,entity,pyrex
Pyrex,,,entity,Pirex
,,,entity,Pyrx
,,,entity,Pyrexx
,,,entity,Simply Store
---,,,,
B0C9CJ1MN4,brand_name,FAMIROSA,entity,FAMIROSA
https://www.amazon.com/dp/B0C9CJ1MN4,product_data,—,entity,famiroza
FAMIROSA,,,entity,Famirosa
,,,entity,FAMIRSA
,,,entity,FAMIROSA
,,,entity,FAMIROSAH
,,,entity,FAMIROSAE
,,,entity,FAMIROSAA
---,,,,
B0D2TNK7MG,brand_name,MAHOOMMAKH,entity,MAHOOMMAKH
https://www.amazon.com/dp/B0D2TNK7MG,product_data,—,entity,mahoommakh
MAHOOMMAKH,,,entity,Mahoommak
,,,entity,MAHOOMMAK
,,,entity,MAHOOMMAKHs
,,,entity,MAHOOMMAKHS
---,,,,
B004GHGNYA,brand_name,Pyrex,entity,Pyrex
https://www.amazon.com/dp/B004GHGNYA,product_data,—,entity,pyrex
Pyrex,,,entity,Pirex
,,,entity,Pyrx
,,,entity,Pyrexx
,,,entity,Pyrex Simply Store
---,,,,
B006V3381I,brand_name,Home Basics,entity,Home Basics
https://www.amazon.com/dp/B006V3381I,product_data,—,entity,home basics
Home Basics,,,entity,HomeBasix
,,,entity,HmeBasics
,,,entity,HomeBaiscs
,,,entity,HDS Trading
---,,,,
B094DT53LK,brand_name,OXO,entity,OXO
https://www.amazon.com/dp/B094DT53LK,product_data,—,entity,oxo
OXO,,,entity,Oxo
,,,entity,OXXO
,,,entity,OXO International
,,,entity,Good Grips
,,,entity,GoodGrips
,,,entity,Good Grips Prep & Go
,,,entity,GoodGrips Prep & Go
---,,,,
B0FT46M9XR,brand_name,DASH,entity,DASH
https://www.amazon.com/dp/B0FT46M9XR,product_data,—,entity,dash
DASH,,,entity,Dah
,,,entity,DASHH
,,,entity,DASHC
,,,entity,DASH Mini
,,,entity,Dash Mini
,,,entity,Dash Mini Rice Cooker
,,,entity,Dash Mini Ceramic Rice Cooker
---,,,,
B07H1MT9SX,brand_name,AROMA,entity,AROMA
https://www.amazon.com/dp/B07H1MT9SX,product_data,—,entity,aroma
AROMA,,,entity,Aromma
,,,entity,Aromah
,,,entity,Aroma Housewares
,,,entity,Aroma's
,,,entity,Sauté-then-Simmer
,,,entity,Sauté then Simmer
,,,entity,SautéthenSimmer
,,,entity,Aroma®
,,,entity,Aroma Professional
,,,entity,Aroma ARC-1020SB
---,,,,
B0D12P5NXV,brand_name,BLACK+DECKER,entity,BLACK+DECKER
https://www.amazon.com/dp/B0D12P5NXV,product_data,—,entity,black+decker
BLACK+DECKER,,,entity,BlackDecker
,,,entity,BLAK+DECKER
,,,entity,BLACKDECKER
,,,entity,BLACK DACKER
,,,entity,BLACK+DEKAR
,,,entity,BLACK+DEKARER
---,,,,
B07GF4ZCXJ,brand_name,Hamilton Beach,entity,Hamilton Beach
https://www.amazon.com/dp/B07GF4ZCXJ,product_data,—,entity,hamilton beach
Hamilton Beach,,,entity,Hamilton Beech
,,,entity,Hamiltohn Beach
,,,entity,Hamilton Beachh
,,,entity,Hamiltn Beach
,,,entity,Hamilton Bech
,,,entity,Hamilton Beach Digital
,,,entity,Hamilton Beach Multi Cooker
---,,,,
B0CKWGX2J6,brand_name,CUCKOO,entity,CUCKOO
https://www.amazon.com/dp/B0CKWGX2J6,product_data,—,entity,cuckoo
CUCKOO,,,entity,Cukoo
,,,entity,Cuckoo
,,,entity,Cukoo
,,,entity,CUKOO
,,,entity,Cuckoo Rice Cooker
,,,entity,CUCKOO Rice Cooker
---,,,,
B0CXSN2R1P,brand_name,COSORI,entity,COSORI
https://www.amazon.com/dp/B0CXSN2R1P,product_data,—,entity,cosori
COSORI,,,entity,COSSORI
,,,entity,COSOORI
,,,entity,COSSORI
,,,entity,COSORI
,,,entity,C0S0RI
,,,entity,C0SORI
,,,entity,C0S0R1
,,,entity,C0S0R1
,,,entity,COSO
,,,entity,COSO-RI
,,,entity,COSORI-Rice-Cooker
,,,entity,COSORI-Multi-Cooker
---,,,,
B0F13B7XQB,brand_name,COMFEE',entity,COMFEE'
https://www.amazon.com/dp/B0F13B7XQB,product_data,—,entity,comfee'
COMFEE',,,entity,Comfee
,,,entity,Comfee'
,,,entity,C0MFEE'
,,,entity,COMFEE
,,,entity,Comfee' Rice Cooker
,,,entity,Comfee Rice Cooker
,,,entity,Comfee' Cooker
,,,entity,Comfee' Multi Cooker
---,,,,
B0DQVNSSY8,brand_name,GreenLife,entity,GreenLife
https://www.amazon.com/dp/B0DQVNSSY8,product_data,—,entity,greenlife
GreenLife,,,entity,GreenLif
,,,entity,GreanLife
,,,entity,GreenLif3
,,,entity,GreenLif3e
,,,entity,GreenLifee
---,,,,
B0CQ2CTKBH,brand_name,TOSHIBA,entity,TOSHIBA
https://www.amazon.com/dp/B0CQ2CTKBH,product_data,—,entity,toshiba
TOSHIBA,,,entity,Toshba
,,,entity,Toshiba
,,,entity,TOSHBIA
,,,entity,TOSIBA
,,,entity,TOSHBA
,,,entity,TOSHIBA Rice Cooker
,,,entity,TOSHIBA Rice
,,,entity,TOSHIBA Cooker
---,,,,
B0DCLHNW14,brand_name,Imusa,entity,Imusa
https://www.amazon.com/dp/B0DCLHNW14,product_data,—,entity,imusa
Imusa,,,entity,Iimusa
,,,entity,Imusa USA
,,,entity,Imusa Rice Cooker
,,,entity,Imusa Electric Rice Cooker
,,,entity,Imusa Rice
,,,entity,Imusa Cooker
,,,entity,Imusa 10cup
,,,entity,Imusa 10 cup
,,,entity,Imusa 10-cup
,,,entity,Imusa 10cup Rice Cooker
,,,entity,Imusa 10 cup Rice Cooker
,,,entity,Imusa 10-cup Rice Cooker
---,,,,
B008RF88KE,brand_name,Heuck,entity,Heuck
https://www.amazon.com/dp/B008RF88KE,product_data,—,entity,heuck
Heuck,,,entity,Huck
,,,entity,Heuk
,,,entity,Heuckk
,,,entity,Heucke
---,,,,
