ASIN / Brand,Input Field,Input Value,Output Type,Entity
B0CPLFTPCV,brand_name,Brother,entity,Brother
https://www.amazon.com/dp/B0CPLFTPCV,product_data,—,entity,brother
Brother,,,entity,Bother
,,,entity,Brothr
,,,entity,Brothe
,,,entity,Brotherr
,,,entity,Brotther
,,,entity,Brother DCP
,,,entity,Brother DCP-L2640DW
,,,entity,Brother Genuine
,,,entity,Brother Refresh
,,,entity,Brother Genuine Toner
,,,entity,Brother Mobile Connect
---,,,,
B08HVMF9QL,brand_name,Phomemo,entity,Phomemo
https://www.amazon.com/dp/B08HVMF9QL,product_data,—,entity,phomemo
Phomemo,,,entity,Pohmemo
,,,entity,Phomemo
,,,entity,Phomemo D30
,,,entity,Phomemo Label Maker
,,,entity,Phomemo Label Printer
,,,entity,Phomemo D30 Bluetooth
,,,entity,Phomemo Mini Label Maker
,,,entity,Phomemo Mini Printer
---,,,,
B0945ZRQV2,brand_name,KODAK,entity,KODAK
https://www.amazon.com/dp/B0945ZRQV2,product_data,—,entity,kodak
KODAK,,,entity,Kodak
,,,entity,KODAKK
,,,entity,KODAK Step
,,,entity,Kodak Step
,,,entity,Kodak Smile
,,,entity,Kodak App
,,,entity,ZINK
,,,entity,Zink
,,,entity,Zink Technology
,,,entity,Zink Paper
---,,,,
B096N8CNBZ,brand_name,Epson,entity,Epson
https://www.amazon.com/dp/B096N8CNBZ,product_data,—,entity,epson
Epson,,,entity,Epsn
,,,entity,Epsom
,,,entity,Epsn
,,,entity,Eppson
,,,entity,EcoTank
,,,entity,Eco Tank
,,,entity,EcoTank ET-2800
,,,entity,EcoTankET2800
,,,entity,Epson EcoTank
,,,entity,Epson Eco Tank
---,,,,
B09XHYNHB2,brand_name,Liene,entity,Liene
https://www.amazon.com/dp/B09XHYNHB2,product_data,—,entity,liene
Liene,,,entity,Leene
,,,entity,Lienea
,,,entity,Liene M100
,,,entity,Liene App
,,,entity,Liene photo printer
,,,entity,Liene 4x6 photo printer
,,,entity,Liene phone printer
,,,entity,Liene printer
,,,entity,Liene cartridges
,,,entity,Liene papers
,,,entity,Liene thermal dye sublimation
,,,entity,Hannto Technology
---,,,,
B0FMRXF1DK,brand_name,Brother,entity,Brother
https://www.amazon.com/dp/B0FMRXF1DK,product_data,—,entity,brother
Brother,,,entity,Bother
,,,entity,Brothr
,,,entity,Brothe
,,,entity,Brotherr
,,,entity,Brotther
,,,entity,Brother DCP-L2640DW
,,,entity,Brother TN830XL
,,,entity,Brother Genuine
---,,,,
B0FMRZB959,brand_name,Brother,entity,Brother
https://www.amazon.com/dp/B0FMRZB959,product_data,—,entity,brother
Brother,,,entity,Bother
,,,entity,Brothr
,,,entity,Brothe
,,,entity,Brotherr
,,,entity,TN830XL
,,,entity,TN830
,,,entity,DCP-L2640DW
,,,entity,DCP2640DW
---,,,,
B0FMS1BT43,brand_name,Brother,entity,Brother
https://www.amazon.com/dp/B0FMS1BT43,product_data,—,entity,brother
Brother,,,entity,Bother
,,,entity,Brothr
,,,entity,Brothe
,,,entity,Brotherr
,,,entity,TN830XL
---,,,,
B09Y8Y925N,brand_name,Phomemo,entity,Phomemo
https://www.amazon.com/dp/B09Y8Y925N,product_data,—,entity,phomemo
Phomemo,,,entity,Phomemo
,,,entity,Phomemo D30
,,,entity,Phomemo D30 Label Maker
,,,entity,Phomemo D30 Bluetooth
,,,entity,Phomemo D30 Printer
,,,entity,Phomemo D30 Sticker Printer
---,,,,
B0DP5PZQRV,brand_name,KODAK,entity,KODAK
https://www.amazon.com/dp/B0DP5PZQRV,product_data,—,entity,Kodak
KODAK,,,entity,kodak
,,,entity,KODAKK
,,,entity,KODAC
,,,entity,KODK
,,,entity,KODAKS
,,,entity,Barbie
,,,entity,Barbie x Kodak
,,,entity,Barbie x KODAK
,,,entity,ZINK
,,,entity,Zink
,,,entity,Zink Zero Ink
---,,,,
B0DPJDBB6B,brand_name,KODAK,entity,KODAK
https://www.amazon.com/dp/B0DPJDBB6B,product_data,—,entity,kodak
KODAK,,,entity,Kodak
,,,entity,KODAK step
,,,entity,Kodak Step
,,,entity,KODAK step printer
,,,entity,Kodak App
,,,entity,ZINK
,,,entity,Zink Zero Ink
,,,entity,Zink
,,,entity,Zink prints
---,,,,
B0DPJD6SXS,brand_name,KODAK,entity,KODAK
https://www.amazon.com/dp/B0DPJD6SXS,product_data,—,entity,kodak
KODAK,,,entity,Kodak
,,,entity,KODAKK
,,,entity,KODAK Step
,,,entity,Kodak Step
,,,entity,Kodak App
,,,entity,ZINK
,,,entity,Zink
,,,entity,Zink Zero Ink
,,,entity,Zink Zero Ink technology
,,,entity,C&A Marketing Inc.
---,,,,
B08CYSS969,brand_name,KODAK,entity,KODAK
https://www.amazon.com/dp/B08CYSS969,product_data,—,entity,kodak
KODAK,,,entity,Kodak
,,,entity,KODAK Step
,,,entity,Kodak Step
,,,entity,KODAK App
,,,entity,Kodak App
,,,entity,KODAK Step Printer
,,,entity,Kodak Step Printer
,,,entity,KODAK Zero Ink
,,,entity,Kodak Zero Ink
,,,entity,KODAK ZINK
,,,entity,Kodak ZINK
,,,entity,C&A Marketing Inc.
---,,,,
B0CTY8YTCZ,brand_name,Nelko,entity,Nelko
https://www.amazon.com/dp/B0CTY8YTCZ,product_data,—,entity,nelko
Nelko,,,entity,Nelkko
,,,entity,Nellko
,,,entity,Nelko APP
,,,entity,Nelkko APP
,,,entity,Nelkko
,,,entity,Nelko Label Maker
,,,entity,Nelko P21
,,,entity,Nelko Bluetooth
,,,entity,NELKO
,,,entity,Nelkko Label Printer
---,,,,
B0DJV4N98X,brand_name,KODAK,entity,KODAK
https://www.amazon.com/dp/B0DJV4N98X,product_data,—,entity,kodak
KODAK,,,entity,Kodak
,,,entity,KODAKX
,,,entity,KODAKXBARBIE
,,,entity,BarbieXKODAK
,,,entity,Barbie
,,,entity,C&A Marketing Inc.
---,,,,
B08DXHFKB1,brand_name,Phomemo,entity,Phomemo
https://www.amazon.com/dp/B08DXHFKB1,product_data,—,entity,phomemo
Phomemo,,,entity,Phomemo
,,,entity,Phomemo D30
,,,entity,Phomemo D30 Bluetooth
,,,entity,Phomemo Label Maker
,,,entity,Phomemo Labeler
,,,entity,Phomemo Mini Label Maker
,,,entity,Phomemo Thermal Printer
---,,,,
B0DPJF1DRP,brand_name,KODAK,entity,KODAK
https://www.amazon.com/dp/B0DPJF1DRP,product_data,—,entity,kodak
KODAK,,,entity,Kodak
,,,entity,KODAK step
,,,entity,Kodak Step
,,,entity,KODAK Step
,,,entity,KODAK app
,,,entity,Kodak App
,,,entity,KODAK ZINK
,,,entity,ZINK Zero Ink
,,,entity,ZINK
,,,entity,Kodak printer
,,,entity,Kodak photo printer
,,,entity,C&A Marketing Inc.
---,,,,
B0945PM993,brand_name,KODAK,entity,KODAK
https://www.amazon.com/dp/B0945PM993,product_data,—,entity,kodak
KODAK,,,entity,Kodak
,,,entity,KODAKK
,,,entity,KODAK Step
,,,entity,Kodak Step
,,,entity,Kodak Smile
,,,entity,Kodak App
,,,entity,ZINK
,,,entity,Zink
,,,entity,Zink Technology
---,,,,
B0CHJQRRVX,brand_name,Nelko,entity,Nelko
https://www.amazon.com/dp/B0CHJQRRVX,product_data,—,entity,nelko
Nelko,,,entity,Nelkko
,,,entity,Nellko
,,,entity,Nelkoe
,,,entity,Nelk
,,,entity,Nelkoh
,,,entity,Nelkow
,,,entity,P21
,,,entity,NELKO
---,,,,
B08YFJR71D,brand_name,KODAK,entity,KODAK
https://www.amazon.com/dp/B08YFJR71D,product_data,—,entity,Kodak
KODAK,,,entity,kodak
,,,entity,KODAKK
,,,entity,KODAK Step
,,,entity,Kodak Step
,,,entity,Kodak Step Printer
,,,entity,KODAK Step Printer
,,,entity,KODAK App
,,,entity,Kodak App
,,,entity,KODAK Printer
,,,entity,KODAK Photo Printer
,,,entity,C&A Marketing Inc.
---,,,,
B00A8IKK90,brand_name,Oxford,entity,Oxford
https://www.amazon.com/dp/B00A8IKK90,product_data,—,entity,oxford
Oxford,,,entity,Oxfod
,,,entity,Oxfird
,,,entity,Oxofrd
,,,entity,Oxfod
,,,entity,Oxfod
,,,entity,Oxfod
,,,entity,TOPS
,,,entity,TOPS Business Forms
,,,entity,"TOPS Business Forms, Inc."
---,,,,
B06XXXNBWC,brand_name,Oak-Pine,entity,Oak-Pine
https://www.amazon.com/dp/B06XXXNBWC,product_data,—,entity,oak-pine
Oak-Pine,,,entity,Oake-Pine
,,,entity,OakPine
,,,entity,OakPyn
,,,entity,Oak-Pyn
,,,entity,Oak-Piney
---,,,,
B0DXZYJMQS,brand_name,Uquelic,entity,Uquelic
https://www.amazon.com/dp/B0DXZYJMQS,product_data,—,entity,uquelic
Uquelic,,,entity,Uquelic
,,,entity,Uquellic
,,,entity,Uquelic
,,,entity,Uquelik
,,,entity,Uquelic Binder
,,,entity,Uquelic Document Organizer
---,,,,
B00006ICBV,brand_name,Pendaflex,entity,Pendaflex
https://www.amazon.com/dp/B00006ICBV,product_data,—,entity,pendaflex
Pendaflex,,,entity,PendaFlex
,,,entity,Pendaflix
,,,entity,Pendaflexx
,,,entity,Esselte Corporation
---,,,,
148385230X,brand_name,Carson Dellosa Education,entity,Carson Dellosa Education
https://www.amazon.com/dp/148385230X,product_data,—,entity,carson dellosa education
Carson Dellosa Education,,,entity,Carson Dellosa
,,,entity,Carson Dellosa Ed
,,,entity,Carson Dellosa Educatoin
,,,entity,Carson Dellosa Educ
,,,entity,Carson Dellosa Eduction
---,,,,
B09YCPXCYX,brand_name,Uquelic,entity,Uquelic
https://www.amazon.com/dp/B09YCPXCYX,product_data,—,entity,uquelic
Uquelic,,,entity,Uquelic
,,,entity,Uquellic
,,,entity,Uquelik
,,,entity,Uqueliccc
---,,,,
B09YLTT87R,brand_name,Uquelic,entity,Uquelic
https://www.amazon.com/dp/B09YLTT87R,product_data,—,entity,uquelic
Uquelic,,,entity,Uquelic
,,,entity,Uquellic
,,,entity,Uquelic
,,,entity,Uquelic
,,,entity,oak-pine
---,,,,
B09MN45LMM,brand_name,Oak-Pine,entity,Oak-Pine
https://www.amazon.com/dp/B09MN45LMM,product_data,—,entity,oak-pine
Oak-Pine,,,entity,Oake-Pine
,,,entity,OakPine
,,,entity,Oak-Pyn
,,,entity,OakPyn
,,,entity,Oak-Piney
---,,,,
B0FBRG1SNL,brand_name,Uquelic,entity,Uquelic
https://www.amazon.com/dp/B0FBRG1SNL,product_data,—,entity,uquelic
Uquelic,,,entity,Uquelic
,,,entity,Uquellic
,,,entity,Uquelik
,,,entity,Uqueliccc
,,,entity,Oak-Pine
---,,,,
B07TVG8ZCD,brand_name,Uquelic,entity,Uquelic
https://www.amazon.com/dp/B07TVG8ZCD,product_data,—,entity,uquelic
Uquelic,,,entity,Uquelic
,,,entity,Uquellic
,,,entity,Uqueelic
,,,entity,Uqueliccc
---,,,,
B07F69B95D,brand_name,Uquelic,entity,Uquelic
https://www.amazon.com/dp/B07F69B95D,product_data,—,entity,uquelic
Uquelic,,,entity,Uquelic
,,,entity,Uquellic
,,,entity,Uqueliccc
,,,entity,Uquelic's
,,,entity,Uquelic File Organizer
---,,,,
B001E65TUA,brand_name,Pendaflex,entity,Pendaflex
https://www.amazon.com/dp/B001E65TUA,product_data,—,entity,pendaflex
Pendaflex,,,entity,PendaFlex
,,,entity,Pendaflix
,,,entity,Pendaflax
,,,entity,Pendaflexx
,,,entity,ESSELTE PENDAFLEX CORP.
---,,,,
B0D7M3RJC7,brand_name,Uquelic,entity,Uquelic
https://www.amazon.com/dp/B0D7M3RJC7,product_data,—,entity,uquelic
Uquelic,,,entity,Uquelic
,,,entity,Uqelic
,,,entity,Uquelicc
,,,entity,Uquelic Clipboard
,,,entity,Uquelic Folio
,,,entity,Uquelic Organizer
---,,,,
B08CGPBX4P,brand_name,Actume,entity,Actume
https://www.amazon.com/dp/B08CGPBX4P,product_data,—,entity,actume
Actume,,,entity,Aqtume
,,,entity,Actum
,,,entity,Actumee
,,,entity,Actumee
---,,,,
B0F8NF6GKT,brand_name,Uquelic,entity,Uquelic
https://www.amazon.com/dp/B0F8NF6GKT,product_data,—,entity,uquelic
Uquelic,,,entity,Uquelic
,,,entity,Uquellic
,,,entity,Uquelik
,,,entity,Uqueliccc
---,,,,
B09W5LFLTM,brand_name,Uquelic,entity,Uquelic
https://www.amazon.com/dp/B09W5LFLTM,product_data,—,entity,uquelic
Uquelic,,,entity,Uquelic
,,,entity,Uqelic
,,,entity,Uquellic
,,,entity,Uqueliccc
,,,entity,oak-pine
---,,,,
B0BKFNCMRP,brand_name,Uquelic,entity,Uquelic
https://www.amazon.com/dp/B0BKFNCMRP,product_data,—,entity,uquelic
Uquelic,,,entity,Uquelic
,,,entity,Uquellic
,,,entity,Uquelik
,,,entity,Uqueliccc
---,,,,
B086JLF4QQ,brand_name,Uquelic,entity,Uquelic
https://www.amazon.com/dp/B086JLF4QQ,product_data,—,entity,uquelic
Uquelic,,,entity,Uquelic
,,,entity,Uquellic
,,,entity,Uqueliccc
,,,entity,Uquelic's
,,,entity,Uquelic File Organizer
---,,,,
B0FNMBMKML,brand_name,Uquelic,entity,Uquelic
https://www.amazon.com/dp/B0FNMBMKML,product_data,—,entity,uquelic
Uquelic,,,entity,Uquelic
,,,entity,Uquellic
,,,entity,Uquelic
,,,entity,Uqelic
,,,entity,Uquelic
,,,entity,Uqellic
,,,entity,Uquelic
,,,entity,Uquelic
,,,entity,Oak-Pine
---,,,,
B07PJ4NJHF,brand_name,PILOT,entity,PILOT
https://www.amazon.com/dp/B07PJ4NJHF,product_data,—,entity,pilot
PILOT,,,entity,Pylot
,,,entity,PILOTt
,,,entity,PILOT1
,,,entity,PILOT-
,,,entity,PILOT_
,,,entity,Pilot
,,,entity,Pylot
,,,entity,PILOT Pen
,,,entity,Dr. Grip
---,,,,
B00DDWELNY,brand_name,Pentel,entity,Pentel
https://www.amazon.com/dp/B00DDWELNY,product_data,—,entity,pentel
Pentel,,,entity,Pental
,,,entity,Pentelz
,,,entity,Pentel Twist-Erase
,,,entity,Twist-Erase
,,,entity,Pentel Super Hi-Polymer
---,,,,
B0093OI2CM,brand_name,Ticonderoga,entity,Ticonderoga
https://www.amazon.com/dp/B0093OI2CM,product_data,—,entity,ticonderoga
Ticonderoga,,,entity,Ticondergo
,,,entity,Ticonderogga
,,,entity,Ticonderogaa
,,,entity,Ticonderoga Pencils
---,,,,
B07RH8Z5HK,brand_name,Pelikan,entity,Pelikan
https://www.amazon.com/dp/B07RH8Z5HK,product_data,—,entity,pelikan
Pelikan,,,entity,Pelikan
,,,entity,Pelikan Jazz
,,,entity,Pelikan 337
,,,entity,Pelikan beak
,,,entity,Pelikan Jazz Pastel
---,,,,
B00006IF8U,brand_name,BIC,entity,BIC
https://www.amazon.com/dp/B00006IF8U,product_data,—,entity,bic
BIC,,,entity,Bik
,,,entity,BICk
,,,entity,BICc
,,,entity,BICWiteOut
,,,entity,WiteOut
,,,entity,Wite-Out
,,,entity,BIC Wite-Out
,,,entity,BIC WiteOut Brand
,,,entity,BIC Corporation
---,,,,
B004E2IIT0,brand_name,PILOT,entity,PILOT
https://www.amazon.com/dp/B004E2IIT0,product_data,—,entity,pilot
PILOT,,,entity,Pylot
,,,entity,PILOT Products
,,,entity,PILOT Pen
,,,entity,PILOT Dr. Grip
,,,entity,Pilot Dr Grip
,,,entity,Pilot Dr. Grip
,,,entity,Pilot Products
---,,,,
B01B1W1CUM,brand_name,Pentel,entity,Pentel
https://www.amazon.com/dp/B01B1W1CUM,product_data,—,entity,pentel
Pentel,,,entity,PENTEL
,,,entity,Pental
,,,entity,Pentel P207
,,,entity,Pentel Super Hi-Polymer
---,,,,
B09JMBBK8P,brand_name,PILOT,entity,PILOT
https://www.amazon.com/dp/B09JMBBK8P,product_data,—,entity,pilot
PILOT,,,entity,Pylot
,,,entity,PILOTt
,,,entity,PILOT1
,,,entity,PILOT_
,,,entity,PILOT-
,,,entity,PILOT!
,,,entity,PILOT@
,,,entity,PILOT#
,,,entity,PILOT$
---,,,,
B00FACLJBM,brand_name,PILOT,entity,PILOT
https://www.amazon.com/dp/B00FACLJBM,product_data,—,entity,Pilot
PILOT,,,entity,G2
,,,entity,G2 Limited
,,,entity,G2 Mini
,,,entity,G2 Metallic
,,,entity,G2 Mosaic
,,,entity,G2 Fashion
,,,entity,Pilot Pen Corporation
,,,entity,Pylot
,,,entity,PILOT Pen
,,,entity,PILOT G2
,,,entity,PILOT G2 Limited
,,,entity,PILOT G2 Mini
,,,entity,PILOT G2 Metallic
,,,entity,PILOT G2 Mosaic
,,,entity,PILOT G2 Fashion
---,,,,
B01IQ7NPDC,brand_name,PILOT,entity,PILOT
https://www.amazon.com/dp/B01IQ7NPDC,product_data,—,entity,pilot
PILOT,,,entity,Pylot
,,,entity,PILOTt
,,,entity,PILOT1
,,,entity,PILOT-
,,,entity,PILOT_
,,,entity,PILOT!
,,,entity,PILOT@
,,,entity,PILOT#
,,,entity,PILOT$
,,,entity,PILOT%
,,,entity,PILOT^
,,,entity,PILOT&
,,,entity,PILOT*
,,,entity,PILOT(1)
,,,entity,PILOT(2)
,,,entity,PILOT(3)
,,,entity,PILOT(4)
,,,entity,PILOT(5)
,,,entity,PILOT(6)
,,,entity,PILOT(7)
,,,entity,PILOT(8)
,,,entity,PILOT(9)
,,,entity,PILOT(0)
---,,,,
B00PV0V4AO,brand_name,BIC,entity,BIC
https://www.amazon.com/dp/B00PV0V4AO,product_data,—,entity,bic
BIC,,,entity,Bik
,,,entity,BICk
,,,entity,BICo
,,,entity,BIC Corporation
,,,entity,Cristal
,,,entity,Cristal Extra Bold
,,,entity,Cristal Xtra Bold
,,,entity,Easy-Glide
---,,,,
B0095251US,brand_name,Prismacolor,entity,Prismacolor
https://www.amazon.com/dp/B0095251US,product_data,—,entity,prismacolor
Prismacolor,,,entity,Prismacolor Premier
,,,entity,Prismacolor Pencils
,,,entity,Prismacolor Premier Colored Pencil
,,,entity,Prismacolor Premier Colored Pencil Open Stock
,,,entity,Prismacolor Premier Colored Pencil - Scarlet Lake
,,,entity,Prismacolor Premier
,,,entity,Prismacolor Pencils
,,,entity,Prismacolor
---,,,,
B000FFR5L2,brand_name,Pelikan,entity,Pelikan
https://www.amazon.com/dp/B000FFR5L2,product_data,—,entity,pelikan
Pelikan,,,entity,Pelikan
,,,entity,Pelikano
,,,entity,Pelikano Jr.
,,,entity,Pelikano Junior
,,,entity,Pelikan #4001
,,,entity,Pelikan4001
,,,entity,PelikanoJr
,,,entity,PelikanoJunior
---,,,,
B004QJVO4C,brand_name,Koh-I-Noor,entity,Koh-I-Noor
https://www.amazon.com/dp/B004QJVO4C,product_data,—,entity,koh-i-noor
Koh-I-Noor,,,entity,Koh I Noor
,,,entity,Koh I-Noor
,,,entity,KohINoor
,,,entity,KohI Noor
,,,entity,Koh INoor
,,,entity,Koh I-Noor
,,,entity,Gioconda
,,,entity,Progresso
,,,entity,Progresso Woodless
,,,entity,Gioconda Aquarell
---,,,,
B0FC8XWQ3T,brand_name,Ludato,entity,Ludato
https://www.amazon.com/dp/B0FC8XWQ3T,product_data,—,entity,ludato
Ludato,,,entity,Ludatoo
,,,entity,Ludatoa
,,,entity,Ludat
,,,entity,Ludato Fountain Pen
,,,entity,Ludato Pen
---,,,,
B01H1IQYN0,brand_name,Pentel,entity,Pentel
https://www.amazon.com/dp/B01H1IQYN0,product_data,—,entity,pentel
Pentel,,,entity,Pental
,,,entity,Pentel Arts
,,,entity,Pentel Orenz
,,,entity,Pentel Super Hi-Polymer
,,,entity,Pentel Orenz Mechanical Pencil
,,,entity,Pentel B Lead
,,,entity,Pentel HB Lead
---,,,,
B008BW3U56,brand_name,PILOT,entity,PILOT
https://www.amazon.com/dp/B008BW3U56,product_data,—,entity,pilot
PILOT,,,entity,Pylot
,,,entity,PILOT CORP
,,,entity,PILOT CORP. OF AMERICA
,,,entity,PILOTC
,,,entity,PILOT Co
,,,entity,PILOT Corporation
---,,,,
B01NAXG9LC,brand_name,Pentel,entity,Pentel
https://www.amazon.com/dp/B01NAXG9LC,product_data,—,entity,pentel
Pentel,,,entity,Pental
,,,entity,Pentelz
,,,entity,Pentel Twist-Erase
,,,entity,Twist-Erase
,,,entity,Pentel Twist-Erase III
,,,entity,Pentel Super High-Polymer
---,,,,
B000684DUO,brand_name,JOYCE CHEN,entity,JOYCE CHEN
https://www.amazon.com/dp/B000684DUO,product_data,—,entity,Joyce Chen
JOYCE CHEN,,,entity,joyce chen
,,,entity,Joyc Chen
,,,entity,Joyce Chenn
,,,entity,Joyce Cheen
,,,entity,Unlimited
,,,entity,Unlimited Scissor
,,,entity,Unlimited Scissors
---,,,,
B00UY0WK40,brand_name,Westcott,entity,Westcott
https://www.amazon.com/dp/B00UY0WK40,product_data,—,entity,westcott
Westcott,,,entity,Wescott
,,,entity,Wesctott
,,,entity,Wesctt
,,,entity,Wescot
,,,entity,Westcot
,,,entity,Westcutt
,,,entity,Westcotts
,,,entity,Westcots
,,,entity,Acme United
---,,,,
B0057KO1GW,brand_name,Conair,entity,Conair
https://www.amazon.com/dp/B0057KO1GW,product_data,—,entity,conair
Conair,,,entity,Conar
,,,entity,Conairr
,,,entity,Conairr
,,,entity,Karewell
,,,entity,Karewell Brands
,,,entity,Karewell Brands Inc
---,,,,
B0037XBGU0,brand_name,Tablecraft,entity,Tablecraft
https://www.amazon.com/dp/B0037XBGU0,product_data,—,entity,tablecraft
Tablecraft,,,entity,Tabelcraft
,,,entity,Tablecraf
,,,entity,Tablecrafte
,,,entity,Tablecrafts
,,,entity,Firm Grip
---,,,,
B01KX0XNCS,brand_name,Merdia,entity,Merdia
https://www.amazon.com/dp/B01KX0XNCS,product_data,—,entity,merdia
Merdia,,,entity,Merdiaa
,,,entity,Merdiaaa
,,,entity,Merdiaa
,,,entity,Merdiaa
,,,entity,Merdiaa
,,,entity,Merdiaa
---,,,,
B003WGYGMM,brand_name,Master Grooming Tools,entity,Master Grooming Tools
https://www.amazon.com/dp/B003WGYGMM,product_data,—,entity,master grooming tools
Master Grooming Tools,,,entity,Master Grooming Tool
,,,entity,Master Grooming Too
,,,entity,Mastor Grooming Tools
,,,entity,Mastor Grooming Tool
,,,entity,Master Grooming Tols
,,,entity,Master Grooming Tolls
,,,entity,PetEdge
---,,,,
B0C7VHCZ5M,brand_name,BAILI,entity,BAILI
https://www.amazon.com/dp/B0C7VHCZ5M,product_data,—,entity,baili
BAILI,,,entity,Baili
,,,entity,BAYLI
,,,entity,BAILI
,,,entity,Baili Case
,,,entity,BAILI Case
,,,entity,Baili Leather Case
,,,entity,Baili Galaxy Z Flip5
,,,entity,BAILI Galaxy Z Flip5
,,,entity,Baili Service
---,,,,
B0009XYWAC,brand_name,JOYCE CHEN,entity,JOYCE CHEN
https://www.amazon.com/dp/B0009XYWAC,product_data,—,entity,Joyce Chen
JOYCE CHEN,,,entity,joyce chen
,,,entity,Joyc Chen
,,,entity,JoyceChn
,,,entity,Joyce Cheen
,,,entity,Joyce Chenn
,,,entity,Unlimited
,,,entity,Unlimited Scissors
,,,entity,Joyce Chen Products
,,,entity,Honey-Can-Do
---,,,,
B000H3GCXY,brand_name,REVLON,entity,REVLON
https://www.amazon.com/dp/B000H3GCXY,product_data,—,entity,revlon
REVLON,,,entity,Revlonn
,,,entity,Revlonn
,,,entity,Revlonn
,,,entity,Revlon ColorStay
,,,entity,ColorStay
---,,,,
B00AP5WGFM,brand_name,Guardian Gear,entity,Guardian Gear
https://www.amazon.com/dp/B00AP5WGFM,product_data,—,entity,guardian gear
Guardian Gear,,,entity,Guardiann Gear
,,,entity,Guardiann Geer
,,,entity,Guardiann Gea
,,,entity,Guradian Gear
,,,entity,Guradian Geer
,,,entity,Guradian Gea
,,,entity,Geib
,,,entity,Geib Black Pearl
,,,entity,Geib Black Pearll
,,,entity,Geib Black Pear
,,,entity,Geib Black Pearle
,,,entity,Geib Black Pearll
,,,entity,Geib Black Pear
,,,entity,Geib Black Pearle
---,,,,
B000KKKSSY,brand_name,Chef Craft,entity,Chef Craft
https://www.amazon.com/dp/B000KKKSSY,product_data,—,entity,chef craft
Chef Craft,,,entity,Cheff Craft
,,,entity,ChefCraf
,,,entity,ChefCrafte
,,,entity,Chef Craft Corporation
---,,,,
B005NAGISU,brand_name,Fiskars,entity,Fiskars
https://www.amazon.com/dp/B005NAGISU,product_data,—,entity,fiskars
Fiskars,,,entity,Fiskar
,,,entity,Fiskars School
,,,entity,Fiskars Office
,,,entity,Fiskars Craft
,,,entity,Fiskars School Office Craft Division
,,,entity,Fiskars Scissors
,,,entity,Fiskars Kids Scissors
---,,,,
B0895N3QZR,brand_name,Merdia,entity,Merdia
https://www.amazon.com/dp/B0895N3QZR,product_data,—,entity,merdia
Merdia,,,entity,Merdiaa
,,,entity,Merdia Herb
,,,entity,Merdia Scissors
,,,entity,Merdia Shears
---,,,,
B000U6YRJO,brand_name,SENTRY,entity,SENTRY
https://www.amazon.com/dp/B000U6YRJO,product_data,—,entity,sentry
SENTRY,,,entity,Sentree
,,,entity,Sentrie
,,,entity,Sentryy
,,,entity,Sentry Industries
,,,entity,Sentry Industries Inc
,,,entity,Sentry Ind.
,,,entity,"Sentry Industries, Inc."
---,,,,
B000CD2MCE,brand_name,Learning Resources,entity,Learning Resources
https://www.amazon.com/dp/B000CD2MCE,product_data,—,entity,learning resources
Learning Resources,,,entity,Learning Resouces
,,,entity,Learning Resorces
,,,entity,Learning Resouces
,,,entity,Learning Resouces
,,,entity,Learning Resouces
,,,entity,Learning Resouces
,,,entity,Learning Resouces
,,,entity,Learning Resouces
---,,,,
B000ZJ1N3Y,brand_name,Victor,entity,Victor
https://www.amazon.com/dp/B000ZJ1N3Y,product_data,—,entity,victor
Victor,,,entity,Viktor
,,,entity,ViktorTech
,,,entity,Viktor Technology
,,,entity,Victr
,,,entity,Viktor T
,,,entity,VictorTech
,,,entity,Victor Technology
,,,entity,C6000
---,,,,
