ASIN / Brand,Input Field,Input Value,Output Type,Entity
B0BQPGJ9LQ,brand_name,JBL,entity,JBL
https://www.amazon.com/dp/B0BQPGJ9LQ,product_data,—,entity,jbl
JBL,,,entity,JLB
,,,entity,JBLl
,,,entity,HBL
,,,entity,Vibe Beam
,,,entity,vibe beam
,,,entity,VibeBeam
---,,,,
B0BZYCJK89,brand_name,Owala,entity,Owala
https://www.amazon.com/dp/B0BZYCJK89,product_data,—,entity,owala
Owala,,,entity,Owla
,,,entity,Oawla
,,,entity,Owalla
,,,entity,FreeSip
,,,entity,freesip
,,,entity,BlenderBottle
,,,entity,blenderbottle
---,,,,
B0CJ4WZXQF,brand_name,Cisily,entity,Cisily
https://www.amazon.com/dp/B0CJ4WZXQF,product_data,—,entity,cisily
Cisily,,,entity,Cissily
,,,entity,Csiily
,,,entity,Cisly
---,,,,
B0D6YNWLTS,brand_name,Pioneer Camp,entity,Pioneer Camp
https://www.amazon.com/dp/B0D6YNWLTS,product_data,—,entity,pioneer camp
Pioneer Camp,,,entity,PioneerCamp
,,,entity,Pioner Camp
,,,entity,Pioneer Cmap
,,,entity,Pioneer Campp
---,,,,
B0DSHWLXG6,brand_name,Jikasho,entity,Jikasho
https://www.amazon.com/dp/B0DSHWLXG6,product_data,—,entity,jikasho
Jikasho,,,entity,Jiksaho
,,,entity,Jiksho
,,,entity,Jikkasho
,,,entity,Jilasho
---,,,,
B0F42MT8JX,brand_name,Antarctic Star,entity,Antarctic Star
https://www.amazon.com/dp/B0F42MT8JX,product_data,—,entity,antarctic star
Antarctic Star,,,entity,Antartic Star
,,,entity,Antarcticc Star
,,,entity,Antarctic Satr
,,,entity,AntarcticStar
,,,entity,antarcticstar
---,,,,
B000H3I2JG,brand_name,REVLON,entity,REVLON
https://www.amazon.com/dp/B000H3I2JG,product_data,—,entity,revlon
REVLON,,,entity,RELVON
,,,entity,REVON
,,,entity,REVLLON
,,,entity,ColorStay
,,,entity,colorstay
---,,,,
B08J8GZXKZ,brand_name,KitchenAid,entity,KitchenAid
https://www.amazon.com/dp/B08J8GZXKZ,product_data,—,entity,kitchenaid
KitchenAid,,,entity,KitchneAid
,,,entity,KitchennAid
,,,entity,KitchenAi
,,,entity,Town & Country Living
,,,entity,town & country living
---,,,,
B09LCKZBTW,brand_name,WEBACOO,entity,WEBACOO
https://www.amazon.com/dp/B09LCKZBTW,product_data,—,entity,webacoo
WEBACOO,,,entity,WEBACO
,,,entity,WEBCAOO
,,,entity,WEBAACOO
,,,entity,Sachsen-Us
,,,entity,sachsen-us
---,,,,
B077YYP739,brand_name,Transformers,entity,Transformers
https://www.amazon.com/dp/B077YYP739,product_data,—,entity,transformers
Transformers,,,entity,Transfomers
,,,entity,Trnasformers
,,,entity,Transfformers
,,,entity,Hasbro
,,,entity,hasbro
---,,,,
B0CVQJY9C6,brand_name,Rx Crush,entity,Rx Crush
https://www.amazon.com/dp/B0CVQJY9C6,product_data,—,entity,rx crush
Rx Crush,,,entity,RxCrush
,,,entity,Rx
,,,entity,rx
,,,entity,Vesco Medical
,,,entity,vesco medical
---,,,,
B0C9SPJ9ZQ,brand_name,Rx Crush,entity,Rx Crush
https://www.amazon.com/dp/B0C9SPJ9ZQ,product_data,—,entity,rx crush
Rx Crush,,,entity,RxCrush
,,,entity,Rx
,,,entity,rx
,,,entity,Resolve Designs
,,,entity,resolve designs
,,,entity,RxCrsh
,,,entity,RxCursh
,,,entity,RxCrrush
---,,,,
B0BH98GL8Z,brand_name,Rx Crush,entity,Rx Crush
https://www.amazon.com/dp/B0BH98GL8Z,product_data,—,entity,rx crush
Rx Crush,,,entity,RxCrush
,,,entity,Rx
,,,entity,rx
,,,entity,Rx Cursh
,,,entity,Rx Crsh
,,,entity,Rx Crrush
,,,entity,Resolve Designs
,,,entity,resolve designs
---,,,,
B0B5W8B389,brand_name,Rx Crush,entity,Rx Crush
https://www.amazon.com/dp/B0B5W8B389,product_data,—,entity,rx crush
Rx Crush,,,entity,RxCrush
,,,entity,Rx
,,,entity,rx
,,,entity,Rx Crsh
,,,entity,Rx Cursh
,,,entity,Rx Crrush
,,,entity,Resolve Designs
,,,entity,resolve designs
---,,,,
B0875RKTQF,brand_name,iOttie,entity,iOttie
https://www.amazon.com/dp/B0875RKTQF,product_data,—,entity,iottie
iOttie,,,entity,iOtie
,,,entity,iOttei
,,,entity,iOttiie
,,,entity,Easy One Touch
,,,entity,easy one touch
,,,entity,Easy One Touch Signature
,,,entity,easy one touch signature
---,,,,
B0D1XD1ZV3,brand_name,Apple,entity,Apple
https://www.amazon.com/dp/B0D1XD1ZV3,product_data,—,entity,apple
Apple,,,entity,Aple
,,,entity,Aplpe
,,,entity,Appple
,,,entity,AirPods
,,,entity,airpods
,,,entity,AirPods Pro
,,,entity,airpods pro
,,,entity,AirPodsPro
---,,,,
B07XYRS34W,brand_name,THERMOS,entity,THERMOS
https://www.amazon.com/dp/B07XYRS34W,product_data,—,entity,thermos
THERMOS,,,entity,THERMO
,,,entity,THEMOS
,,,entity,TERMOS
,,,entity,ALTA Series
,,,entity,alta series
,,,entity,ALTASeries
,,,entity,altaseries
,,,entity,ALTA
,,,entity,alta
---,,,,
B01N06UEH4,brand_name,OXO,entity,OXO
https://www.amazon.com/dp/B01N06UEH4,product_data,—,entity,oxo
OXO,,,entity,XOO
,,,entity,OXXO
,,,entity,IXO
,,,entity,Good Grips
,,,entity,good grips
,,,entity,GoodGrips
---,,,,
B0DRDVV2GY,brand_name,The North Face,entity,The North Face
https://www.amazon.com/dp/B0DRDVV2GY,product_data,—,entity,the north face
The North Face,,,entity,TheNorthFace
,,,entity,The North Fce
,,,entity,The Nroth Face
,,,entity,The North Faace
---,,,,
B07JBJWP2W,brand_name,Frigidaire,entity,Frigidaire
https://www.amazon.com/dp/B07JBJWP2W,product_data,—,entity,frigidaire
Frigidaire,,,entity,Frigidare
,,,entity,Frigidiar
,,,entity,Frigdiaire
,,,entity,Curtis
,,,entity,curtis
---,,,,
B00021VQJG,brand_name,Clinique,entity,Clinique
https://www.amazon.com/dp/B00021VQJG,product_data,—,entity,clinique
Clinique,,,entity,Clnique
,,,entity,Clinque
,,,entity,Clinnique
---,,,,
B07C1JJQKH,brand_name,Big Red House,entity,Big Red House
https://www.amazon.com/dp/B07C1JJQKH,product_data,—,entity,big red house
Big Red House,,,entity,BigRedHouse
,,,entity,Big Red Houes
,,,entity,Big Red Hous
,,,entity,Big Red Houuse
,,,entity,Big Red House Merch
,,,entity,big red house merch
---,,,,
B0BLR15STT,brand_name,Lenox,entity,Lenox
https://www.amazon.com/dp/B0BLR15STT,product_data,—,entity,lenox
Lenox,,,entity,Lneox
,,,entity,Lenxo
,,,entity,Leenox
---,,,,
B0D4XRVG7H,brand_name,McFarlane Toys,entity,McFarlane Toys
https://www.amazon.com/dp/B0D4XRVG7H,product_data,—,entity,mcfarlane toys
McFarlane Toys,,,entity,McFarlaneToys
,,,entity,McFarlane
,,,entity,mcfarlane
,,,entity,McFarlaen Toys
,,,entity,McFarrlane Toys
,,,entity,McFarlane Toy
,,,entity,DC Multiverse
,,,entity,dc multiverse
---,,,,
B0DMSW3V8B,brand_name,Vesco Medical,entity,Vesco Medical
https://www.amazon.com/dp/B0DMSW3V8B,product_data,—,entity,vesco medical
Vesco Medical,,,entity,VescoMedical
,,,entity,Vesco
,,,entity,vesco
,,,entity,Vesco Medcial
,,,entity,Vessco Medical
,,,entity,Besco Medical
---,,,,
B0DF891X52,brand_name,MYHELP,entity,MYHELP
https://www.amazon.com/dp/B0DF891X52,product_data,—,entity,myhelp
MYHELP,,,entity,MYHLP
,,,entity,MYEHLP
,,,entity,MYHELLP
---,,,,
B0D1BBXCST,brand_name,Binmotor,entity,Binmotor
https://www.amazon.com/dp/B0D1BBXCST,product_data,—,entity,binmotor
Binmotor,,,entity,Bnimotor
,,,entity,Binnmotor
,,,entity,Binmotr
---,,,,
B0FS1JP2WV,brand_name,VAHOIALD,entity,VAHOIALD
https://www.amazon.com/dp/B0FS1JP2WV,product_data,—,entity,vahoiald
VAHOIALD,,,entity,VAHIALD
,,,entity,VAHOAILD
,,,entity,VAHOIALDD
---,,,,
B0D83SD1ZP,brand_name,SnailBread,entity,SnailBread
https://www.amazon.com/dp/B0D83SD1ZP,product_data,—,entity,snailbread
SnailBread,,,entity,Snail Bread
,,,entity,snail bread
,,,entity,SnaiBread
,,,entity,SnialBread
,,,entity,SnaillBread
---,,,,
B0BYNPFQQ9,brand_name,LCWRGS,entity,LCWRGS
https://www.amazon.com/dp/B0BYNPFQQ9,product_data,—,entity,lcwrgs
LCWRGS,,,entity,LCRGS
,,,entity,LCRWGS
,,,entity,LCCWRGS
---,,,,
B0F4XFLDBP,brand_name,MiiKARE,entity,MiiKARE
https://www.amazon.com/dp/B0F4XFLDBP,product_data,—,entity,miikare
MiiKARE,,,entity,MiKARE
,,,entity,MiiAKRE
,,,entity,MiiiKARE
---,,,,
B0D9R4GYTN,brand_name,Sony,entity,Sony
https://www.amazon.com/dp/B0D9R4GYTN,product_data,—,entity,sony
Sony,,,entity,Sny
,,,entity,Snoy
,,,entity,Soony
---,,,,
B0C795M7ZN,brand_name,YETI,entity,YETI
https://www.amazon.com/dp/B0C795M7ZN,product_data,—,entity,yeti
YETI,,,entity,YETTI
,,,entity,YTEI
,,,entity,YETU
,,,entity,Rambler
,,,entity,rambler
---,,,,
B07XYN2GFR,brand_name,Amazon Basics,entity,Amazon Basics
https://www.amazon.com/dp/B07XYN2GFR,product_data,—,entity,amazon basics
Amazon Basics,,,entity,AmazonBasics
,,,entity,Amazn Basics
,,,entity,Amazon Basisc
,,,entity,Ammazon Basics
,,,entity,Amazon
,,,entity,amazon
---,,,,
B0DWX9HVK5,brand_name,Columbia,entity,Columbia
https://www.amazon.com/dp/B0DWX9HVK5,product_data,—,entity,columbia
Columbia,,,entity,Columia
,,,entity,Colubmia
,,,entity,Collumbia
---,,,,
B0107O5QR0,brand_name,Scotsman,entity,Scotsman
https://www.amazon.com/dp/B0107O5QR0,product_data,—,entity,scotsman
Scotsman,,,entity,Sctosman
,,,entity,Scottsman
,,,entity,Sotsman
---,,,,
B004BD0YI0,brand_name,L'Oreal Paris,entity,L'Oreal Paris
https://www.amazon.com/dp/B004BD0YI0,product_data,—,entity,l'oreal paris
L'Oreal Paris,,,entity,L'OrealParis
,,,entity,l'orealparis
,,,entity,L'Oreal
,,,entity,l'oreal
,,,entity,L'Oreal Pariss
,,,entity,L'Oreal Pairs
,,,entity,LOreal Paris
,,,entity,Infallible
,,,entity,infallible
,,,entity,Infalible
---,,,,
B08J8DT362,brand_name,KitchenAid,entity,KitchenAid
https://www.amazon.com/dp/B08J8DT362,product_data,—,entity,kitchenaid
KitchenAid,,,entity,KichenAid
,,,entity,KithcenAid
,,,entity,KitchenAidd
,,,entity,Kitchen Aid
,,,entity,kitchen aid
,,,entity,Town & Country Living
,,,entity,town & country living
---,,,,
B08P5FWPXG,brand_name,Godinger,entity,Godinger
https://www.amazon.com/dp/B08P5FWPXG,product_data,—,entity,godinger
Godinger,,,entity,Godigner
,,,entity,Goddinger
,,,entity,Goinger
---,,,,
B00K5OLP1O,brand_name,NECA,entity,NECA
https://www.amazon.com/dp/B00K5OLP1O,product_data,—,entity,neca
NECA,,,entity,NCEA
,,,entity,NEECA
,,,entity,NEC
,,,entity,Iron Maiden
,,,entity,iron maiden
---,,,,
B08H5P91VJ,brand_name,BH SUPPLIES,entity,BH SUPPLIES
https://www.amazon.com/dp/B08H5P91VJ,product_data,—,entity,bh supplies
BH SUPPLIES,,,entity,BHSUPPLIES
,,,entity,bhsupplies
,,,entity,BH
,,,entity,bh
,,,entity,BH SUPLIES
,,,entity,BH SUPPPLIES
,,,entity,BH SUPPLLIES
---,,,,
B0C1T5RNCH,brand_name,MYHELP,entity,MYHELP
https://www.amazon.com/dp/B0C1T5RNCH,product_data,—,entity,myhelp
MYHELP,,,entity,MHELP
,,,entity,MYHLEP
,,,entity,MYHELLP
---,,,,
B0DK1D6VCP,brand_name,GINOWY,entity,GINOWY
https://www.amazon.com/dp/B0DK1D6VCP,product_data,—,entity,ginowy
GINOWY,,,entity,GINOW
,,,entity,GIONWY
,,,entity,GINNOWY
---,,,,
B0FY37Z5L7,brand_name,Krlun,entity,Krlun
https://www.amazon.com/dp/B0FY37Z5L7,product_data,—,entity,krlun
Krlun,,,entity,Krun
,,,entity,Klrun
,,,entity,Krrlun
,,,entity,YPC
,,,entity,ypc
---,,,,
B0DB74W8BN,brand_name,FYY,entity,FYY
https://www.amazon.com/dp/B0DB74W8BN,product_data,—,entity,fyy
FYY,,,entity,FY
,,,entity,YFY
,,,entity,FYYY
---,,,,
B0F37M8KN1,brand_name,OHIYO,entity,OHIYO
https://www.amazon.com/dp/B0F37M8KN1,product_data,—,entity,ohiyo
OHIYO,,,entity,OHYIO
,,,entity,OHHIYO
,,,entity,OHIO
---,,,,
B0DWMLXBKS,brand_name,Marsflex,entity,Marsflex
https://www.amazon.com/dp/B0DWMLXBKS,product_data,—,entity,marsflex
Marsflex,,,entity,Marsfex
,,,entity,Marsfelx
,,,entity,Marsfflex
,,,entity,Marsmotor
,,,entity,marsmotor
---,,,,
B08B6B62QZ,brand_name,Miracase,entity,Miracase
https://www.amazon.com/dp/B08B6B62QZ,product_data,—,entity,miracase
Miracase,,,entity,Miracse
,,,entity,Mircaase
,,,entity,Miraccase
---,,,,
B09SQR5PJF,brand_name,Hydro Flask,entity,Hydro Flask
https://www.amazon.com/dp/B09SQR5PJF,product_data,—,entity,hydro flask
Hydro Flask,,,entity,HydroFlask
,,,entity,Hydro
,,,entity,hydro
,,,entity,Hydro Flas
,,,entity,Hydro Falsk
,,,entity,Hydroo Flask
---,,,,
B07D5NCHHF,brand_name,Simple Houseware,entity,Simple Houseware
https://www.amazon.com/dp/B07D5NCHHF,product_data,—,entity,simple houseware
Simple Houseware,,,entity,Simle Houseware
,,,entity,Simple Housware
,,,entity,Simpel Houseware
,,,entity,SimpleHouseware
,,,entity,simplehouseware
---,,,,
B0B7XV9QWD,brand_name,Patagonia,entity,Patagonia
https://www.amazon.com/dp/B0B7XV9QWD,product_data,—,entity,patagonia
Patagonia,,,entity,Patagnia
,,,entity,Patagnoia
,,,entity,Patagonnia
---,,,,
B077SGV77B,brand_name,NewAir,entity,NewAir
https://www.amazon.com/dp/B077SGV77B,product_data,—,entity,newair
NewAir,,,entity,NweAir
,,,entity,NewAirr
,,,entity,NewAri
---,,,,
B07GX7TD34,brand_name,MAYBELLINE,entity,MAYBELLINE
https://www.amazon.com/dp/B07GX7TD34,product_data,—,entity,maybelline
MAYBELLINE,,,entity,MAYBELINE
,,,entity,MAYBELLLINE
,,,entity,NAYBELLINE
,,,entity,Maybelline New York
,,,entity,maybelline new york
,,,entity,MaybellineNewYork
,,,entity,maybellinenewyork
,,,entity,TattooStudio
,,,entity,tattoostudio
---,,,,
B0758PW7FM,brand_name,OXO,entity,OXO
https://www.amazon.com/dp/B0758PW7FM,product_data,—,entity,oxo
OXO,,,entity,OXXO
,,,entity,XOO
,,,entity,OOX
,,,entity,Good Grips
,,,entity,good grips
,,,entity,GoodGrips
---,,,,
B0BM52HXV2,brand_name,Mikasa,entity,Mikasa
https://www.amazon.com/dp/B0BM52HXV2,product_data,—,entity,mikasa
Mikasa,,,entity,Mikkasa
,,,entity,Miaksa
,,,entity,Miksa
,,,entity,Estate
,,,entity,estate
,,,entity,Lifetime Brands Inc.
,,,entity,lifetime brands inc.
---,,,,
B0CPKXSL8R,brand_name,Mattel,entity,Mattel
https://www.amazon.com/dp/B0CPKXSL8R,product_data,—,entity,mattel
Mattel,,,entity,Mttel
,,,entity,Mattle
,,,entity,Mattell
,,,entity,WWE
,,,entity,wwe
---,,,,
B07SKQ53HY,brand_name,BD,entity,BD
https://www.amazon.com/dp/B07SKQ53HY,product_data,—,entity,bd
BD,,,entity,B
,,,entity,DB
,,,entity,BBD
,,,entity,Luer-Lok
,,,entity,luer-lok
---,,,,
B0DXFCJHQQ,brand_name,Antaly,entity,Antaly
https://www.amazon.com/dp/B0DXFCJHQQ,product_data,—,entity,antaly
Antaly,,,entity,Antly
,,,entity,Anatly
,,,entity,Anntaly
---,,,,
B0FJ6TF24P,brand_name,RILLEC,entity,RILLEC
https://www.amazon.com/dp/B0FJ6TF24P,product_data,—,entity,rillec
RILLEC,,,entity,RILEC
,,,entity,RILLCE
,,,entity,RILLEEC
---,,,,
B0D9GSLZJJ,brand_name,Gtonster,entity,Gtonster
https://www.amazon.com/dp/B0D9GSLZJJ,product_data,—,entity,gtonster
Gtonster,,,entity,Gtoster
,,,entity,Gtnoster
,,,entity,Gttonster
---,,,,
B0FGBX24HW,brand_name,FYY,entity,FYY
https://www.amazon.com/dp/B0FGBX24HW,product_data,—,entity,fyy
FYY,,,entity,FY
,,,entity,YFY
,,,entity,FFYY
---,,,,
B0F3D5R2NS,brand_name,NANYI,entity,NANYI
https://www.amazon.com/dp/B0F3D5R2NS,product_data,—,entity,nanyi
NANYI,,,entity,ANNYI
,,,entity,NAYNI
,,,entity,NANY
---,,,,
B0C6SLJVSG,brand_name,POHILA,entity,POHILA
https://www.amazon.com/dp/B0C6SLJVSG,product_data,—,entity,pohila
POHILA,,,entity,POHLA
,,,entity,POIHLA
,,,entity,POHILLA
---,,,,
B07G61YN8K,brand_name,VANMASS,entity,VANMASS
https://www.amazon.com/dp/B07G61YN8K,product_data,—,entity,vanmass
VANMASS,,,entity,VANMAS
,,,entity,VAMNASS
,,,entity,VANNMASS
---,,,,
B0D8BZDPXB,brand_name,Bose,entity,Bose
https://www.amazon.com/dp/B0D8BZDPXB,product_data,—,entity,bose
Bose,,,entity,Bse
,,,entity,Boose
,,,entity,Bsoe
---,,,,
B0CHN5CVL6,brand_name,STANLEY,entity,STANLEY
https://www.amazon.com/dp/B0CHN5CVL6,product_data,—,entity,stanley
STANLEY,,,entity,STANLY
,,,entity,STANELY
,,,entity,STANNLEY
,,,entity,IceFlow
,,,entity,iceflow
---,,,,
B0741XXT8W,brand_name,Mind Reader,entity,Mind Reader
https://www.amazon.com/dp/B0741XXT8W,product_data,—,entity,mind reader
Mind Reader,,,entity,MindReader
,,,entity,mindreader
,,,entity,Mind Readerr
,,,entity,Mind Reade
,,,entity,Mind Raeder
,,,entity,EMS Mind Reader LLC
,,,entity,ems mind reader llc
---,,,,
B0F8W6V93G,brand_name,Arc'teryx,entity,Arc'teryx
https://www.amazon.com/dp/B0F8W6V93G,product_data,—,entity,arc'teryx
Arc'teryx,,,entity,Arcteryx
,,,entity,Arc'treyx
,,,entity,Arc'tteryx
,,,entity,Thorium
,,,entity,thorium
---,,,,
B0BXXKFJK2,brand_name,Silonn,entity,Silonn
https://www.amazon.com/dp/B0BXXKFJK2,product_data,—,entity,silonn
Silonn,,,entity,Silon
,,,entity,Siolnn
,,,entity,Sillonn
---,,,,
B01LPRX3X2,brand_name,Almay,entity,Almay
https://www.amazon.com/dp/B01LPRX3X2,product_data,—,entity,almay
Almay,,,entity,Amay
,,,entity,Amlay
,,,entity,Allmay
---,,,,
B0DSLS2LWW,brand_name,Le Creuset,entity,Le Creuset
https://www.amazon.com/dp/B0DSLS2LWW,product_data,—,entity,le creuset
Le Creuset,,,entity,LeCreuset
,,,entity,Le Ceuset
,,,entity,Le Crueset
,,,entity,Le Creusset
---,,,,
B0FY3R81S9,brand_name,kate spade new york,entity,kate spade new york
https://www.amazon.com/dp/B0FY3R81S9,product_data,—,entity,katespadenewyork
kate spade new york,,,entity,katte spade new york
,,,entity,kate spdae new york
,,,entity,kate spade new yor
,,,entity,Deco Dot
,,,entity,deco dot
,,,entity,DecoDot
---,,,,
B09QFHSMTZ,brand_name,Funko,entity,Funko
https://www.amazon.com/dp/B09QFHSMTZ,product_data,—,entity,funko
Funko,,,entity,Funo
,,,entity,Funnko
,,,entity,Funjo
,,,entity,Pop
,,,entity,pop
---,,,,
B01GOQSJ0G,brand_name,Monoject,entity,Monoject
https://www.amazon.com/dp/B01GOQSJ0G,product_data,—,entity,monoject
Monoject,,,entity,Monject
,,,entity,Monoejct
,,,entity,Monojject
---,,,,
B09PNTXRJB,brand_name,MED PRIDE,entity,MED PRIDE
https://www.amazon.com/dp/B09PNTXRJB,product_data,—,entity,med pride
MED PRIDE,,,entity,MEDPRIDE
,,,entity,MED PRDE
,,,entity,MED PIRDE
,,,entity,MED PRIDDE
,,,entity,Shield Line
,,,entity,shield line
---,,,,
B07PMWMDXN,brand_name,SAN AUTO,entity,SAN AUTO
https://www.amazon.com/dp/B07PMWMDXN,product_data,—,entity,san auto
SAN AUTO,,,entity,SANAUTO
,,,entity,SNA AUTO
,,,entity,SAN ATO
,,,entity,SANN AUTO
,,,entity,HD-Mart
,,,entity,hd-mart
---,,,,
B0BTCZ2RR9,brand_name,CAMKORY,entity,CAMKORY
https://www.amazon.com/dp/B0BTCZ2RR9,product_data,—,entity,camkory
CAMKORY,,,entity,CMKORY
,,,entity,ACMKORY
,,,entity,CAAMKORY
---,,,,
B0CNQYPM4L,brand_name,itrusou,entity,itrusou
https://www.amazon.com/dp/B0CNQYPM4L,product_data,—,entity,ittrusou
itrusou,,,entity,itursou
,,,entity,itruso
---,,,,
B0F3HKCFZS,brand_name,Oerdoh,entity,Oerdoh
https://www.amazon.com/dp/B0F3HKCFZS,product_data,—,entity,oerdoh
Oerdoh,,,entity,Oerdo
,,,entity,Oredoh
,,,entity,Oeerdoh
---,,,,
B081VB2BTR,brand_name,Aeagle,entity,Aeagle
https://www.amazon.com/dp/B081VB2BTR,product_data,—,entity,aeagle
Aeagle,,,entity,Aegle
,,,entity,Aagle
,,,entity,Aeaggle
---,,,,
B0CRTYZG5C,brand_name,Soundcore,entity,Soundcore
https://www.amazon.com/dp/B0CRTYZG5C,product_data,—,entity,soundcore
Soundcore,,,entity,Soundcor
,,,entity,Souncore
,,,entity,Soundocre
,,,entity,Anker
,,,entity,anker
---,,,,
B09RNBRTQ6,brand_name,Contigo,entity,Contigo
https://www.amazon.com/dp/B09RNBRTQ6,product_data,—,entity,contigo
Contigo,,,entity,Contig
,,,entity,Cotnigo
,,,entity,Conntigo
,,,entity,Jackson
,,,entity,jackson
---,,,,
B0BWHZJHPL,brand_name,EUHOMY,entity,EUHOMY
https://www.amazon.com/dp/B0BWHZJHPL,product_data,—,entity,euhomy
EUHOMY,,,entity,EUHOM
,,,entity,EUHMOY
,,,entity,EUHOOMY
,,,entity,E EUHOMY
,,,entity,e euhomy
---,,,,
B006Z79SBE,brand_name,URBAN DECAY,entity,URBAN DECAY
https://www.amazon.com/dp/B006Z79SBE,product_data,—,entity,urban decay
URBAN DECAY,,,entity,UrbanDecay
,,,entity,URBAN DEACY
,,,entity,URRBAN DECAY
,,,entity,URBAN DCAY
,,,entity,"PerfumeWorldWide, Inc. Drop Ship"
,,,entity,"perfumeworldwide, inc. drop ship"
---,,,,
B07V15FVX8,brand_name,All-Clad,entity,All-Clad
https://www.amazon.com/dp/B07V15FVX8,product_data,—,entity,all-clad
All-Clad,,,entity,Al-Clad
,,,entity,All-Cald
,,,entity,All-Cllad
,,,entity,All Clad
,,,entity,all clad
,,,entity,AllClad
,,,entity,allclad
,,,entity,John Ritzenthaler Co
,,,entity,john ritzenthaler co
---,,,,
B08XWPZ6F8,brand_name,Bandai Namco,entity,Bandai Namco
https://www.amazon.com/dp/B08XWPZ6F8,product_data,—,entity,bandai namco
Bandai Namco,,,entity,BandaiNamco
,,,entity,bandainamco
,,,entity,Bandai
,,,entity,bandai
,,,entity,Banai Namco
,,,entity,Bandai Nacmo
,,,entity,Bandai Nammco
,,,entity,Badai
,,,entity,Bandaii
,,,entity,Bandai Namcoo
---,,,,
B00JEMGXC4,brand_name,McKesson,entity,McKesson
https://www.amazon.com/dp/B00JEMGXC4,product_data,—,entity,mckesson
McKesson,,,entity,McKeson
,,,entity,McKeesson
,,,entity,McKessom
---,,,,
B0DF4JRXH3,brand_name,SurviveX,entity,SurviveX
https://www.amazon.com/dp/B0DF4JRXH3,product_data,—,entity,survivex
SurviveX,,,entity,SurvivX
,,,entity,SruviveX
,,,entity,SurvivveX
---,,,,
B08LV7V1TZ,brand_name,VIWIK,entity,VIWIK
https://www.amazon.com/dp/B08LV7V1TZ,product_data,—,entity,viwik
VIWIK,,,entity,VWIK
,,,entity,VIWWIK
,,,entity,VWIIK
---,,,,
B0CSN9B2DF,brand_name,SMARTKLIK,entity,SMARTKLIK
https://www.amazon.com/dp/B0CSN9B2DF,product_data,—,entity,smartklik
SMARTKLIK,,,entity,SMRTKLIK
,,,entity,SAMRTKLIK
,,,entity,SMARTKKLIK
---,,,,
B0FG258DCG,brand_name,Homelove,entity,Homelove
https://www.amazon.com/dp/B0FG258DCG,product_data,—,entity,homelove
Homelove,,,entity,Homlove
,,,entity,Hoemlove
,,,entity,Hommelove
---,,,,
B0CRQQ1FQ9,brand_name,Nectar & Nest,entity,Nectar & Nest
https://www.amazon.com/dp/B0CRQQ1FQ9,product_data,—,entity,nectar & nest
Nectar & Nest,,,entity,Nectar&Nest
,,,entity,nectar&nest
,,,entity,Nectr & Nest
,,,entity,Nectar & Nset
,,,entity,Nectarr & Nest
---,,,,
B0CDQ72BHL,brand_name,A-NAFTULY,entity,A-NAFTULY
https://www.amazon.com/dp/B0CDQ72BHL,product_data,—,entity,a-naftuly
A-NAFTULY,,,entity,A-NAFTUL
,,,entity,A-NAFTLUY
,,,entity,A-NAFTULLY
---,,,,
B07Y53NHB7,brand_name,orealtrend,entity,orealtrend
https://www.amazon.com/dp/B07Y53NHB7,product_data,—,entity,oeraltrend
orealtrend,,,entity,orrealtrend
,,,entity,orealtrnd
---,,,,
B088FYX5R7,brand_name,microMend,entity,microMend
https://www.amazon.com/dp/B088FYX5R7,product_data,—,entity,micromend
microMend,,,entity,micoMend
,,,entity,micorMend
,,,entity,microMendd
---,,,,
B0DCVMP5NV,brand_name,PALATO,entity,PALATO
https://www.amazon.com/dp/B0DCVMP5NV,product_data,—,entity,palato
PALATO,,,entity,PALTO
,,,entity,PALLATO
,,,entity,PLAATO
---,,,,
B0DJR5SWD7,brand_name,VYNCS,entity,VYNCS
https://www.amazon.com/dp/B0DJR5SWD7,product_data,—,entity,vyncs
VYNCS,,,entity,VYNS
,,,entity,VYCNS
,,,entity,VVYNCS
---,,,,
B0FGD6R7T2,brand_name,RoadNow,entity,RoadNow
https://www.amazon.com/dp/B0FGD6R7T2,product_data,—,entity,roadnow
RoadNow,,,entity,Roadow
,,,entity,RoaNdow
,,,entity,RoaddNow
---,,,,
B0FHH693Z4,brand_name,honiitaa,entity,honiitaa
https://www.amazon.com/dp/B0FHH693Z4,product_data,—,entity,honiita
honiitaa,,,entity,honniitaa
,,,entity,hoiniitaa
---,,,,
