ASIN / Brand,Input Field,Input Value,Output Type,Entity
B00NQ2HREQ,brand_name,Alba Botanica,entity,Alba Botanica
https://www.amazon.com/dp/B00NQ2HREQ,product_data,—,entity,alba botanica
Alba Botanica,,,entity,Alba Botanicaa
,,,entity,Alba Botannica
,,,entity,Alba Botanicae
,,,entity,Alba Botanica's
,,,entity,Alba
,,,entity,Un-Petroleum
---,,,,
B08D6ZK72M,brand_name,Ceramedx,entity,Ceramedx
https://www.amazon.com/dp/B08D6ZK72M,product_data,—,entity,ceramedx
Ceramedx,,,entity,Ceramdx
,,,entity,Ceramedx
,,,entity,Ceramedex
,,,entity,Cerameds
,,,entity,Riceramide-3
,,,entity,California Skin Research Inc.
---,,,,
B09F1THVG5,brand_name,A'PIEU,entity,A'PIEU
https://www.amazon.com/dp/B09F1THVG5,product_data,—,entity,a'pieu
A'PIEU,,,entity,A'peiu
,,,entity,A'PIE
,,,entity,A'Pieu
,,,entity,A'Peeu
,,,entity,A'Pieuu
,,,entity,Madecassoside
---,,,,
B00GMP22QM,brand_name,Vaseline,entity,Vaseline
https://www.amazon.com/dp/B00GMP22QM,product_data,—,entity,vaseline
Vaseline,,,entity,Vaselinee
,,,entity,Vaselin
,,,entity,Vaselinea
,,,entity,Vaseline Intensive Care
,,,entity,Cocoa Radiant
---,,,,
B0018QJFP6,brand_name,CoverGirl,entity,CoverGirl
https://www.amazon.com/dp/B0018QJFP6,product_data,—,entity,covergirl
CoverGirl,,,entity,CovrGirl
,,,entity,CoveGirl
,,,entity,CoverGurl
,,,entity,CoverGrrl
,,,entity,Smoothers
---,,,,
B07DGK1BKH,brand_name,Johnson's Baby,entity,Johnson's Baby
https://www.amazon.com/dp/B07DGK1BKH,product_data,—,entity,Johnson's
Johnson's Baby,,,entity,Johnsons
,,,entity,Johnsons Baby
,,,entity,Johnsons's Baby
,,,entity,Johnsons Baby Lotion
,,,entity,Johnson's Skin Nourish
,,,entity,Johnson's Skin Nourish Shea & Cocoa Butter Lotion
,,,entity,Johnsons Skin Nourish
,,,entity,Johnsons Skin Nourish Shea & Cocoa Butter Lotion
,,,entity,J&J
,,,entity,J&J Baby
,,,entity,J&J Lotion
---,,,,
B0016AZC6K,brand_name,EO,entity,EO
https://www.amazon.com/dp/B0016AZC6K,product_data,—,entity,eo
EO,,,entity,Eo
,,,entity,E.O.
,,,entity,E-O
,,,entity,Eo Lotion
,,,entity,EO Body Lotion
---,,,,
B082VM4SQ1,brand_name,SUNAROMA,entity,SUNAROMA
https://www.amazon.com/dp/B082VM4SQ1,product_data,—,entity,sunaroma
SUNAROMA,,,entity,Sunaroma
,,,entity,Sunaroma Lotion
,,,entity,Patchouli Lotion
,,,entity,Patchouli
,,,entity,Patchouli Oil
---,,,,
B07ZPCDZ17,brand_name,Soothing Touch,entity,Soothing Touch
https://www.amazon.com/dp/B07ZPCDZ17,product_data,—,entity,soothing touch
Soothing Touch,,,entity,SoothingTuch
,,,entity,SoothingTach
,,,entity,Soothing Touchh
,,,entity,Soothing Tuch
,,,entity,Soothing Tatch
,,,entity,Soothing Touchs
---,,,,
B00EQZDMBO,brand_name,Dermend,entity,Dermend
https://www.amazon.com/dp/B00EQZDMBO,product_data,—,entity,dermend
Dermend,,,entity,Dremend
,,,entity,Dermand
,,,entity,Dermendd
,,,entity,Moisturizing Bruise Formula
---,,,,
B00NFV4RSW,brand_name,Lottabody,entity,Lottabody
https://www.amazon.com/dp/B00NFV4RSW,product_data,—,entity,LottaBody
Lottabody,,,entity,LottaBody
,,,entity,Lottabody
,,,entity,Lottabodi
,,,entity,Lottaboddy
,,,entity,Lottabod
,,,entity,Lottaboddy
,,,entity,Lottabodi
,,,entity,Lottaboddy
---,,,,
B07NF9Q62M,brand_name,ATTITUDE,entity,ATTITUDE
https://www.amazon.com/dp/B07NF9Q62M,product_data,—,entity,attitude
ATTITUDE,,,entity,Attitood
,,,entity,Attitde
,,,entity,ATTITUD
,,,entity,ATTITUDD
,,,entity,ATTITUDES
,,,entity,ATTITUDE Bio Spectra
---,,,,
B0068SXPL4,brand_name,Skin Tight,entity,Skin Tight
https://www.amazon.com/dp/B0068SXPL4,product_data,—,entity,skin tight
Skin Tight,,,entity,SkinTight
,,,entity,Skintite
,,,entity,SkinTite
,,,entity,SkinTightOintment
,,,entity,Barton & Company Corporation
---,,,,
B07CH3RRNL,brand_name,Vaseline,entity,Vaseline
https://www.amazon.com/dp/B07CH3RRNL,product_data,—,entity,vaseline
Vaseline,,,entity,Vaselin
,,,entity,Vaselene
,,,entity,Vaselinee
,,,entity,Vaseline Jelly
,,,entity,Petroleum Jelly
,,,entity,Vaseline Petroleum Jelly
---,,,,
B00AO5JIFO,brand_name,Vaseline,entity,Vaseline
https://www.amazon.com/dp/B00AO5JIFO,product_data,—,entity,vaseline
Vaseline,,,entity,Vaselin
,,,entity,Vaselene
,,,entity,Vaselinee
,,,entity,Vaseline Men
,,,entity,Cooling Hydration
,,,entity,Cooling Moisture
,,,entity,Stratys-3
---,,,,
B018J0PZCK,brand_name,Gold Bond,entity,Gold Bond
https://www.amazon.com/dp/B018J0PZCK,product_data,—,entity,gold bond
Gold Bond,,,entity,GoldBnd
,,,entity,Gld Bond
,,,entity,Gold Bnd
,,,entity,GoldBnd
,,,entity,Gold Bond Ultimate
,,,entity,Gold Bond Healing
,,,entity,Gold Bond Aloe
,,,entity,Chattem
,,,entity,Chattem Inc.
---,,,,
B009GTFA42,brand_name,Blossom,entity,Blossom
https://www.amazon.com/dp/B009GTFA42,product_data,—,entity,blossom
Blossom,,,entity,Blosom
,,,entity,Blosom
,,,entity,Blosom
,,,entity,Bloosom
,,,entity,Blosom
,,,entity,Blosom
,,,entity,Blooming Brands
,,,entity,Blossom Cuticle Oil
,,,entity,Blossom Scented Cuticle Oil
,,,entity,Blossom Line
---,,,,
B01N1EORFI,brand_name,Nature by Canus,entity,Nature by Canus
https://www.amazon.com/dp/B01N1EORFI,product_data,—,entity,nature by canus
Nature by Canus,,,entity,Nature by Canus
,,,entity,Natre by Canus
,,,entity,Nature by Canus
,,,entity,Natr by Canus
,,,entity,Nature by Canus
,,,entity,Nature by Canus
,,,entity,Nature by Canus
,,,entity,Nature by Canus
---,,,,
B07N4BXQQK,brand_name,Soothing Touch,entity,Soothing Touch
https://www.amazon.com/dp/B07N4BXQQK,product_data,—,entity,soothing touch
Soothing Touch,,,entity,SoothingTouch
,,,entity,Soothing Tuch
,,,entity,Soothing Tuchh
,,,entity,Soothing Tuch
,,,entity,Sothing Touch
,,,entity,Soothing Tuch
,,,entity,Soothing Touchh
---,,,,
B07NF6424N,brand_name,ATTITUDE,entity,ATTITUDE
https://www.amazon.com/dp/B07NF6424N,product_data,—,entity,attitude
ATTITUDE,,,entity,Attitood
,,,entity,Attitde
,,,entity,ATTITUD
,,,entity,ATTITUDES
,,,entity,ATTITUDE Bio Spectra
---,,,,
B00E4MQKUY,brand_name,Banana Boat,entity,Banana Boat
https://www.amazon.com/dp/B00E4MQKUY,product_data,—,entity,banana boat
Banana Boat,,,entity,BananaBoatt
,,,entity,BananaBoatt
,,,entity,BananaBote
,,,entity,BananaBoate
,,,entity,Banana Boat Sunscreen
,,,entity,Banana Boat Sport
,,,entity,Banana Boat SPF 50
---,,,,
B002VWK9FG,brand_name,Hawaiian Tropic,entity,Hawaiian Tropic
https://www.amazon.com/dp/B002VWK9FG,product_data,—,entity,Hawaiian Tropic Sheer Touch
Hawaiian Tropic,,,entity,Hawaiian Tropic SPF 30
,,,entity,Hawaiian Tropic Lotion
,,,entity,Hawaiian Tropic Sunscreen
,,,entity,Hawaiian Tropic
,,,entity,Hawaiin Tropic
,,,entity,Hawaiian Tropik
,,,entity,Hawaiian Tropik Sheer Touch
,,,entity,Hawaiian Tropic Sheer Touch Lotion
,,,entity,Hawaiian Tropic Lotion Sunscreen
,,,entity,Hawaiian Tropic Ultra Radiance
,,,entity,Hawaiian Tropic Ultra Radiance SPF 30
---,,,,
B00166AW8M,brand_name,Blistex,entity,Blistex
https://www.amazon.com/dp/B00166AW8M,product_data,—,entity,blistex
Blistex,,,entity,Blistx
,,,entity,Blistecx
,,,entity,Blistek
,,,entity,Blistexx
,,,entity,Silk & Shine
---,,,,
B0B64JTT6X,brand_name,ROUND LAB,entity,ROUND LAB
https://www.amazon.com/dp/B0B64JTT6X,product_data,—,entity,round lab
ROUND LAB,,,entity,Round Lab
,,,entity,RUND LAB
,,,entity,ROUND LABS
,,,entity,ROUNDLAB
,,,entity,Birch Juice
---,,,,
B005IHTHUO,brand_name,Neutrogena,entity,Neutrogena
https://www.amazon.com/dp/B005IHTHUO,product_data,—,entity,neutrogena
Neutrogena,,,entity,Neutrogina
,,,entity,Neutrogina
,,,entity,Neutrogna
,,,entity,Neutrogina
,,,entity,Neutrogina Oil-Free Moisture
,,,entity,Johnson & Johnson
---,,,,
B000065V0C,brand_name,Alba Botanica,entity,Alba Botanica
https://www.amazon.com/dp/B000065V0C,product_data,—,entity,Alba Botanical
Alba Botanica,,,entity,alba botanica
,,,entity,Alba Botanicca
,,,entity,Alba Botanicaa
,,,entity,Alba Botanic
,,,entity,Very Emollient
,,,entity,Alba
,,,entity,Alba Botanica Lipcare
---,,,,
B09W8Y8KFT,brand_name,ETUDE,entity,ETUDE
https://www.amazon.com/dp/B09W8Y8KFT,product_data,—,entity,etude
ETUDE,,,entity,Etuude
,,,entity,ETUDEe
,,,entity,ETUDEs
,,,entity,Etude
,,,entity,Sunjeon
,,,entity,CICA
,,,entity,Deer
,,,entity,Hypoallergenic
---,,,,
B001IBOMMM,brand_name,Blistex,entity,Blistex
https://www.amazon.com/dp/B001IBOMMM,product_data,—,entity,blistex
Blistex,,,entity,Blistek
,,,entity,Blistexx
,,,entity,Blistex DCT
,,,entity,DCT
,,,entity,Blistex DCT Lip Balm
---,,,,
B074JG627B,brand_name,Alba Botanica,entity,Alba Botanica
https://www.amazon.com/dp/B074JG627B,product_data,—,entity,alba botanica
Alba Botanica,,,entity,Alba Botannica
,,,entity,Alba Botanicaa
,,,entity,Alba Botanicaa
,,,entity,Alba Botanica Aloe Vera
,,,entity,Aloe Vera Hawaiian
,,,entity,Aloe Vera
,,,entity,Alba Botanica Hawaiian
,,,entity,Alba Botanica Sunscreen
,,,entity,Hain
---,,,,
B0D1RK2GH9,brand_name,ShineMore,entity,ShineMore
https://www.amazon.com/dp/B0D1RK2GH9,product_data,—,entity,shinemore
ShineMore,,,entity,ShinMore
,,,entity,ShineMor
,,,entity,ShineMoor
,,,entity,ShineMoree
---,,,,
B00QE2DAW8,brand_name,NIVEA,entity,NIVEA
https://www.amazon.com/dp/B00QE2DAW8,product_data,—,entity,nivea
NIVEA,,,entity,Nivea
,,,entity,NIVEEA
,,,entity,NIVEA Smoothness
,,,entity,NIVEA Smoothness Lip Care
,,,entity,NIVEA Smoothness Lip
,,,entity,NIVEA Smooth
,,,entity,NIVEA SPF
,,,entity,NIVEA Lip Care
,,,entity,NIVEA Balm
,,,entity,NIVEA Moisturizer
,,,entity,NIVEA Lip Moisturizer
,,,entity,NIVEA Lip Balm
,,,entity,NIVEA Care
,,,entity,NIVEA Nourishing
,,,entity,NIVEA Protection
,,,entity,NIVEA Beiersdorf
---,,,,
B07S39GXV1,brand_name,ATTITUDE,entity,ATTITUDE
https://www.amazon.com/dp/B07S39GXV1,product_data,—,entity,attitude
ATTITUDE,,,entity,Attitood
,,,entity,Attitide
,,,entity,ATTITUD
,,,entity,ATTITUDES
,,,entity,Sunly
,,,entity,EWG VERIFIED
,,,entity,PETA CERTIFIED
---,,,,
B07YH19JQW,brand_name,Neutrogena,entity,Neutrogena
https://www.amazon.com/dp/B07YH19JQW,product_data,—,entity,neutrogena
Neutrogena,,,entity,Neutrogna
,,,entity,Neutrogina
,,,entity,Neutrogina
,,,entity,Neutrogna
,,,entity,Neutrogena Sheer Zinc
,,,entity,Neutrogena Sheer Zinc Oxide
,,,entity,Neutrogena Sunscreen
,,,entity,Johnson & Johnson
---,,,,
B01KL1FWY6,brand_name,Alba Botanica,entity,Alba Botanica
https://www.amazon.com/dp/B01KL1FWY6,product_data,—,entity,alba botanica
Alba Botanica,,,entity,Alba Botannica
,,,entity,Alba Botanicaa
,,,entity,Alba Botanicca
,,,entity,Alba Botanica Lipcare
---,,,,
B00E5QM33C,brand_name,Banana Boat,entity,Banana Boat
https://www.amazon.com/dp/B00E5QM33C,product_data,—,entity,banana boat
Banana Boat,,,entity,BananaBoatt
,,,entity,BananaBoatt
,,,entity,Banana Bote
,,,entity,Banana Boat Sport
,,,entity,Banana Boat Sport Performance
---,,,,
B078BF2BGP,brand_name,Coppertone,entity,Coppertone
https://www.amazon.com/dp/B078BF2BGP,product_data,—,entity,coppertone
Coppertone,,,entity,Coppartone
,,,entity,Coppertonee
,,,entity,Coppetone
,,,entity,Coppertone Sport
,,,entity,CoppertoneSport
,,,entity,Coppertone SPF 50
,,,entity,Coppertone Sport SPF 50
,,,entity,Beiersdorf
---,,,,
B000HHQB8G,brand_name,Healthy Haircare Product,entity,Healthy Haircare Product
https://www.amazon.com/dp/B000HHQB8G,product_data,—,entity,Healthy Haircare
Healthy Haircare Product,,,entity,Healthy Haircare Prodct
,,,entity,Healthy Haircare Prduct
,,,entity,Healthy Haircare Porduct
,,,entity,Healthy Haircare Produc
,,,entity,Healthy Haircare Producs
,,,entity,Healthy Haircare Productt
,,,entity,Sunflower Suncoat
,,,entity,Sunflower
,,,entity,Suncoat
,,,entity,Sunflwr Suncoat
,,,entity,Sunflwr
,,,entity,Suncoat SPF
,,,entity,Suncoat SPF Spray
---,,,,
B079Y8JPJH,brand_name,Alba Botanica,entity,Alba Botanica
https://www.amazon.com/dp/B079Y8JPJH,product_data,—,entity,alba botanica
Alba Botanica,,,entity,Alba Botanicca
,,,entity,Alba Botanicaa
,,,entity,Alba Botannica
,,,entity,Alba Botanica's
,,,entity,Fab Products
---,,,,
B01IAFK038,brand_name,NIVEA MEN,entity,NIVEA MEN
https://www.amazon.com/dp/B01IAFK038,product_data,—,entity,nivea men
NIVEA MEN,,,entity,Nivea Men
,,,entity,NIVEA
,,,entity,Nivea
,,,entity,NiveaMenn
,,,entity,NiveaMen
,,,entity,NiveaMenns
,,,entity,NiveaMenSensitive
,,,entity,NiveaMenCooling
---,,,,
B0B8QBVNTB,brand_name,Curve,entity,Curve
https://www.amazon.com/dp/B0B8QBVNTB,product_data,—,entity,curve
Curve,,,entity,Curv
,,,entity,Curev
,,,entity,Curvve
,,,entity,Curv
,,,entity,Liz Claiborne
---,,,,
B09L481HXK,brand_name,PuroSentido by: Scentrade,entity,PuroSentido
https://www.amazon.com/dp/B09L481HXK,product_data,—,entity,puro sentido
PuroSentido by: Scentrade,,,entity,Purosentido
,,,entity,PuroSentido by
,,,entity,Scentrade
---,,,,
B01DV1XI30,brand_name,Pitbull,entity,Pitbull
https://www.amazon.com/dp/B01DV1XI30,product_data,—,entity,pitbull
Pitbull,,,entity,Pitbul
,,,entity,Pitbll
,,,entity,Pitbulls
,,,entity,Pit-bull
,,,entity,Mainspring America
,,,entity,Mainspring
,,,entity,Direct Cosmetics
,,,entity,BLINC
---,,,,
9790778619,brand_name,Guy Laroche,entity,Guy Laroche
https://www.amazon.com/dp/9790778619,product_data,—,entity,Guy Laroche Drakkar Noir
Guy Laroche,,,entity,Drakkar Noir
,,,entity,guy laroche
,,,entity,guy laroch
,,,entity,Guy Laroach
,,,entity,Guy Laroshe
,,,entity,Guy Larochee
,,,entity,Drakkar Noire
,,,entity,Drakkar Nore
,,,entity,Drakkar Noir Eau de Toilette
---,,,,
B0961FCQH9,brand_name,Noa Kirel,entity,Noa Kirel
https://www.amazon.com/dp/B0961FCQH9,product_data,—,entity,noa kirel
Noa Kirel,,,entity,NoaKirel
,,,entity,Noa-Kirel
,,,entity,NuMe
,,,entity,NuMe x Noa Kirel
,,,entity,Idol
,,,entity,Idol Perfume
,,,entity,Stars
,,,entity,Stars Perfume
,,,entity,Fresh
,,,entity,Fresh Perfume
---,,,,
9790792220,brand_name,Jennifer Lopez,entity,Jennifer Lopez
https://www.amazon.com/dp/9790792220,product_data,—,entity,jennifer lopez
Jennifer Lopez,,,entity,Jennifer Lope
,,,entity,Jennifer Lopezz
,,,entity,Jennifer Lopezx
,,,entity,Live Luxe
---,,,,
B000Y8UTAO,brand_name,Top Performance,entity,Top Performance
https://www.amazon.com/dp/B000Y8UTAO,product_data,—,entity,top performance
Top Performance,,,entity,Top Performnce
,,,entity,Top Performace
,,,entity,Top Performnce
,,,entity,Top Performnace
,,,entity,PetEdge
---,,,,
B01EZUGJKA,brand_name,Espree,entity,Espree
https://www.amazon.com/dp/B01EZUGJKA,product_data,—,entity,espree
Espree,,,entity,Espreee
,,,entity,Espre
,,,entity,Espreee
,,,entity,Coconut Cream
---,,,,
B07QLFP3NK,brand_name,Jovan,entity,Jovan
https://www.amazon.com/dp/B07QLFP3NK,product_data,—,entity,jovan
Jovan,,,entity,Jovaan
,,,entity,Jovon
,,,entity,Jovann
,,,entity,Jovon
,,,entity,Jovaan
,,,entity,Platinum Musk
---,,,,
B0002JGHAG,brand_name,HERITAGE STORE,entity,HERITAGE STORE
https://www.amazon.com/dp/B0002JGHAG,product_data,—,entity,heritage store
HERITAGE STORE,,,entity,Heritage Store
,,,entity,Heritge Store
,,,entity,HeritageStore
,,,entity,HeritageStorr
,,,entity,Heritage Store Lavender
,,,entity,Lavender Water
,,,entity,Lavender Water Mist
---,,,,
B000VOJHHW,brand_name,Cuba,entity,Cuba
https://www.amazon.com/dp/B000VOJHHW,product_data,—,entity,cuba
Cuba,,,entity,Cubb
,,,entity,Cubaa
,,,entity,Cubae
,,,entity,Cuba Magnum
---,,,,
B0039BOZ08,brand_name,Aura Cacia,entity,Aura Cacia
https://www.amazon.com/dp/B0039BOZ08,product_data,—,entity,aura cacia
Aura Cacia,,,entity,AuraCacia
,,,entity,AuraCaciaa
,,,entity,Aura Caciaa
,,,entity,AuraCaciaa
,,,entity,Eucalyptus
,,,entity,Aromatherapy Mist
---,,,,
B00FJ5NQY8,brand_name,PetAg,entity,PetAg
https://www.amazon.com/dp/B00FJ5NQY8,product_data,—,entity,petag
PetAg,,,entity,PetaG
,,,entity,PetAag
,,,entity,PetAgs
,,,entity,Fresh ’n Clean
,,,entity,PBI/GORDON CORP
---,,,,
B00BSL1Y3M,brand_name,PPP,entity,PPP
https://www.amazon.com/dp/B00BSL1Y3M,product_data,—,entity,ppp
PPP,,,entity,Ppp
,,,entity,P-P-P
,,,entity,ProPet
,,,entity,Professional Pet Products
,,,entity,Pro Pet
,,,entity,ProP
,,,entity,ProPett
,,,entity,ProPett Products
---,,,,
B09TBM25XV,brand_name,Paris Hilton,entity,Paris Hilton
https://www.amazon.com/dp/B09TBM25XV,product_data,—,entity,paris hilton
Paris Hilton,,,entity,Paris HIlton
,,,entity,Parris Hilton
,,,entity,Paris HIltonn
,,,entity,Paris Hilto
,,,entity,Paris Hiltin
,,,entity,Rush
,,,entity,Rush Collection
---,,,,
B00BOJIA62,brand_name,VARON DANDY,entity,VARON DANDY
https://www.amazon.com/dp/B00BOJIA62,product_data,—,entity,varon dandy
VARON DANDY,,,entity,VARN DANDY
,,,entity,VARON DANDY
,,,entity,Vron Dandy
,,,entity,Varon Dandy Cologne
,,,entity,Varon Dandy Men
,,,entity,Varon Dandy Fragrance
---,,,,
B0B1JRPWZ4,brand_name,Perry Ellis,entity,Perry Ellis
https://www.amazon.com/dp/B0B1JRPWZ4,product_data,—,entity,perry ellis
Perry Ellis,,,entity,Pery Ellis
,,,entity,Perry Eliss
,,,entity,PerryEllis
,,,entity,PerryEllisFragrance
---,,,,
B00VTU7QY8,brand_name,COVERGIRL,entity,COVERGIRL
https://www.amazon.com/dp/B00VTU7QY8,product_data,—,entity,covergirl
COVERGIRL,,,entity,Covegirl
,,,entity,COVERGIRL INK IT
,,,entity,COVERGIRL INK IT!
,,,entity,COVERGIRL INK IT Plus
,,,entity,Coty Beauty
,,,entity,Coty
---,,,,
B071HF4D8T,brand_name,Neutrogena,entity,Neutrogena
https://www.amazon.com/dp/B071HF4D8T,product_data,—,entity,neutrogena
Neutrogena,,,entity,Neutrogina
,,,entity,Neutrogina
,,,entity,Neutrogna
,,,entity,Neutrogena Healthy Volume
,,,entity,Healthy Volume
,,,entity,Neutrogena Oil-Free Eye Makeup Remover
---,,,,
B01B27Y7JO,brand_name,REVLON,entity,REVLON
https://www.amazon.com/dp/B01B27Y7JO,product_data,—,entity,revlon
REVLON,,,entity,Revln
,,,entity,Revlonn
,,,entity,Revlon Consumer Products Corp.
,,,entity,Volume + Length Magnified
,,,entity,Magnifying Lash Brush
---,,,,
B08MWD3K8L,brand_name,Almay,entity,Almay
https://www.amazon.com/dp/B08MWD3K8L,product_data,—,entity,almay
Almay,,,entity,Almy
,,,entity,Almayy
,,,entity,Almay Mascara
,,,entity,Almay Lengthening Mascara
,,,entity,Almay Length & Lift Mascara
,,,entity,Almayy
,,,entity,Almay Mascara
,,,entity,Almay Lengthening
,,,entity,Almay Lift
,,,entity,Almay Volume
,,,entity,Almay Hypoallergenic
,,,entity,Almay Fragrance Free
,,,entity,Almay Clean
,,,entity,Almay Cruelty Free
,,,entity,Almay Sensitive Eyes
,,,entity,Almay Plant Based
,,,entity,Almay Lash Caring Complex
---,,,,
B0126RXSM6,brand_name,MAYBELLINE,entity,MAYBELLINE
https://www.amazon.com/dp/B0126RXSM6,product_data,—,entity,maybelline
MAYBELLINE,,,entity,Maybelin
,,,entity,Maybellin
,,,entity,Mabeline
,,,entity,MAYBELIN
,,,entity,Maybelline New York
,,,entity,Falsies
,,,entity,Falsies Push Up
,,,entity,Push Up Drama
---,,,,
B00CXK2DW8,brand_name,Almay,entity,Almay
https://www.amazon.com/dp/B00CXK2DW8,product_data,—,entity,almay
Almay,,,entity,Almy
,,,entity,Almayy
,,,entity,Almay Mascara
,,,entity,Almay Thickening Mascara
,,,entity,Almay One Coat
,,,entity,Almay Blackest Black
,,,entity,Almay Thickening Washable Mascara
---,,,,
B00MFXUS2U,brand_name,COVERGIRL,entity,COVERGIRL
https://www.amazon.com/dp/B00MFXUS2U,product_data,—,entity,covergirl
COVERGIRL,,,entity,Covegirl
,,,entity,COVERGIRL
,,,entity,COVRGRL
,,,entity,COVERGIRL Professional
,,,entity,COVERGIRL Mascara
,,,entity,Coty Beauty
---,,,,
B072JHNDNY,brand_name,Almay,entity,Almay
https://www.amazon.com/dp/B072JHNDNY,product_data,—,entity,almay
Almay,,,entity,Almy
,,,entity,Almae
,,,entity,Almayy
,,,entity,One Coat
,,,entity,Multi-Benefit
,,,entity,Almay Mascara
---,,,,
B07RH4NYZ6,brand_name,L.A. Girl,entity,L.A. Girl
https://www.amazon.com/dp/B07RH4NYZ6,product_data,—,entity,l.a. girl
L.A. Girl,,,entity,LA Girl
,,,entity,LAGirl
,,,entity,L.A. Girl Cosmetics
,,,entity,L.A. Girl Volumatic
,,,entity,L.A. Girl Volumatic Mascara
,,,entity,Volumatic
,,,entity,Volumatic Mascara
---,,,,
B01IAFIMF6,brand_name,L'Oreal Paris,entity,L'Oreal Paris
https://www.amazon.com/dp/B01IAFIMF6,product_data,—,entity,LOreal Paris
L'Oreal Paris,,,entity,Loreal Paris
,,,entity,L'Oreal
,,,entity,Lorel
,,,entity,L'OrealP
,,,entity,L'Oreal Paris Voluminous
,,,entity,Voluminous False Fiber Lashes
---,,,,
B07W8X5QFH,brand_name,Bourjois,entity,Bourjois
https://www.amazon.com/dp/B07W8X5QFH,product_data,—,entity,bourjois
Bourjois,,,entity,Bourjois
,,,entity,Bourjois Brow Fiber
,,,entity,Bourjois Brow Fiber Máscara
,,,entity,Bourjois Brow Fiber Máscara De Cejas
,,,entity,Bourjois Brow Fiber Máscara De Cejas 002
,,,entity,Bourjois Brow Fiber Máscara De Cejas Chesnut
---,,,,
B071214142,brand_name,Almay,entity,Almay
https://www.amazon.com/dp/B071214142,product_data,—,entity,almay
Almay,,,entity,Almy
,,,entity,Almae
,,,entity,Almayy
,,,entity,Almay Mascara
---,,,,
B000052ZBH,brand_name,Almay,entity,Almay
https://www.amazon.com/dp/B000052ZBH,product_data,—,entity,almay
Almay,,,entity,Almy
,,,entity,Almayy
,,,entity,Almay Mascara
,,,entity,Almay Thickening Mascara
,,,entity,Revlon
,,,entity,Revlon Consumer Products Corp.
---,,,,
B09SM9XT26,brand_name,KISS,entity,KISS
https://www.amazon.com/dp/B09SM9XT26,product_data,—,entity,kiss
KISS,,,entity,Kis
,,,entity,KIS
,,,entity,Kisss
,,,entity,Kiss Products
,,,entity,Falscara
---,,,,
B0011DHGAC,brand_name,Preserve,entity,Preserve
https://www.amazon.com/dp/B0011DHGAC,product_data,—,entity,preserve
Preserve,,,entity,Prserve
,,,entity,Presrve
,,,entity,Preservee
,,,entity,Preserve Soft Toothbrush
---,,,,
B0FM75VD96,brand_name,SZSDHDZ,entity,SZSDHDZ
https://www.amazon.com/dp/B0FM75VD96,product_data,—,entity,szsdhdz
SZSDHDZ,,,entity,SZSHDZ
,,,entity,SZSDHDZ
,,,entity,SZS-DHDZ
,,,entity,SZSDHDZ-
,,,entity,SZSDHDZ1
,,,entity,SZSDHDZ2
,,,entity,SZSDHDZ3
---,,,,
B07YP5KJ3B,brand_name,Oral-B,entity,Oral-B
https://www.amazon.com/dp/B07YP5KJ3B,product_data,—,entity,oral-b
Oral-B,,,entity,OralB
,,,entity,OralB
,,,entity,Oral-B Kids
,,,entity,Oral-B Disney
,,,entity,OralB Kids
,,,entity,OralB Disney
,,,entity,Procter & Gamble
---,,,,
B01IAE31F8,brand_name,Tom's of Maine,entity,Tom's of Maine
https://www.amazon.com/dp/B01IAE31F8,product_data,—,entity,toms of maine
Tom's of Maine,,,entity,Toms of Maine
,,,entity,TOM'S OF MAINE
,,,entity,Toms
,,,entity,Tom
,,,entity,TOM
,,,entity,Tom's
,,,entity,TOM'S
,,,entity,TOM'S OF
,,,entity,TOM'S OF MAINE
---,,,,
B01LHRCBQA,brand_name,Woobamboo,entity,Woobamboo
https://www.amazon.com/dp/B01LHRCBQA,product_data,—,entity,woobamboo
Woobamboo,,,entity,WooBamboo
,,,entity,Woo bamboo
,,,entity,Woobambou
,,,entity,Woobamb
,,,entity,Wobamboo
,,,entity,Wobambou
,,,entity,Wobamb
,,,entity,Bamboo
---,,,,
B0062N7FHK,brand_name,Oral-B,entity,Oral-B
https://www.amazon.com/dp/B0062N7FHK,product_data,—,entity,oral-b
Oral-B,,,entity,OralB
,,,entity,OralB
,,,entity,Oral B
,,,entity,ORALB
,,,entity,End-Tufted
,,,entity,End Tufted
,,,entity,gum stimulator
,,,entity,gumstimulator
---,,,,
B07MP4SVQK,brand_name,Oral-B,entity,Oral-B
https://www.amazon.com/dp/B07MP4SVQK,product_data,—,entity,oral-b
Oral-B,,,entity,OralB
,,,entity,OralB
,,,entity,Oral-B Healthy Clean
,,,entity,OralB Healthy Clean
,,,entity,OralB HealthyClean
,,,entity,OralB Healthy-Clean
,,,entity,Procter & Gamble
---,,,,
B001V9X3YO,brand_name,SUNSTAR BUTLER ***,entity,SUNSTAR BUTLER
https://www.amazon.com/dp/B001V9X3YO,product_data,—,entity,sunstar butler
SUNSTAR BUTLER ***,,,entity,Sunstar Butlr
,,,entity,Sunstarr Butler
,,,entity,SUNSTAR BUTLAR
,,,entity,SUNSTAR BUTLER
---,,,,
B00MGRJBIW,brand_name,Tom's of Maine,entity,Tom's of Maine
https://www.amazon.com/dp/B00MGRJBIW,product_data,—,entity,Toms
Tom's of Maine,,,entity,Toms of Maine
,,,entity,Tom's
,,,entity,Tom's Of Maine
,,,entity,Toms Toothbrush
,,,entity,Tom's Toothbrush
,,,entity,Toms Toothbrsh
,,,entity,Toms Toothbrrsh
,,,entity,Toms of Main
,,,entity,Tom's of Main
,,,entity,Tom's of Mainee
,,,entity,Tom's of Mne
---,,,,
B000P9IEN6,brand_name,TEK,entity,TEK
https://www.amazon.com/dp/B000P9IEN6,product_data,—,entity,tek
TEK,,,entity,TKE
,,,entity,TEK
,,,entity,T3K
,,,entity,TEK toothbrush
,,,entity,Tek
,,,entity,Tek Pro
,,,entity,Tek Professional
---,,,,
B07XF8MNXD,brand_name,Oral-B,entity,Oral-B
https://www.amazon.com/dp/B07XF8MNXD,product_data,—,entity,oral-b
Oral-B,,,entity,OralB
,,,entity,OralB-
,,,entity,OralB1
,,,entity,OralB2
,,,entity,OralB3
,,,entity,OralB4
,,,entity,OralB5
,,,entity,OralB6
,,,entity,OralB7
,,,entity,OralB8
,,,entity,OralB9
,,,entity,OralB10
,,,entity,OralB11
,,,entity,OralB12
,,,entity,OralB13
,,,entity,OralB14
,,,entity,OralB15
,,,entity,OralB16
,,,entity,OralB17
,,,entity,OralB18
,,,entity,OralB19
,,,entity,OralB20
,,,entity,StarWars
,,,entity,Star-Wars
,,,entity,StarWrs
,,,entity,StarWrs-
,,,entity,StarWrs1
,,,entity,StarWrs2
,,,entity,StarWrs3
,,,entity,StarWrs4
,,,entity,StarWrs5
,,,entity,StarWrs6
,,,entity,StarWrs7
,,,entity,StarWrs8
,,,entity,StarWrs9
,,,entity,StarWrs10
,,,entity,DisneyMagicTimer
,,,entity,Disney-Magic-Timer
,,,entity,DisneyMagicTimer-
,,,entity,DisneyMagicTimer1
,,,entity,DisneyMagicTimer2
,,,entity,DisneyMagicTimer3
,,,entity,DisneyMagicTimer4
,,,entity,DisneyMagicTimer5
,,,entity,DisneyMagicTimer6
,,,entity,DisneyMagicTimer7
,,,entity,DisneyMagicTimer8
,,,entity,DisneyMagicTimer9
,,,entity,DisneyMagicTimer10
---,,,,
B0BX6MB3LC,brand_name,Oral-B,entity,Oral-B
https://www.amazon.com/dp/B0BX6MB3LC,product_data,—,entity,oral-b
Oral-B,,,entity,OralB
,,,entity,OralB-
,,,entity,OralB1
,,,entity,OralB2
,,,entity,OralB3
,,,entity,OralB4
,,,entity,OralB5
,,,entity,OralB6
---,,,,
B00NLBCYVS,brand_name,Tom's of Maine,entity,Tom's of Maine
https://www.amazon.com/dp/B00NLBCYVS,product_data,—,entity,Toms of Maine
Tom's of Maine,,,entity,Toms
,,,entity,Tom's
,,,entity,Tom's
,,,entity,Toms of Main
,,,entity,Tom of Maine
,,,entity,Tom's of Main
,,,entity,"Tom's of Maine, Inc."
,,,entity,"Toms of Maine, Inc."
---,,,,
B00B7UZEO4,brand_name,Preserve,entity,Preserve
https://www.amazon.com/dp/B00B7UZEO4,product_data,—,entity,preserve
Preserve,,,entity,Presrve
,,,entity,Preservee
,,,entity,Presrve
,,,entity,Preeerve
,,,entity,Cutting Edge International
,,,entity,Cutting Edge International LLC
---,,,,
B00NRABSCO,brand_name,Tom's of Maine,entity,Tom's of Maine
https://www.amazon.com/dp/B00NRABSCO,product_data,—,entity,Toms of Maine
Tom's of Maine,,,entity,Toms
,,,entity,Tom's
,,,entity,Tom
,,,entity,Toms of Main
,,,entity,Tom's of Main
,,,entity,"Tom's of Maine, Inc."
,,,entity,tom's of maine
,,,entity,toms of maine
,,,entity,"Toms of Maine, Inc."
,,,entity,"Toms of Main, Inc."
,,,entity,"Tom's of Main, Inc."
---,,,,
B07V7YGK69,brand_name,Oral-B,entity,Oral-B
https://www.amazon.com/dp/B07V7YGK69,product_data,—,entity,oral-b
Oral-B,,,entity,OralB
,,,entity,Oraal-B
,,,entity,Oral-Bb
,,,entity,OralB-
,,,entity,Healthy Clean
,,,entity,HealthyClean
---,,,,
B0DXLB65GG,brand_name,SZSDHDZ,entity,SZSDHDZ
https://www.amazon.com/dp/B0DXLB65GG,product_data,—,entity,szsdhdz
SZSDHDZ,,,entity,SZSdhdz
,,,entity,SZSdhdz
,,,entity,SZSDHDZz
,,,entity,SZSDHDZ Electric
,,,entity,Philip Sonic
,,,entity,Philip Sonic 3 Series
---,,,,
B07J9W7TP7,brand_name,Spinbrush,entity,Spinbrush
https://www.amazon.com/dp/B07J9W7TP7,product_data,—,entity,spinbrush
Spinbrush,,,entity,Spinbrus
,,,entity,Spinbrussh
,,,entity,Spinbrushe
,,,entity,Spinbrushe
,,,entity,Spinbrusshh
,,,entity,PAW Patrol
,,,entity,Paw Patrol
,,,entity,PawPatrol
,,,entity,PawPatrols
,,,entity,Spinfast
,,,entity,Softswitch
,,,entity,Duracell
---,,,,
B07FXGD9C7,brand_name,hello,entity,hello
https://www.amazon.com/dp/B07FXGD9C7,product_data,—,entity,Hello
hello,,,entity,helo
,,,entity,hallo
,,,entity,helllo
,,,entity,hell
,,,entity,h3llo
,,,entity,h3l0
,,,entity,h3ll0
,,,entity,Hello Toothbrush
,,,entity,Hello Charcoal
---,,,,
