ASIN / Brand,Input Field,Input Value,Output Type,Entity
B07R635LFP,brand_name,ferti-lome,entity,ferti-lome
https://www.amazon.com/dp/B07R635LFP,product_data,—,entity,fertilome
ferti-lome,,,entity,fertilom
,,,entity,fertilomee
,,,entity,fertilome
,,,entity,ferti-lom
,,,entity,fertilomee
,,,entity,fertilome-20-20-20
---,,,,
B00LZY30XY,brand_name,API,entity,API
https://www.amazon.com/dp/B00LZY30XY,product_data,—,entity,api
API,,,entity,A.P.I.
,,,entity,Aquarium Pharmaceuticals
,,,entity,Leaf Zone
,,,entity,LeafZone
,,,entity,LeafZone Plant Food
---,,,,
B01C9WRGWQ,brand_name,Bonide,entity,Bonide
https://www.amazon.com/dp/B01C9WRGWQ,product_data,—,entity,bonide
Bonide,,,entity,Bonnide
,,,entity,Bonidee
,,,entity,Bonid
,,,entity,Boniide
,,,entity,Cactus Food
---,,,,
B01JIRGRAM,brand_name,Espoma,entity,Espoma
https://www.amazon.com/dp/B01JIRGRAM,product_data,—,entity,espoma
Espoma,,,entity,Espomma
,,,entity,Espoma Co
,,,entity,Espoma Company
,,,entity,Organic Plant Food
,,,entity,Indoor Plant Food
---,,,,
B009HLVIY0,brand_name,Neptune's Harvest,entity,Neptune's Harvest
https://www.amazon.com/dp/B009HLVIY0,product_data,—,entity,neptunes harvest
Neptune's Harvest,,,entity,Neptunes Harvest
,,,entity,NeptunesHavest
,,,entity,NeptunesHrvst
,,,entity,Neptun's Harvest
,,,entity,Neptune Harvest
,,,entity,Neptune'sHavest
---,,,,
B0182U89FW,brand_name,Bonide,entity,Bonide
https://www.amazon.com/dp/B0182U89FW,product_data,—,entity,bonide
Bonide,,,entity,Bonnide
,,,entity,Bonid
,,,entity,Bonidee
,,,entity,CactusFood
---,,,,
B009YNVGNE,brand_name,Bonide,entity,Bonide
https://www.amazon.com/dp/B009YNVGNE,product_data,—,entity,bonide
Bonide,,,entity,Bonnide
,,,entity,Bonid
,,,entity,Bonidee
,,,entity,Stump-Out
---,,,,
B072VTB8WK,brand_name,Neptune's Harvest,entity,Neptune's Harvest
https://www.amazon.com/dp/B072VTB8WK,product_data,—,entity,neptunes harvest
Neptune's Harvest,,,entity,Neptunes Harvest
,,,entity,Neptune Harvest
,,,entity,Neptunes
,,,entity,Neptun's Harvest
,,,entity,Neptun Harvest
,,,entity,Neptune's
,,,entity,Neptun
,,,entity,Neptun's Hrvst
---,,,,
B01N8R92O1,brand_name,Dr. Earth,entity,Dr. Earth
https://www.amazon.com/dp/B01N8R92O1,product_data,—,entity,dr. earth
Dr. Earth,,,entity,Dr Earth
,,,entity,D. Earth
,,,entity,Dr. Erth
,,,entity,Dr Earths
,,,entity,Dr. Eart
,,,entity,Dr. Earthe
---,,,,
B01MRJIYVM,brand_name,Dr. Earth,entity,Dr. Earth
https://www.amazon.com/dp/B01MRJIYVM,product_data,—,entity,dr. earth
Dr. Earth,,,entity,Dr Earth
,,,entity,Drearth
,,,entity,Dr.Earth
,,,entity,Natural Wonder
,,,entity,Trubiotic
,,,entity,Trubiotic Probiotic
,,,entity,Natural Wonder Fertilizer
---,,,,
B07ZZDQNPV,brand_name,Espoma,entity,Espoma
https://www.amazon.com/dp/B07ZZDQNPV,product_data,—,entity,espoma
Espoma,,,entity,Espomma
,,,entity,Espoma Co
,,,entity,Espoma Company
,,,entity,Orchid
,,,entity,Orchid!
,,,entity,Organic Orchid
,,,entity,Espoma Organic
,,,entity,Espoma Organic Orchid!
---,,,,
B0047BIVRM,brand_name,Dr. Earth,entity,Dr. Earth
https://www.amazon.com/dp/B0047BIVRM,product_data,—,entity,dr. earth
Dr. Earth,,,entity,Dr Earth
,,,entity,Dra Earth
,,,entity,Dr. Erth
,,,entity,Dr Earths
,,,entity,Dr. Eearth
,,,entity,Earth Dr.
,,,entity,EarthD
,,,entity,DrEarth
---,,,,
B000P9L74Y,brand_name,Jobe's Organics,entity,Jobe's Organics
https://www.amazon.com/dp/B000P9L74Y,product_data,—,entity,Jobe's
Jobe's Organics,,,entity,Jobe
,,,entity,Jobe's Fertilizer
,,,entity,Jobe's Fertilizer Spikes
,,,entity,Jobe's Flower Fertilizer
,,,entity,Jobe's Fertilizer Spikes for Potted Plants
,,,entity,Jobe's Fertilizer Spikes for Hanging Baskets
,,,entity,Jobe's Spikes
,,,entity,Jobe's Organics Spikes
,,,entity,Jobe's Organic Spikes
,,,entity,Jobes
,,,entity,Jobes Organics
,,,entity,Jobes Fertilizer
,,,entity,Jobes Fertilizer Spikes
,,,entity,Jobes Flower Fertilizer
,,,entity,Jobes Fertilizer Spikes for Potted Plants
,,,entity,Jobes Fertilizer Spikes for Hanging Baskets
,,,entity,Jobes Spikes
,,,entity,Jobes Organics Spikes
,,,entity,Jobes Organic Spikes
---,,,,
B0047CQ9YS,brand_name,Dr. Earth,entity,Dr. Earth
https://www.amazon.com/dp/B0047CQ9YS,product_data,—,entity,dr. earth
Dr. Earth,,,entity,Dr Earth
,,,entity,Drearth
,,,entity,Dr.Earth
,,,entity,DrEarth
,,,entity,EarthDr
,,,entity,Earth Dr
,,,entity,Dr. Erth
,,,entity,Dr. Erth 701P
,,,entity,Dr. Earth 701P
---,,,,
B01N3NGFTT,brand_name,Dr. Earth,entity,Dr. Earth
https://www.amazon.com/dp/B01N3NGFTT,product_data,—,entity,dr. earth
Dr. Earth,,,entity,Dr Earth
,,,entity,Dr.Earth
,,,entity,DrEarth
,,,entity,Drearth
,,,entity,D. Earth
,,,entity,D.earth
,,,entity,Drearth
,,,entity,Total Advantage
---,,,,
B06XCHC1WB,brand_name,Jobes,entity,Jobes
https://www.amazon.com/dp/B06XCHC1WB,product_data,—,entity,Jobe's
Jobes,,,entity,jobes
,,,entity,Jobe
,,,entity,Jobeez
,,,entity,Jobes Biozome
,,,entity,Jobes Organic
,,,entity,Jobes Fertilizer
,,,entity,Jobes Spikes
,,,entity,Jobes 06528
,,,entity,Easy Gardener
,,,entity,Eazy Gardener
,,,entity,Easi Gardener
---,,,,
B01MTMKZXF,brand_name,Dr. Earth,entity,Dr. Earth
https://www.amazon.com/dp/B01MTMKZXF,product_data,—,entity,dr. earth
Dr. Earth,,,entity,Dr Earth
,,,entity,D. Earth
,,,entity,Dr. Erth
,,,entity,Dr Earths
,,,entity,Dr. Erth
,,,entity,DrEarth
,,,entity,EarthDr
,,,entity,Earth Dr
---,,,,
B01MTMKWLI,brand_name,Dr. Earth,entity,Dr. Earth
https://www.amazon.com/dp/B01MTMKWLI,product_data,—,entity,dr. earth
Dr. Earth,,,entity,Dr Earth
,,,entity,D. Earth
,,,entity,Dr. Erth
,,,entity,Dr Earths
,,,entity,Dr. Eart
,,,entity,Dr. Earthe
,,,entity,Earth Dr.
,,,entity,EarthD
,,,entity,Earth Dr
,,,entity,EarthD.
---,,,,
B01MQI30LS,brand_name,Dr. Earth,entity,Dr. Earth
https://www.amazon.com/dp/B01MQI30LS,product_data,—,entity,dr. earth
Dr. Earth,,,entity,Dr Earth
,,,entity,D. Earth
,,,entity,Dr. Erth
,,,entity,Dr Earths
,,,entity,Dr. Eart
,,,entity,Dr. Earthe
,,,entity,Earth Dr.
---,,,,
B00LEHQMEQ,brand_name,Easy Gardener,entity,Easy Gardener
https://www.amazon.com/dp/B00LEHQMEQ,product_data,—,entity,easy gardener
Easy Gardener,,,entity,Easi Gardener
,,,entity,Eazy Gardener
,,,entity,Easy Gardnr
,,,entity,EasyGardener
,,,entity,EasyGardner
,,,entity,Easy Gardener Fertilizer
,,,entity,Easy Gardener Spikes
---,,,,
B000P0RMX8,brand_name,Charlotte Pipe,entity,Charlotte Pipe
https://www.amazon.com/dp/B000P0RMX8,product_data,—,entity,charlotte pipe
Charlotte Pipe,,,entity,Charlotte pip
,,,entity,Charlotte Pype
,,,entity,Charlotte Pipp
,,,entity,Charlotte Pipee
,,,entity,Charlotte Pypee
---,,,,
B00G9IFCY6,brand_name,Halex,entity,Halex
https://www.amazon.com/dp/B00G9IFCY6,product_data,—,entity,halex
Halex,,,entity,Haleex
,,,entity,Halexx
,,,entity,Halex Co
,,,entity,Halex Company
,,,entity,Raintight
,,,entity,EMT
---,,,,
B000H5ZUOY,brand_name,Imperial,entity,Imperial
https://www.amazon.com/dp/B000H5ZUOY,product_data,—,entity,imperial
Imperial,,,entity,Impeerial
,,,entity,Imperiall
,,,entity,Imperal
,,,entity,Standerd Plumbing Supply
---,,,,
B0DXKQH636,brand_name,GDDGHS,entity,GDDGHS
https://www.amazon.com/dp/B0DXKQH636,product_data,—,entity,gddghs
GDDGHS,,,entity,GDDGHSs
,,,entity,GDDGH
,,,entity,GDDGHSs
,,,entity,OEN
---,,,,
B000BQKA5S,brand_name,Fernco,entity,Fernco
https://www.amazon.com/dp/B000BQKA5S,product_data,—,entity,fernco
Fernco,,,entity,Frenko
,,,entity,Farnco
,,,entity,Fernk
,,,entity,Fernco Inc.
---,,,,
B000KU8HVE,brand_name,Charlotte Pipe,entity,Charlotte Pipe
https://www.amazon.com/dp/B000KU8HVE,product_data,—,entity,charlotte pipe
Charlotte Pipe,,,entity,Charlotte pip
,,,entity,Charlote Pipe
,,,entity,Charlottee Pipe
,,,entity,Charlotte Pype
,,,entity,Charlotte Pipe & Foundry
,,,entity,CHARLOTTE PIPE & FOUNDRY CO
---,,,,
B003N534X4,brand_name,Amerimax Home Products,entity,Amerimax Home Products
https://www.amazon.com/dp/B003N534X4,product_data,—,entity,amerimax home products
Amerimax Home Products,,,entity,Amerimax
,,,entity,amerimax
,,,entity,Amarimax
,,,entity,Amerimx
,,,entity,Home Products
,,,entity,Amerimax Transition Elbow
---,,,,
B000BQRFGK,brand_name,Fernco,entity,Fernco
https://www.amazon.com/dp/B000BQRFGK,product_data,—,entity,fernco
Fernco,,,entity,Frenko
,,,entity,Farnco
,,,entity,Fernk
,,,entity,Fernco Inc.
,,,entity,Qwik Tee
,,,entity,QwikTee
,,,entity,Qwiktee
---,,,,
B000LNQQTK,brand_name,Selkirk,entity,Selkirk
https://www.amazon.com/dp/B000LNQQTK,product_data,—,entity,selkirk
Selkirk,,,entity,Selkrk
,,,entity,Selkirk
,,,entity,Salkirk
,,,entity,Selkirk Metalbestos
,,,entity,Selkirk Black
,,,entity,Jensen
---,,,,
B000A26WZ0,brand_name,Raindrip,entity,Raindrip
https://www.amazon.com/dp/B000A26WZ0,product_data,—,entity,raindrip
Raindrip,,,entity,RainDrip
,,,entity,Rindrip
,,,entity,Raindrip
,,,entity,Raindrip Drippers
,,,entity,Raindrip PC8025B
---,,,,
B00004WKXP,brand_name,Thomas & Betts,entity,Thomas & Betts
https://www.amazon.com/dp/B00004WKXP,product_data,—,entity,thomas & betts
Thomas & Betts,,,entity,Thomas & Betts
,,,entity,Tomas & Betts
,,,entity,Thomas Betts
,,,entity,ThomasBets
,,,entity,Carlon
,,,entity,carlon
,,,entity,Carlon E987E
,,,entity,CarlonE987E
,,,entity,CarlonE987E-CTN
---,,,,
B000UK0YQK,brand_name,Nelson,entity,Nelson
https://www.amazon.com/dp/B000UK0YQK,product_data,—,entity,nelson
Nelson,,,entity,Nelsn
,,,entity,Nelsn
,,,entity,Nelsson
,,,entity,Nelsonn
,,,entity,LR Nelson
,,,entity,L R Nelson
---,,,,
B000XR1YM8,brand_name,Charlotte Pipe,entity,Charlotte Pipe
https://www.amazon.com/dp/B000XR1YM8,product_data,—,entity,charlotte pipe
Charlotte Pipe,,,entity,Charlotte pip
,,,entity,Charlotte Pype
,,,entity,Charlotte Pipp
,,,entity,Charlotte Pipee
,,,entity,Charlotte Pipa
---,,,,
B00EVAYGVE,brand_name,JT Manufactoring,entity,JT Manufactoring
https://www.amazon.com/dp/B00EVAYGVE,product_data,—,entity,jt manufactoring
JT Manufactoring,,,entity,JT Manufacuring
,,,entity,JT Manufcturing
,,,entity,JT Manufaturing
,,,entity,JT Manufactur
,,,entity,JT Manafacturing
,,,entity,JT Manufacturing
,,,entity,JT Mfg
,,,entity,JT Mfgs
,,,entity,Bulkhead
---,,,,
B0015AUW2U,brand_name,Nelson,entity,Nelson
https://www.amazon.com/dp/B0015AUW2U,product_data,—,entity,nelson
Nelson,,,entity,Nelsn
,,,entity,Nelssn
,,,entity,Nelsn
,,,entity,Nelsonn
,,,entity,LR Nelson
,,,entity,Nelson Brass
,,,entity,Nelson Hose
---,,,,
B000BQSX5W,brand_name,Selkirk Sport,entity,Selkirk Sport
https://www.amazon.com/dp/B000BQSX5W,product_data,—,entity,selkirk sport
Selkirk Sport,,,entity,Selkirk
,,,entity,Selkirk Sport
,,,entity,Selkirk Spprt
,,,entity,Selkirk Sprot
,,,entity,Selkirk Sportt
,,,entity,Jensen
---,,,,
B01HZWFWPS,brand_name,Charlotte Pipe,entity,Charlotte Pipe
https://www.amazon.com/dp/B01HZWFWPS,product_data,—,entity,charlotte pipe
Charlotte Pipe,,,entity,Charlotte pip
,,,entity,Charlotte Pype
,,,entity,Charlotte Pipp
,,,entity,Charlotte Pipee
,,,entity,Charlotte Pippes
---,,,,
B00077PW7M,brand_name,Fernco,entity,Fernco
https://www.amazon.com/dp/B00077PW7M,product_data,—,entity,fernco
Fernco,,,entity,Ferno
,,,entity,Frenko
,,,entity,Fernk
,,,entity,Fernco Inc.
---,,,,
B0F7F5FB51,brand_name,YGHSZ,entity,YGHSZ
https://www.amazon.com/dp/B0F7F5FB51,product_data,—,entity,yghsz
YGHSZ,,,entity,YGHZ
,,,entity,YGHZ
,,,entity,YGHSZs
,,,entity,YGHSZ-2
,,,entity,YGHSZ-1
,,,entity,YGHSZ-40
---,,,,
B000H5ROFM,brand_name,Charlotte Pipe,entity,Charlotte Pipe
https://www.amazon.com/dp/B000H5ROFM,product_data,—,entity,charlotte pipe
Charlotte Pipe,,,entity,Charlotte pip
,,,entity,Charlotte Pype
,,,entity,Charlotte Pipp
,,,entity,Charlotte Pipee
,,,entity,Charlotte Pipa
---,,,,
B0CV4SR64L,brand_name,Forcecar,entity,Forcecar
https://www.amazon.com/dp/B0CV4SR64L,product_data,—,entity,forcecar
Forcecar,,,entity,Forsecar
,,,entity,Forcacar
,,,entity,Forcecarr
,,,entity,Forcecarrr
,,,entity,Forcecar-
,,,entity,Forcecar_
,,,entity,Forcecar1
,,,entity,Forcecar2
---,,,,
B0CJY5NMCS,brand_name,biosp,entity,biosp
https://www.amazon.com/dp/B0CJY5NMCS,product_data,—,entity,Biosp
biosp,,,entity,biosp
,,,entity,bisp
,,,entity,biosp
,,,entity,biosp
,,,entity,bosp
,,,entity,biop
,,,entity,bisp
,,,entity,biosp
,,,entity,bosp
,,,entity,bisp
,,,entity,biosp
,,,entity,bisp
,,,entity,biosp
,,,entity,biosp
,,,entity,biosp
,,,entity,biosp
,,,entity,biosp
---,,,,
B0CBRMC1RG,brand_name,Jenified,entity,Jenified
https://www.amazon.com/dp/B0CBRMC1RG,product_data,—,entity,jenified
Jenified,,,entity,Jeniified
,,,entity,Jenifed
,,,entity,Jenifid
,,,entity,Jenifiedd
---,,,,
B0CH9T5K39,brand_name,DIYTUNINGS,,
https://www.amazon.com/dp/B0CH9T5K39,product_data,—,,
DIYTUNINGS,,,,
---,,,,
B0C9ZF8BZV,brand_name,Yeeoy,entity,Yeeoy
https://www.amazon.com/dp/B0C9ZF8BZV,product_data,—,entity,yeeoy
Yeeoy,,,entity,Yeeoyy
,,,entity,Yeeoyh
,,,entity,Yeeoyl
,,,entity,Yeeoy Lawn Roller
---,,,,
B0CFXYMRNS,brand_name,DIYTUNINGS,entity,DIYTUNINGS
https://www.amazon.com/dp/B0CFXYMRNS,product_data,—,entity,DIYTuning
DIYTUNINGS,,,entity,DIYTuning
,,,entity,diytunings
,,,entity,diytuning
,,,entity,DIYTunings
,,,entity,DIYTunnings
,,,entity,DIYTuningz
,,,entity,DIYTuningg
,,,entity,DIYTuningz
,,,entity,DIYTuningg
---,,,,
B002YONAFC,brand_name,Good Vibrations,entity,Good Vibrations
https://www.amazon.com/dp/B002YONAFC,product_data,—,entity,good vibrations
Good Vibrations,,,entity,GooD Vibrations
,,,entity,GooD VibraTions
,,,entity,Good VibraTions
,,,entity,Good Vibration
,,,entity,Good Vibratons
,,,entity,Grass Hawk
,,,entity,GrassHawk
,,,entity,GrassHawke
,,,entity,Jensen Distributing
---,,,,
B00AT9Y210,brand_name,Quali-Tech,entity,Quali-Tech
https://www.amazon.com/dp/B00AT9Y210,product_data,—,entity,quali-tech
Quali-Tech,,,entity,QualiTech
,,,entity,QualiTechs
,,,entity,Quali-Tec
,,,entity,Quali-Tech Manufacturing
---,,,,
B0DQ7Y225R,brand_name,Reykilor,entity,Reykilor
https://www.amazon.com/dp/B0DQ7Y225R,product_data,—,entity,reykilor
Reykilor,,,entity,Reykilr
,,,entity,Reykilor
,,,entity,Reykilorr
,,,entity,Reykiloor
,,,entity,Reykilore
---,,,,
B0001O0B6S,brand_name,Luster Leaf,entity,Luster Leaf
https://www.amazon.com/dp/B0001O0B6S,product_data,—,entity,luster leaf
Luster Leaf,,,entity,Lusterleaf
,,,entity,LusterLeef
,,,entity,Luster Leef
,,,entity,Luster Leaf's
,,,entity,Luster Leaf 803
,,,entity,Luster Leaf Dial Seed Sower
,,,entity,Luster Leaf Dial Seed Sower 803
---,,,,
B00D8N4DVI,brand_name,Plantation Prod.,entity,Plantation Prod
https://www.amazon.com/dp/B00D8N4DVI,product_data,—,entity,Plantation Products
Plantation Prod.,,,entity,Plantation Products Llc
,,,entity,Jiffy
,,,entity,Jiffy Pellets
,,,entity,Jiffy 7
,,,entity,Jiffy Transplant Kit
,,,entity,Jiffy 7 Peat Pellet
,,,entity,Jiffy7
,,,entity,JiffyPellet
,,,entity,Jiffy7Pellet
,,,entity,JiffyTransplantKit
---,,,,
B01MEGANMY,brand_name,Mountain Valley Seed Company,entity,Mountain Valley Seed Company
https://www.amazon.com/dp/B01MEGANMY,product_data,—,entity,mountain valley seed company
Mountain Valley Seed Company,,,entity,Mountain Valley Seed Co
,,,entity,Mountain Valley Seeds
,,,entity,Mountain Valley
,,,entity,MVSC
,,,entity,Mountain Valley Seed
,,,entity,Mountain Valley Seed Co.
---,,,,
B000NCYTK2,brand_name,Dalen,entity,Dalen
https://www.amazon.com/dp/B000NCYTK2,product_data,—,entity,dalen
Dalen,,,entity,Dailen
,,,entity,Dalen Gardeneer
,,,entity,Gardeneer
,,,entity,Gardeener
,,,entity,Dalen Gardeneer Season Starter
,,,entity,Dalen Gardeneer Season Starter Plant Protector
---,,,,
B07PDVSL9N,brand_name,SUPERLELE,entity,SUPERLELE
https://www.amazon.com/dp/B07PDVSL9N,product_data,—,entity,superlele
SUPERLELE,,,entity,Superlelle
,,,entity,Superleele
,,,entity,SUPERLEL
,,,entity,SUPERLELEE
---,,,,
B00B061GNS,brand_name,Pyrex,entity,Pyrex
https://www.amazon.com/dp/B00B061GNS,product_data,—,entity,pyrex
Pyrex,,,entity,Pirex
,,,entity,Pirex
,,,entity,Pyrexx
,,,entity,Pyrex 3022
,,,entity,Cole-Parmer
---,,,,
B0DVLWQ8J4,brand_name,United Scientific,entity,United Scientific
https://www.amazon.com/dp/B0DVLWQ8J4,product_data,—,entity,united scientific
United Scientific,,,entity,United Scientifc
,,,entity,United Scienfitic
,,,entity,United Sciencific
,,,entity,United Scientif
,,,entity,United Scientif
,,,entity,United Scientifc™
,,,entity,United Scientific™
---,,,,
B0F88DQCQJ,brand_name,VCYJBPUV,entity,VCYJBPUV
https://www.amazon.com/dp/B0F88DQCQJ,product_data,—,entity,vcyjbpuv
VCYJBPUV,,,entity,VCYJBPV
,,,entity,VCYJBPU
,,,entity,VCYJBPUUV
,,,entity,VYJBPUV
,,,entity,VCYJBPUV Cylinder
,,,entity,TN
,,,entity,TN32
,,,entity,TN32x10
,,,entity,TN32x50
,,,entity,TN32x100
,,,entity,TN32x150
,,,entity,TN32x200
---,,,,
B0F9147SK2,brand_name,IBEAQCTCZ,entity,IBEAQCTCZ
https://www.amazon.com/dp/B0F9147SK2,product_data,—,entity,ibeaqctcz
IBEAQCTCZ,,,entity,Ibeaqctcz
,,,entity,IBEAQCTC
,,,entity,IBEAQCTCZC
,,,entity,IBEQCTCZ
,,,entity,IBEACQCTCZ
,,,entity,IBEACCTCZ
,,,entity,IBEACQTCZ
---,,,,
B07JX9N3K4,brand_name,GSC International,entity,GSC International
https://www.amazon.com/dp/B07JX9N3K4,product_data,—,entity,gsc international
GSC International,,,entity,GSC Int
,,,entity,GSC Internationl
,,,entity,GSC Interntional
,,,entity,GSC Internationall
---,,,,
B0F88B3J16,brand_name,PORRZAJD,entity,PORRZAJD
https://www.amazon.com/dp/B0F88B3J16,product_data,—,entity,porrzajd
PORRZAJD,,,entity,Porrzajd
,,,entity,Porrzajd
,,,entity,Porrzajjd
,,,entity,Porrzajd
,,,entity,Porrzajdd
,,,entity,Porrzajd-
,,,entity,Porrzaj-d
,,,entity,Porrzaj-d
,,,entity,Porrzajd-
---,,,,
B001CLQ2SK,brand_name,Fisher Scientific,entity,Fisher Scientific
https://www.amazon.com/dp/B001CLQ2SK,product_data,—,entity,Fisher
Fisher Scientific,,,entity,Kimax
,,,entity,Kymex
,,,entity,Kimaxx
,,,entity,Kymak
,,,entity,Kimble
,,,entity,Kimbal
,,,entity,Kimax 20024D
,,,entity,Kimax Class B
,,,entity,Kimax Graduated Cylinder
---,,,,
B0F916YTVV,brand_name,TJHDEPSDP,entity,TJHDEPSDP
https://www.amazon.com/dp/B0F916YTVV,product_data,—,entity,tjhdepsdp
TJHDEPSDP,,,entity,TJHDEPSD
,,,entity,TJHDEPSDPs
,,,entity,TJHDEPSDPP
,,,entity,TJDHEPSDP
,,,entity,TJDHEPSD
,,,entity,TJDHEPSDPS
,,,entity,TJDHEPSDPP
---,,,,
