ASIN / Brand,Input Field,Input Value,Output Type,Entity
B09V1LDJD1,brand_name,ASDFGHT,entity,ASDFGHT
https://www.amazon.com/dp/B09V1LDJD1,product_data,—,entity,asdfght
ASDFGHT,,,entity,Asdfght
,,,entity,ASDFGHTT
,,,entity,ASDFGHTH
,,,entity,ASDFGHT-
,,,entity,ASDFGHT_
,,,entity,ASDFGHT1
,,,entity,ASDFGHT2
---,,,,
B00GAIMT8C,brand_name,weBoost,entity,weBoost
https://www.amazon.com/dp/B00GAIMT8C,product_data,—,entity,weboost
weBoost,,,entity,WiiBoost
,,,entity,weBoosst
,,,entity,weBooost
,,,entity,Wilson Electronics
---,,,,
B0DLKZBGC7,brand_name,Sweeada,entity,Sweeada
https://www.amazon.com/dp/B0DLKZBGC7,product_data,—,entity,sweeada
Sweeada,,,entity,Sweeda
,,,entity,Sweeadaa
,,,entity,Sweeadah
,,,entity,Sweeada USB-C
,,,entity,Sweeada Magnetic 3
---,,,,
B0DT11HWXZ,brand_name,LuckySlycyc,entity,LuckySlycyc
https://www.amazon.com/dp/B0DT11HWXZ,product_data,—,entity,luckyslycyc
LuckySlycyc,,,entity,LuckySlyc
,,,entity,LuckySlycy
,,,entity,LuckySlycyc
,,,entity,LuckySlycyc
,,,entity,LuckySlycyc
,,,entity,LuckySlycyc
,,,entity,LuckySlycyc
---,,,,
B082HFLY19,brand_name,DJI,entity,DJI
https://www.amazon.com/dp/B082HFLY19,product_data,—,entity,dji
DJI,,,entity,Dji
,,,entity,DJI
,,,entity,D-J-I
,,,entity,D-JI
,,,entity,D-Ji
,,,entity,Ronin-SC
,,,entity,RoninSC
---,,,,
B004OHKGJU,brand_name,TRIPP LITE,entity,TRIPP LITE
https://www.amazon.com/dp/B004OHKGJU,product_data,—,entity,tripp lite
TRIPP LITE,,,entity,Tripp Lite
,,,entity,TrippLITE
,,,entity,TRIPPLITE
,,,entity,Tripp LIT
,,,entity,Tripp LITE
,,,entity,Tripp Lait
,,,entity,Tripp Litee
,,,entity,Tripp Litee
,,,entity,Dvi-D
---,,,,
B002LT3OLA,brand_name,AXIS,entity,AXIS
https://www.amazon.com/dp/B002LT3OLA,product_data,—,entity,axis
AXIS,,,entity,AIXS
,,,entity,AXISs
,,,entity,AXIS Communication
,,,entity,Axis Communication
,,,entity,Axis Comm
,,,entity,Axis Comms
---,,,,
B0BRJ5ZJ3V,brand_name,EDSACE,entity,EDSACE
https://www.amazon.com/dp/B0BRJ5ZJ3V,product_data,—,entity,edsace
EDSACE,,,entity,Edsace
,,,entity,EDSAE
,,,entity,EDSAAC
,,,entity,EDSAE
,,,entity,EDSAAC
,,,entity,E-D-S-A-C-E
,,,entity,E-D-S-A-C
,,,entity,Edsacee
,,,entity,Edsac
,,,entity,Edsacee
,,,entity,Edsaccee
---,,,,
B077TCSZ35,brand_name,AT&T,entity,AT&T
https://www.amazon.com/dp/B077TCSZ35,product_data,—,entity,at&t
AT&T,,,entity,A T & T
,,,entity,A T T
,,,entity,ATandT
,,,entity,ATnT
,,,entity,AT&T(R)
---,,,,
B004OA6XQ2,brand_name,STEREN,entity,STEREN
https://www.amazon.com/dp/B004OA6XQ2,product_data,—,entity,steren
STEREN,,,entity,Sterin
,,,entity,Sterrn
,,,entity,Stern
,,,entity,Stere
,,,entity,Steren Electronics
---,,,,
B00BOKFB1S,brand_name,Browning,entity,Browning
https://www.amazon.com/dp/B00BOKFB1S,product_data,—,entity,browning
Browning,,,entity,Browinng
,,,entity,Browng
,,,entity,Browin
,,,entity,BrowinG
,,,entity,Brownging
---,,,,
B00H0OHIX6,brand_name,Shakespeare,entity,Shakespeare
https://www.amazon.com/dp/B00H0OHIX6,product_data,—,entity,shakespeare
Shakespeare,,,entity,Shakespear
,,,entity,Shakespare
,,,entity,Shakespear
,,,entity,Shakespare
,,,entity,Shakespeare
,,,entity,Style 4187-HD
---,,,,
B0DLKZ12FJ,brand_name,Sweeada,entity,Sweeada
https://www.amazon.com/dp/B0DLKZ12FJ,product_data,—,entity,sweeada
Sweeada,,,entity,Sweeadaa
,,,entity,Sweeadah
,,,entity,Sweeadaaa
,,,entity,Sweeada 140W
,,,entity,Sweeada Magnetic 3
---,,,,
B0014KKLNQ,brand_name,RCA,entity,RCA
https://www.amazon.com/dp/B0014KKLNQ,product_data,—,entity,rCa
RCA,,,entity,RCAa
,,,entity,RCA 
,,,entity,RCA-
,,,entity,RCA1
,,,entity,RCA2
,,,entity,RCA3
,,,entity,RCA4
,,,entity,RCA5
---,,,,
B0014KIZAM,brand_name,AXIS,entity,AXIS
https://www.amazon.com/dp/B0014KIZAM,product_data,—,entity,axis
AXIS,,,entity,AIXS
,,,entity,AXIS COMMUNICATION INC.
,,,entity,Axis
,,,entity,Axys
,,,entity,Axs
,,,entity,AIXIS
,,,entity,AXIS COMMUNICATION
,,,entity,Axis Elr
,,,entity,Axis Elr:aa-330
---,,,,
B07GP5QF3L,brand_name,Lorex,entity,Lorex
https://www.amazon.com/dp/B07GP5QF3L,product_data,—,entity,lorex
Lorex,,,entity,Loreks
,,,entity,Lorax
,,,entity,Lorex
,,,entity,Lorex4K
,,,entity,LorexCB100UB4K
---,,,,
B097QJDM65,brand_name,DJI,entity,DJI
https://www.amazon.com/dp/B097QJDM65,product_data,—,entity,dji
DJI,,,entity,Dji
,,,entity,DJI
,,,entity,Djii
,,,entity,DJI FPV
,,,entity,DJI Goggles
,,,entity,DJI FPV Goggles
,,,entity,DJI FPV Goggles V2
---,,,,
B0876P1WBT,brand_name,BRAND SET,entity,BRAND SET
https://www.amazon.com/dp/B0876P1WBT,product_data,—,entity,brand set
BRAND SET,,,entity,BRANDSET
,,,entity,BRAND-SET
,,,entity,BRAND SSET
,,,entity,BrandSet
,,,entity,Brand Set
---,,,,
B0DFM6HHDZ,brand_name,YBFUU,entity,YBFUU
https://www.amazon.com/dp/B0DFM6HHDZ,product_data,—,entity,ybfuu
YBFUU,,,entity,YBFFU
,,,entity,YBFU
,,,entity,YBFUUU
,,,entity,YBFUu
,,,entity,YBFUU Tech
,,,entity,Shenzhen Waweis Technology
---,,,,
B000068O0Z,brand_name,Hosa,entity,Hosa
https://www.amazon.com/dp/B000068O0Z,product_data,—,entity,hosa
Hosa,,,entity,Hosaa
,,,entity,Hosae
,,,entity,Hosa1
,,,entity,Hosa2
,,,entity,Hosa3
---,,,,
B07JXJXS5D,brand_name,MarineLand,entity,MarineLand
https://www.amazon.com/dp/B07JXJXS5D,product_data,—,entity,Marineland
MarineLand,,,entity,marineland
,,,entity,MarineLand®
,,,entity,Marineland®
,,,entity,Marinland
,,,entity,Marine Land
,,,entity,Marine-Land
,,,entity,MarineLands
,,,entity,MarineLnd
,,,entity,MarineLnd®
,,,entity,LED POD
,,,entity,High-Def White LED POD
---,,,,
B0FSDK7YY3,brand_name,Velooke,entity,Velooke
https://www.amazon.com/dp/B0FSDK7YY3,product_data,—,entity,velooke
Velooke,,,entity,Veloooke
,,,entity,Velokke
,,,entity,Velookee
,,,entity,Shenzhen SkyQ Technology
---,,,,
B0D5XM211X,brand_name,ATOROBROS,entity,ATOROBROS
https://www.amazon.com/dp/B0D5XM211X,product_data,—,entity,atorobros
ATOROBROS,,,entity,Atorobros
,,,entity,Atorobroos
,,,entity,ATOROBRO
,,,entity,ATOROBROSs
,,,entity,ATOROBROOS
---,,,,
B09K77NYRT,brand_name,EasyHome,entity,EasyHome
https://www.amazon.com/dp/B09K77NYRT,product_data,—,entity,easyhome
EasyHome,,,entity,EazyHome
,,,entity,EasiHome
,,,entity,EasyHme
,,,entity,EasyH0me
,,,entity,EasyHom
,,,entity,EasyHomee
---,,,,
B0DQTMBHDP,brand_name,Velooke,entity,Velooke
https://www.amazon.com/dp/B0DQTMBHDP,product_data,—,entity,velooke
Velooke,,,entity,Veloooke
,,,entity,Velokke
,,,entity,Velookee
,,,entity,Shenzhen TianQin Technology
---,,,,
B0DQTTBFN9,brand_name,Velooke,entity,Velooke
https://www.amazon.com/dp/B0DQTTBFN9,product_data,—,entity,velooke
Velooke,,,entity,Veloooke
,,,entity,Velokke
,,,entity,Velookee
,,,entity,Velook
,,,entity,Astraea
---,,,,
B0CKX8CM7R,brand_name,AKASUKI,entity,AKASUKI
https://www.amazon.com/dp/B0CKX8CM7R,product_data,—,entity,akasuki
AKASUKI,,,entity,Akazuki
,,,entity,Akusaki
,,,entity,AKASUKI's
,,,entity,AKASUKI lamp
,,,entity,AKASUKI floor lamp
---,,,,
B09RCY2QYF,brand_name,Verilux,entity,Verilux
https://www.amazon.com/dp/B09RCY2QYF,product_data,—,entity,verilux
Verilux,,,entity,Veriluxx
,,,entity,Virilux
,,,entity,Veriluxh
,,,entity,HappyLight
,,,entity,Happy Light
,,,entity,HappyLght
,,,entity,HappyLigt
,,,entity,HappyLghts
,,,entity,HappyLigtz
---,,,,
B0FP2Z1TDG,brand_name,Qiuxunies,entity,Qiuxunies
https://www.amazon.com/dp/B0FP2Z1TDG,product_data,—,entity,qiuxunies
Qiuxunies,,,entity,QiuXunies
,,,entity,Qiuxuness
,,,entity,Qiuxuniesa
,,,entity,Quxunies
,,,entity,QiuXunies
,,,entity,QiuXuness
---,,,,
B0DKMM5NV7,brand_name,Verilux,entity,Verilux
https://www.amazon.com/dp/B0DKMM5NV7,product_data,—,entity,verilux
Verilux,,,entity,Veriluxx
,,,entity,Virilux
,,,entity,Veriluxh
,,,entity,HappyLight
,,,entity,Happy Light
,,,entity,HappyLites
,,,entity,HappyLigt
,,,entity,HappyLyt
,,,entity,HappyLytz
---,,,,
B0BY2MLPQ4,brand_name,FIMEI,entity,FIMEI
https://www.amazon.com/dp/B0BY2MLPQ4,product_data,—,entity,fimei
FIMEI,,,entity,Fime
,,,entity,Fimey
,,,entity,FIMAI
,,,entity,FIMEI
,,,entity,FIMEI Split Floor Lamp
,,,entity,FIMEI LED Lamp
---,,,,
B00800YE8G,brand_name,biOrb,entity,biOrb
https://www.amazon.com/dp/B00800YE8G,product_data,—,entity,biorb
biOrb,,,entity,BiOrb
,,,entity,Biorb
,,,entity,biOrb
,,,entity,biOrbz
,,,entity,biOrb LED
,,,entity,Deepwater Aquatics Distribution
---,,,,
B0DLGMBP1L,brand_name,AKASUKI,entity,AKASUKI
https://www.amazon.com/dp/B0DLGMBP1L,product_data,—,entity,akasuki
AKASUKI,,,entity,Akazuki
,,,entity,Akusaki
,,,entity,AKASUKI
,,,entity,Akasuki
,,,entity,Akasukii
,,,entity,AKASUKI
,,,entity,Akasukie
---,,,,
B09YV6FTXK,brand_name,MediAcous,entity,MediAcous
https://www.amazon.com/dp/B09YV6FTXK,product_data,—,entity,mediacous
MediAcous,,,entity,MediAcouss
,,,entity,MediAcousz
,,,entity,MediAcousx
,,,entity,MediAcous Light Therapy
,,,entity,MediAcous Lamp
---,,,,
B0FP1HPMV4,brand_name,Bakzon,entity,Bakzon
https://www.amazon.com/dp/B0FP1HPMV4,product_data,—,entity,bakzon
Bakzon,,,entity,Baxzon
,,,entity,Bakzonn
,,,entity,Bazon
,,,entity,Baxzon
,,,entity,Bakzon Light Therapy Lamp
---,,,,
B0C3VQQ8CL,brand_name,FIMEI,entity,FIMEI
https://www.amazon.com/dp/B0C3VQQ8CL,product_data,—,entity,fimei
FIMEI,,,entity,Fimey
,,,entity,Fime
,,,entity,FIMAI
,,,entity,FIMEI
,,,entity,FIMEI Modern
,,,entity,FIMEI Floor Lamp
---,,,,
B0BV6LQ7RF,brand_name,LASTAR,entity,LASTAR
https://www.amazon.com/dp/B0BV6LQ7RF,product_data,—,entity,lastar
LASTAR,,,entity,LasTar
,,,entity,LSTAR
,,,entity,LASTARs
,,,entity,LASTAR lamp
,,,entity,LASTAR sun lamp
---,,,,
B0D4D3B7T4,brand_name,FULSUNT,entity,FULSUNT
https://www.amazon.com/dp/B0D4D3B7T4,product_data,—,entity,fulsunt
FULSUNT,,,entity,Fulsunt
,,,entity,Fulsuntt
,,,entity,FULSUNTt
,,,entity,Fulsuntt
---,,,,
B09MV35LV1,brand_name,FOTEACA,entity,FOTEACA
https://www.amazon.com/dp/B09MV35LV1,product_data,—,entity,foteaca
FOTEACA,,,entity,Foteaca
,,,entity,Foteeaca
,,,entity,FOTEACAA
,,,entity,Luminara
---,,,,
B091GV9G5V,brand_name,Feit Electric,entity,Feit Electric
https://www.amazon.com/dp/B091GV9G5V,product_data,—,entity,feit electric
Feit Electric,,,entity,Feit Electrc
,,,entity,Feit Elctric
,,,entity,Feit Eectric
,,,entity,Feit Eelctric
,,,entity,Feit Electricc
,,,entity,PLF65
,,,entity,PLF65/65
,,,entity,CFL
---,,,,
B0CKYX9YPZ,brand_name,MAOYUE,entity,MAOYUE
https://www.amazon.com/dp/B0CKYX9YPZ,product_data,—,entity,maoyue
MAOYUE,,,entity,MAYOUE
,,,entity,MAOUE
,,,entity,MAOYUEE
,,,entity,MAOYU
,,,entity,MAOYUE 35W
,,,entity,GU10
---,,,,
B001VH4TCQ,brand_name,Zilla,entity,Zilla
https://www.amazon.com/dp/B001VH4TCQ,product_data,—,entity,zilla
Zilla,,,entity,Zila
,,,entity,Zillla
,,,entity,Zillaa
,,,entity,Zilla Incandescent Bulb
,,,entity,Zilla Reflector Domes
,,,entity,Zilla Day Blue
---,,,,
B000NBDTMC,brand_name,Dorcy,entity,Dorcy
https://www.amazon.com/dp/B000NBDTMC,product_data,—,entity,dorcy
Dorcy,,,entity,Dorcey
,,,entity,Dorcyy
,,,entity,Dorc
,,,entity,Dory
,,,entity,Dorcsy
,,,entity,Krypton
---,,,,
B081BSQ9GD,brand_name,Feit Electric,entity,Feit Electric
https://www.amazon.com/dp/B081BSQ9GD,product_data,—,entity,feit electric
Feit Electric,,,entity,Feit
,,,entity,Fait Electric
,,,entity,Feit Electrik
,,,entity,Feit Elettric
,,,entity,Feit Elettrik
,,,entity,Feit E
,,,entity,Feit E.
---,,,,
B07FZ43DGF,brand_name,Feit Electric,entity,Feit Electric
https://www.amazon.com/dp/B07FZ43DGF,product_data,—,entity,feit electric
Feit Electric,,,entity,Feit
,,,entity,FeitElectrik
,,,entity,FeitElectrik
,,,entity,Fait Electric
,,,entity,Feit Elettric
,,,entity,FEIT ELECTRIC
,,,entity,BPLVMR11
,,,entity,BPLVMR11/830CA
---,,,,
B07NDSPGPP,brand_name,Feit Electric,entity,Feit Electric
https://www.amazon.com/dp/B07NDSPGPP,product_data,—,entity,Feit
Feit Electric,,,entity,feit
,,,entity,Fait Electric
,,,entity,Feit Electrik
,,,entity,Feit Eelectrik
,,,entity,Feit Elettric
,,,entity,FEIT ELECTRIC CO
,,,entity,Feit Electric Co
,,,entity,Feit Electric Company
,,,entity,BP20G8
,,,entity,BP20G8/830/LED
---,,,,
B09HK5N8ZK,brand_name,Feit Electric,entity,Feit Electric
https://www.amazon.com/dp/B09HK5N8ZK,product_data,—,entity,feit electric
Feit Electric,,,entity,Feit
,,,entity,Fait Electric
,,,entity,Feit Electrik
,,,entity,Feit Elettric
,,,entity,Feit E
,,,entity,Feit Bulb
,,,entity,ST19
,,,entity,E26
,,,entity,Filament LED
,,,entity,LED Bulb
---,,,,
B000I17GIA,brand_name,Feit Electric,entity,Feit Electric
https://www.amazon.com/dp/B000I17GIA,product_data,—,entity,feit electric
Feit Electric,,,entity,Feit Electrik
,,,entity,FeitElectrik
,,,entity,FeitElektryk
,,,entity,FeitElektra
,,,entity,FeitElektrik
,,,entity,Feit Electric Inc.
,,,entity,Feit Electric Co.
---,,,,
B01BIBOSPC,brand_name,Zoo Med,entity,Zoo Med
https://www.amazon.com/dp/B01BIBOSPC,product_data,—,entity,zoo med
Zoo Med,,,entity,ZooMed
,,,entity,Zou Med
,,,entity,ZooMedd
,,,entity,Zoo Medd
,,,entity,Nocturnal
,,,entity,Infrared
---,,,,
B000QD365M,brand_name,Feit Electric,entity,Feit Electric
https://www.amazon.com/dp/B000QD365M,product_data,—,entity,feit electric
Feit Electric,,,entity,Feit
,,,entity,Fait Electric
,,,entity,Feit Electrik
,,,entity,Feit Eelectrik
,,,entity,Feit Elettric
,,,entity,Feit Elettrik
,,,entity,BPLV526
,,,entity,BPLV526/4
---,,,,
B0002DHIDW,brand_name,PONDMASTER,entity,Pondmaster
https://www.amazon.com/dp/B0002DHIDW,product_data,—,entity,pondmaster
PONDMASTER,,,entity,Pondmster
,,,entity,Pondmastr
,,,entity,Pondmster
,,,entity,Pondmastr
,,,entity,Danner
---,,,,
B07H4K9GXW,brand_name,GE,entity,GE
https://www.amazon.com/dp/B07H4K9GXW,product_data,—,entity,ge
GE,,,entity,G.E.
,,,entity,G E
,,,entity,Gee
,,,entity,GE Lighting
,,,entity,GE Store
---,,,,
B01B8AYTZ2,brand_name,Zilla,entity,Zilla
https://www.amazon.com/dp/B01B8AYTZ2,product_data,—,entity,zilla
Zilla,,,entity,Zila
,,,entity,Zillla
,,,entity,Zill
,,,entity,Zillaa
,,,entity,Mini Halogen
,,,entity,Halogen Bulb
---,,,,
B01I3D81VU,brand_name,Globe Electric,entity,Globe Electric
https://www.amazon.com/dp/B01I3D81VU,product_data,—,entity,globe electric
Globe Electric,,,entity,Globe Electrik
,,,entity,Globe Electrik
,,,entity,Globe Electrc
,,,entity,Globe Electrc
,,,entity,Globe Eectric
,,,entity,Globe Eectric
,,,entity,Globe Electric's
,,,entity,Crystalina
,,,entity,Crystalina Designer Light Bulb
,,,entity,G30
,,,entity,Edison
---,,,,
B004LOGFWS,brand_name,Zoo Med,entity,Zoo Med
https://www.amazon.com/dp/B004LOGFWS,product_data,—,entity,zoo med
Zoo Med,,,entity,ZooMead
,,,entity,Zou Med
,,,entity,ZooMedd
,,,entity,ZooMed
,,,entity,Zoo Med's
,,,entity,Highlights
---,,,,
B002CYSA4U,brand_name,Sylvania,entity,Sylvania
https://www.amazon.com/dp/B002CYSA4U,product_data,—,entity,sylvanya
Sylvania,,,entity,Sylvanya
,,,entity,Slyvania
,,,entity,Sylvani
,,,entity,Sylvaniaa
,,,entity,Ledvance
,,,entity,Ledvance LLC
---,,,,
B076DF1LWS,brand_name,GE,entity,GE
https://www.amazon.com/dp/B076DF1LWS,product_data,—,entity,ge
GE,,,entity,G.E.
,,,entity,G E
,,,entity,GE Lighting
,,,entity,G E Lighting
,,,entity,G.E. Lighting
,,,entity,G.E.
---,,,,
B000I18V7K,brand_name,Feit Electric,entity,Feit Electric
https://www.amazon.com/dp/B000I18V7K,product_data,—,entity,feit electric
Feit Electric,,,entity,Feit
,,,entity,Fait Electric
,,,entity,FeitElektric
,,,entity,FeitElectrik
,,,entity,FeitElektra
,,,entity,FeitElek
,,,entity,Feit E
,,,entity,Feit Electric BPQ100T4
,,,entity,Feit Electric JCD
,,,entity,Feit Electric Halogen
---,,,,
B0CZ6PXB24,brand_name,podoru,entity,podoru
https://www.amazon.com/dp/B0CZ6PXB24,product_data,—,entity,Podoru
podoru,,,entity,poodoru
,,,entity,podro
,,,entity,pudoru
,,,entity,podoru
,,,entity,padoru
,,,entity,podoru charger
,,,entity,podoru power bank
,,,entity,podoru magnetic charger
,,,entity,podoru magnetic power bank
,,,entity,"Shenzhen Zhilianxintong Electronics Co., Ltd"
---,,,,
B08TZW834X,brand_name,EWEMOSI,entity,EWEMOSI
https://www.amazon.com/dp/B08TZW834X,product_data,—,entity,ewemosi
EWEMOSI,,,entity,Ewemosi
,,,entity,Ewemosi
,,,entity,Ewemosee
,,,entity,Ewemose
,,,entity,Ewemosi Power Bank
---,,,,
B0F549PK7T,brand_name,NZKEEYZI,entity,NZKEEYZI
https://www.amazon.com/dp/B0F549PK7T,product_data,—,entity,nzkeeyzi
NZKEEYZI,,,entity,NzkEeyzi
,,,entity,NZKEEYZi
,,,entity,NZKEEYZZI
,,,entity,shenzhenshilanhankejiyouxiangongsi
---,,,,
B0C5XCD12S,brand_name,podoru,entity,podoru
https://www.amazon.com/dp/B0C5XCD12S,product_data,—,entity,podoru
podoru,,,entity,Podoru
,,,entity,pudoru
,,,entity,poodoru
,,,entity,padoru
,,,entity,podoru power bank
,,,entity,podoru magnetic power bank
,,,entity,"Shenzhen Zhilianxintong Electronics Co., Ltd"
---,,,,
B0CDM8Z91S,brand_name,podoru,entity,podoru
https://www.amazon.com/dp/B0CDM8Z91S,product_data,—,entity,Podoru
podoru,,,entity,pudoru
,,,entity,podro
,,,entity,pordou
,,,entity,podoru
,,,entity,Podoru Magnetic
,,,entity,Podoru Wireless
,,,entity,Podoru Power Bank
,,,entity,Podoru Charger
,,,entity,Podoru Portable Charger
,,,entity,Podoru Magnetic Charger
---,,,,
B0CHJ35LLW,brand_name,podoru,entity,podoru
https://www.amazon.com/dp/B0CHJ35LLW,product_data,—,entity,podoru
podoru,,,entity,pudoru
,,,entity,podro
,,,entity,podo
,,,entity,podoru
,,,entity,podoru
,,,entity,podoru
,,,entity,podoru
,,,entity,podoru
---,,,,
B09NQ1C9SS,brand_name,EWEMOSI,entity,EWEMOSI
https://www.amazon.com/dp/B09NQ1C9SS,product_data,—,entity,ewemosi
EWEMOSI,,,entity,Ewemosi
,,,entity,Ewemosi
,,,entity,Ewemosii
,,,entity,Ewemosee
---,,,,
B0CYBJBG88,brand_name,EWEMOSI,entity,EWEMOSI
https://www.amazon.com/dp/B0CYBJBG88,product_data,—,entity,ewemosi
EWEMOSI,,,entity,Ewemosi
,,,entity,Ewemosi
,,,entity,Ewemosee
,,,entity,Ewemosi Power Bank
,,,entity,Shenzhen Bayu Technology
---,,,,
B0CSS793QF,brand_name,podoru,entity,podoru
https://www.amazon.com/dp/B0CSS793QF,product_data,—,entity,Podoru
podoru,,,entity,pudoru
,,,entity,podro
,,,entity,pordou
,,,entity,podoru
,,,entity,Podoru Magnetic Power Bank
,,,entity,Shenzhen Zhilianxintong Electronics
---,,,,
B0CKSFM1TD,brand_name,EWEMOSI,entity,EWEMOSI
https://www.amazon.com/dp/B0CKSFM1TD,product_data,—,entity,ewemosi
EWEMOSI,,,entity,Ewemosi
,,,entity,Ewemosi
,,,entity,Ewemosee
,,,entity,Ewemosi Power Bank
,,,entity,Ewemosi Portable Charger
,,,entity,Ewemosi Laptop Charger
,,,entity,Shenzhen Bayu Technology
,,,entity,Shenzhen Bayu Tech
---,,,,
B0C6QDFWBG,brand_name,CNHL,entity,CNHL
https://www.amazon.com/dp/B0C6QDFWBG,product_data,—,entity,cnhl
CNHL,,,entity,CNLH
,,,entity,CNHLl
,,,entity,CNHLL
,,,entity,CNH
,,,entity,CHINAHOBBYLINE
,,,entity,CHINAHOBBYLINE CO
,,,entity,CHINAHOBBYLINE HONGKONG
,,,entity,CHINA HOBBY LINE
---,,,,
B0DBZC1FGM,brand_name,Tokeyla,entity,Tokeyla
https://www.amazon.com/dp/B0DBZC1FGM,product_data,—,entity,tokeyla
Tokeyla,,,entity,Tokeila
,,,entity,Tokeylaa
,,,entity,Tokeilaa
,,,entity,Tokeila
,,,entity,Tokeila
,,,entity,guang zhou xu ying ke ji you xian gong si
---,,,,
B00O28XYMM,brand_name,Maxell,entity,Maxell
https://www.amazon.com/dp/B00O28XYMM,product_data,—,entity,maxell
Maxell,,,entity,Maxel
,,,entity,Maksell
,,,entity,Maxel
,,,entity,Maxelll
,,,entity,Maxell AAA
,,,entity,Maxell Alkaline
---,,,,
B0DHGJM1J4,brand_name,Generic,entity,shen zhen an mei ya mao yi you xian gong si
https://www.amazon.com/dp/B0DHGJM1J4,product_data,—,,
Generic,,,,
---,,,,
B0792RRQJC,brand_name,CNHL,entity,CNHL
https://www.amazon.com/dp/B0792RRQJC,product_data,—,entity,cnhl
CNHL,,,entity,CNLH
,,,entity,CNH
,,,entity,CHINAHOBBYLINE
,,,entity,CHINA HOBBY LINE
,,,entity,MiniStar
,,,entity,Mini Star
,,,entity,MiniStar 450mAh
,,,entity,MiniStar 450mAh 70C
,,,entity,MiniStar 70C
---,,,,
B000IEKSDM,brand_name,ULTRALAST,entity,ULTRALAST
https://www.amazon.com/dp/B000IEKSDM,product_data,—,entity,ultralast
ULTRALAST,,,entity,Ultralast
,,,entity,Ultralst
,,,entity,ULTRALASTT
,,,entity,Ultralastt
---,,,,
B0BTYNGGDK,brand_name,CNHL,entity,CNHL
https://www.amazon.com/dp/B0BTYNGGDK,product_data,—,entity,CNLH
CNHL,,,entity,cnHL
,,,entity,CnhL
,,,entity,CNHLL
,,,entity,CHINAHOBBYLINE
,,,entity,CHINA HOBBY LINE
,,,entity,CHINA HOBBYLINE
,,,entity,CHINA HOBBY LINE CO. LIMITED
---,,,,
B08H7XMNXG,brand_name,CNHL,entity,CNHL
https://www.amazon.com/dp/B08H7XMNXG,product_data,—,entity,cnhl
CNHL,,,entity,CNLH
,,,entity,CNHLl
,,,entity,CNHLL
,,,entity,CNHL 4S
,,,entity,CHINAHOBBYLINE
---,,,,
B0D66J7PXK,brand_name,CNHL,entity,CNHL
https://www.amazon.com/dp/B0D66J7PXK,product_data,—,entity,CNLH
CNHL,,,entity,C-NHL
,,,entity,CNHLl
,,,entity,CNHLL
,,,entity,CHINAHOBBYLINE
,,,entity,Chinahobbyline
,,,entity,ChinahobbieLine
,,,entity,ChinahobbieLine
,,,entity,ChinahobbieLyn
,,,entity,ChinahobbieLynne
---,,,,
B0C2CQWJ7Y,brand_name,CNHL,entity,CNHL
https://www.amazon.com/dp/B0C2CQWJ7Y,product_data,—,entity,CNLH
CNHL,,,entity,CNHL
,,,entity,CNL
,,,entity,CNH
,,,entity,CHINAHOBBYLINE
,,,entity,CHINAHOBYLINE
,,,entity,CHINAHOBBYLINE CO
,,,entity,CHINA HOBBY LINE
,,,entity,CHINA HOBBYLINE
,,,entity,CHINA HOBYLINE
---,,,,
B08V8KNWPY,brand_name,CNHL,entity,CNHL
https://www.amazon.com/dp/B08V8KNWPY,product_data,—,entity,CNLH
CNHL,,,entity,C-NHL
,,,entity,CNHLl
,,,entity,CNHLL
,,,entity,CHINAHOBBYLINE
,,,entity,Chinahobbyline
,,,entity,Chinahobline
,,,entity,ChinahobbieLine
---,,,,
B09CTQ6H8S,brand_name,OVONIC,entity,OVONIC
https://www.amazon.com/dp/B09CTQ6H8S,product_data,—,entity,ovonic
OVONIC,,,entity,Ovonik
,,,entity,Ovonicc
,,,entity,OVONIK
,,,entity,OVONIC Mate 1
,,,entity,OVONIC X1
---,,,,
B0CY24LV7T,brand_name,CNHL,entity,CNHL
https://www.amazon.com/dp/B0CY24LV7T,product_data,—,entity,CNLH
CNHL,,,entity,C-NHL
,,,entity,CNHL3S
,,,entity,CNHL 3S
,,,entity,CNHL8200mAh
,,,entity,Chinahobbyline
,,,entity,Chinahobline
,,,entity,Chinahobline Co. Limited
---,,,,
B0BX2L1KJ8,brand_name,CNHL,entity,CNHL
https://www.amazon.com/dp/B0BX2L1KJ8,product_data,—,entity,cnhl
CNHL,,,entity,CNLH
,,,entity,CNHL
,,,entity,CNHL 4S
,,,entity,CNHL 2200mAh
,,,entity,CHINAHOBBYLINE
,,,entity,CHINAHOBBYLINE CO. LIMITED
,,,entity,CHINAHOBBYLINE HONGKONG
---,,,,
B0CN99FXKR,brand_name,CNHL,entity,CNHL
https://www.amazon.com/dp/B0CN99FXKR,product_data,—,entity,cnhl
CNHL,,,entity,CNLH
,,,entity,CNHLl
,,,entity,CNHLL
,,,entity,CNH
,,,entity,CHINAHOBBYLINE
,,,entity,CHINA HOBBY LINE
,,,entity,CHINA HOBBYLINE
---,,,,
B09MRY2QFN,brand_name,CNHL,entity,CNHL
https://www.amazon.com/dp/B09MRY2QFN,product_data,—,entity,CNLH
CNHL,,,entity,C-NHL
,,,entity,CNHLl
,,,entity,CNHL 6S
,,,entity,CHINAHOBBYLINE
,,,entity,Chinahobbyline
,,,entity,Chinahobline
,,,entity,Chinahobbie
,,,entity,Chinahob
---,,,,
B08ZNJFW88,brand_name,CNHL,entity,CNHL
https://www.amazon.com/dp/B08ZNJFW88,product_data,—,entity,CNLH
CNHL,,,entity,C-NHL
,,,entity,CNHLl
,,,entity,CNHLL
,,,entity,CHINAHOBBYLINE
,,,entity,CHINA HOBBY LINE
,,,entity,CNHL 2S
,,,entity,CNHL 1500mAh
---,,,,
